"code","quest","markerKey","index","objective","type","optional","stringName","english","czech","displayNodes","paths"
"M01","prepadeni","prepadeni","0","nasleduj_druzinu_pana_ptacka","Progress","False","prepadeni_nasleduj_pana_p_VQdv","Follow Sir Hans' company.","Následuj družinu pana Ptáčka.","1","hibernovana_cast.objectiveVisual6"
"M01","prepadeni","prepadeni","1","zjisti_od_ptacka_jaky_je_plan","caponPlan","False","prepadeni_zjisti_od_ptack_3seP","Find out from Sir Hans what the plan is.","Zjisti od Ptáčka, jaký je plán.","1","hibernovana_cast.tabor.objectiveVisual1"
"M01","prepadeni","prepadeni","2","zavolej_vorecha_k_noze","Progress","False","mq01__pre_calldog_lzXT","Call Mutt to heel.","Zavolej Vořecha k noze.","1","hibernovana_cast.tabor.kuchar_odhani_psa.objectiveVisual1"
"M01","prepadeni","prepadeni","3","sezen_pro_vorecha_neco_k_jidlu_a_nakrm_ho","FoodForDog","True","mq01__pre_sezen_od_kuchar_oCX8","Find something to eat for Mutt and feed him.","Sežeň pro Vořecha něco k jídlu a nakrm ho.","1","hibernovana_cast.tabor.volitelne_shaneni_jidla_pro_psa.objectiveVisual1"
"M01","prepadeni","prepadeni","4","vyhraj_nad_pivcem","ProgressFailable","True","mq01__pre_getring_B5CL","Get Oats' ring back from Tankard.","Získej od Pivce Vovsův prsten.","1","hibernovana_cast.tabor.volitelne_shaneni_jidla_pro_psa.objectiveVisual4"
"M01","prepadeni","prepadeni","5","vrat_prsten_vovsovi","ProgressFailable","True","prepadeni_vrat_prsten_vov_elKt","Return the ring to Oats.","Vrať prsten Vovsovi.","1","hibernovana_cast.tabor.volitelne_shaneni_jidla_pro_psa.objectiveVisual2"
"M01","prepadeni","prepadeni","6","vybav_se_zbroji_a_mecem_a_promluv_s_ptackem","EquipArmor","False","prepadeni_nasad_si_zbroj__xQPy","Get kitted out with armour and a sword and talk to Sir Hans.","Vybav se zbrojí a mečem a promluv s Ptáčkem.","1","hibernovana_cast.tabor.s_ptackem_o_treningu.objectiveVisual6"
"M01","prepadeni","prepadeni","7","vytas_mec","Progress","False","prepadeni_vytas_mec_Jxg7","Draw your sword.","Vytas meč.","1","hibernovana_cast.tabor.serm_s_ptackem.n0_vytas_zbran.objectiveVisual35"
"M01","prepadeni","prepadeni","8","zautoc","Progress","False","prepadeni_zautoc_na_ptacka_Vibk","Attack.","Zaútoč.","1","hibernovana_cast.tabor.serm_s_ptackem.utok.objectiveVisual5"
"M01","prepadeni","prepadeni","9","rekni_ptackovi_ze_muze_zautocit","Progress","False","prepadeni_pockej_az_ptace_0lwj","Tell Sir Hans he can attack.","Řekni Ptáčkovi, že může zaútočit.","0",""
"M01","prepadeni","prepadeni","10","zautoc_v_navazujici_rade_uderu","Progress","False","prepadeni_zautoc_na_ptack_TKGd","Attack using a chained sequence of strikes.","Zaútoč v navazující řadě úderů.","1","hibernovana_cast.tabor.serm_s_ptackem.chain_strike_1.objectiveVisual3"
"M01","prepadeni","prepadeni","11","blokuj_utoky","Progress","False","prepadeni_blokuj_ptackovi_1jzM","Block attacks.","Blokuj útoky.","1","hibernovana_cast.tabor.serm_s_ptackem.chain_strike_1_1.objectiveVisual3"
"M01","prepadeni","prepadeni","12","odraz_utok_perfektnim_blokem","ProgressFailable","False","prepadeni_odraz_ptackovi__GaXL","Parry an attack with a perfect block.","Odraz útok perfektním blokem.","1","hibernovana_cast.tabor.serm_s_ptackem.chain_strike_1_1_1.objectiveVisual3"
"M01","prepadeni","prepadeni","13","odraz_utok_perfektnim_blokem_a_navaz_ripostou","ProgressFailable","False","prepadeni_odraz_ptackovi__ERtJ","Parry an attack with a perfect block and follow up with a riposte.","Odraz útok perfektním blokem a navaž ripostou.","1","hibernovana_cast.tabor.serm_s_ptackem.chain_strike_1_1_1_2.objectiveVisual4"
"M01","prepadeni","prepadeni","14","zasahni_odkrytou_stranu","Progress","False","prepadeni_zasahni_ptacka__MJLm","Hit his unprotected side.","Zasáhni odkrytou stranu.","1","hibernovana_cast.tabor.serm_s_ptackem.chain_strike_1_1_1_1.objectiveVisual3"
"M01","prepadeni","prepadeni","15","poraz_ptacka_v_duelu","Challenge","False","prepadeni_poraz_ptacka_v__250x","Defeat Sir Hans in a duel!","Poraž Ptáčka v duelu!","1","hibernovana_cast.tabor.serm_s_ptackem.duel_ptacek_vs_jindrich.objectiveVisual28"
"M01","prepadeni","prepadeni","16","eatWithOthers","Progress","False","mq01__pre_eatwithothers_G1kB","Sit down by the fire.","Posaď se k ohni.","1","hibernovana_cast.tabor.combat_s_ptackem_1_1.objectiveVisual2"
"M01","prepadeni","prepadeni","17","crouch","ProgressFailable","False","mq01__pre_crouch_GayI","Crouch down in the reeds.","Přikrč se v rákosí.","1","hibernovana_cast.smirovani.hrac_a_ptacek_se_krci.objectiveVisual8"
"M01","prepadeni","prepadeni","18","opatrne_nasleduj_ptacka_po_brehu","FollowCapon","False","prepadeni_opatrne_nasledu_SjxO","Cautiously follow Sir Hans along the bank.","Opatrně následuj Ptáčka po břehu.","1","hibernovana_cast.smirovani.objectiveVisual3"
"M01","prepadeni","prepadeni","19","odlakej_pradlenu_hozenim_kaminku","StoneThrowing","False","prepadeni_hod_do_vody_kam_cn1i","Throw a stone to distract the girl's attention.","Odlákej pradlenu hozením kamínku.","1","hibernovana_cast.smirovani.cesta_rakosim_1.objectiveVisual2"
"M01","prepadeni","prepadeni","20","dostan_se_s_ptackem_pryc","ProgressAbortable","False","prepadeni_nasleduj_ptacka_ZyXB","Get away with Sir Hans.","Dostaň se s Ptáčkem pryč.","1","hibernovana_cast.honicka_ve_skalach.utek.ptackuv_pohyb_koridorem.objectivy.objectiveVisual2"
"M01","prepadeni","prepadeni","21","prozkoumej_vstup_do_skal","Prepadeni_findPathInRocks","False","prepadeni_prozkoujem_vstu_4qDy","Explore the entry point into the rocks. ","Prozkoumej vstup do skal.","1","hibernovana_cast.honicka_ve_skalach.utek.ptackuv_pohyb_koridorem.objectivy.objectiveVisual73"
"M01","prepadeni","prepadeni","22","prezij","Progress","False","prepadeni_prezij_1wJE","Survive!","Přežij!","1","hibernovana_cast.honicka_ve_skalach.utek.souboj_s_lapkou_na_kraji_utesu.objectiveVisual12"
"M01","prepadeni","prepadeni","23","vrat_se_za_ptackem","Prepadeni_backToPtacek","False","prepadeni_vrat_se_za_ptac_Se33","Go back to Sir Hans.","Vrať se za Ptáčkem.","1","hibernovana_cast.honicka_ve_skalach.utek.jindrich_v_bludisti.objectiveVisual55"
"M01","prepadeni","prepadeni","24","najdi_ptacka","Progress","False","prepadeni_najdi_ptacka_NiXE","Find Sir Hans.","Najdi Ptáčka.","1","hibernovana_cast.honicka_ve_skalach.utek.jindrich_v_bludisti.objectiveVisual78"
"M01","prepadeni","prepadeni","25","utikej_s_ptackem","ProgressAbortable","False","prepadeni_utikej_s_ptackem_Vlx1","Flee with Sir Hans.","Utíkej s Ptáčkem.","1","hibernovana_cast.honicka_ve_skalach.utek.jindrich_v_bludisti.objectiveVisual82"
"M01","prepadeni","prepadeni","26","pocet_zasahu_jindra","Prepadeni_hitCounts","False","prepadeni_pocet_zasahu_ji_U8Zx","Number of hits: Henry","Počet zásahů: Jindra","0",""
"M01","prepadeni","prepadeni","27","pocet_zasahu_ptacek","Prepadeni_hitCounts","False","prepadeni_pocet_zasahu_pt_GxzY","Number of hits: Sir Hans","Počet zásahů: Ptáček","0",""
"M02","zachrana","zachrana","0","zastav_krvaceni_","ProgressAbortable","False","zachrana_zastav_krvaceni__tHDn","Stop the bleeding.","Zastav krvácení. ","1","hibernace.leceni_ptacka__druhy_den.druhy_den__rano.objective_obvaz_se.objectiveVisual1371202"
"M02","zachrana","zachrana","1","najez_se","ProgressAbortable","False","zachrana_najez_se_HsJE","Eat.","Najez se.","1","hibernace.leceni_ptacka__druhy_den.druhy_den__rano.objective_najez_se.objectiveVisual13712147"
"M02","zachrana","zachrana","2","oplachni_se_u_kade","ProgressAbortable","False","zachrana_oplachni_se_u_ka_iaRb","Splash water on yourself at the tub.","Opláchni se u kádě.","1","hibernace.leceni_ptacka__druhy_den.druhy_den__rano.objective_umyj_se.objectiveVisual13712151"
"M02","zachrana","zachrana","3","ukaz_se_bozene","ProgressAbortable","False","zachrana_ukaz_se_bozene_yggm","Show yourself to Bozhena.","Ukaž se Boženě.","1","hibernace.leceni_ptacka__druhy_den.druhy_den__rano.objective_ukaz_se_bozene.objectiveVisual13712153"
"M02","zachrana","zachrana","4","marigoldGathered_visual","gatherHerbs","False","zachrana_marigoldgathered_8uZL","Pick chamomile.","Nasbírej heřmánek.","1","hibernace.leceni_ptacka__druhy_den.hledani_bylin.objectiveVisual1371205"
"M02","zachrana","zachrana","5","nettleGathered_visual","gatherHerbs","False","zachrana_nettlegathered_v_lvac","Pick sage.","Nasbírej šalvěj.","1","hibernace.leceni_ptacka__druhy_den.hledani_bylin.objectiveVisual1371204"
"M02","zachrana","zachrana","6","zakopej_mrtveho_chlapa","PohrbivaniZachrana","True","zachrana_pohrbi_mrtveho_c_lnxf","Bury the dead man.","Zakopej mrtvého chlapa.","0",""
"M02","zachrana","zachrana","7","herbTracker_visual","ProgressAbortable","False","zachrana_herbtracker_visu_ScJ5","Fetch herbs for Bozhena.","Dones byliny Boženě.","1","hibernace.leceni_ptacka__druhy_den.hledani_bylin.objectiveVisual13712161"
"M02","zachrana","zachrana","8","findOutWhatIsHappening_visual","ProgressAbortable","False","zachrana_findoutwhatishap_nyXR","Find out what's happening at Bozhena's.","Zjisti, co se děje u Boženy.","1","hibernace.leceni_ptacka__druhy_den.surprise_combat.objective__zjisti_co_se_deje.objectiveVisual1371232"
"M02","zachrana","zachrana","9","ozbroj","findWeapon","True","zachrana_priprav_si_zbran_ab90","Get hold of a weapon!","Obstarej si zbraň!","1","hibernace.leceni_ptacka__druhy_den.surprise_combat.hledani_zbrane_u_prepadeni.najdi_zbran"
"M02","zachrana","zachrana","10","ozbroj_se","findWeapon","True","zachrana_ozbroj_se_yFgN","Arm yourself!","Ozbroj se!","1","hibernace.leceni_ptacka__druhy_den.surprise_combat.hledani_zbrane_u_prepadeni.ozbroj_se"
"M02","zachrana","zachrana","11","handleSeekers_visual","dealWithSeekers","False","zachrana_handleseekers_vi_SnqW","Repel the men who've come!","Odraž příchozí chlapy!","1","hibernace.leceni_ptacka__druhy_den.surprise_combat.objective__vyres_hledace.objectiveVisual36825"
"M02","zachrana","zachrana","12","makeHealingPotion_visual","ProgressAbortable","False","zachrana_makehealingpotio_T9qF","Brew a healing potion.","Uvař léčivý odvar.","1","hibernace.leceni_ptacka__druhy_den.alchemy_tutorial.objectiveVisual1516dd"
"M02","zachrana","zachrana","13","giveHealingPotionToHag_visual","Progress","False","zachrana_givehealingpotio_ylvH","Give Bozhena the potion.","Předej odvar Boženě.","0",""
"M02","zachrana","zachrana","14","goToSleep_visual","Progress","False","zachrana_gotosleep_visual_Hg4K","Sleep until morning.","Prospi se do rána.","1","hibernace.leceni_ptacka__druhy_den.alchemy_tutorial.hrac_jde_spat.objectiveVisual1520"
"M02","zachrana","zachrana","15","sitDown_visual","Progress","False","zachrana_sitdown_visual_Dtkv","Join the others for breakfast.","Připoj se k ostatním na snídani.","1","hibernace.treti_den.objectiveVisual1023"
"M02","zachrana","zachrana","16","leaveArea_visual","Progress","False","zachrana_leavearea_visual_zxT3","Talk to Capon about leaving for Trosky.","Promluv s Ptáčkem o odchodu na Trosky.","1","hibernace.treti_den.objectiveVisual1024"
"M02","zachrana","zachrana","17","zakopej_hrdloreza_mikese","PohrbivaniZachrana","True","zachrana_pohrbi_mrtveho_u_rqtf","Bury Mikesh the cut-throat.","Zakopej hrdlořeza Mikeše.","0",""
"M02","zachrana","zachrana","18","zakopej_lotra_kozlika","PohrbivaniZachrana","True","zachrana_pohrbi_mrtve_uto_rCdW","Bury the ruffian Kozliek.","Zakopej lotra Kozlíka.","0",""
"M02","zachrana","zachrana","19","podivej_se_do_knihy","Progress","False","zachrana_podivej_se_do_kn_syrY","Look in the book.","Podívej se do knihy.","1","hibernace.leceni_ptacka__druhy_den.alchemy_tutorial.alchemy_tutorial.zacatek__prechod_ke_knize.objectiveVisual4"
"M02","zachrana","zachrana","20","precti_si_recept_a_pak_se_vrat_ke_stolu","Progress","False","zachrana_precti_si_recept_i8mR","Read the recipe and return to the bench.","Přečti si recept a pak se vrať ke stolu.","1","hibernace.leceni_ptacka__druhy_den.alchemy_tutorial.alchemy_tutorial.zacatek__cteni_knihy.objectiveVisual4"
"M02","zachrana","zachrana","21","nalij_spravny_zaklad_do_kotliku","Progress","False","zachrana_nalij_spravny_za_aJzV","Pour the correct base into the cauldron.","Nalij správný základ do kotlíku.","1","hibernace.leceni_ptacka__druhy_den.alchemy_tutorial.alchemy_tutorial.naliti_zakladu.objectiveVisual6"
"M02","zachrana","zachrana","22","posun_kotlik_dolu","Progress","False","zachrana_posun_kotlik_dolu_qWBd","Move the cauldron down.","Posuň kotlík dolů.","1","hibernace.leceni_ptacka__druhy_den.alchemy_tutorial.alchemy_tutorial.posunuti_kotliku.objectiveVisual8"
"M02","zachrana","zachrana","23","dostan_koltik_do_varu","Progress","False","zachrana_dostan_koltik_do_tx6r","Let the cauldron boil.","Dostaň koltík do varu.","1","hibernace.leceni_ptacka__druhy_den.alchemy_tutorial.alchemy_tutorial.vreni_kotliku.objectiveVisual10"
"M02","zachrana","zachrana","24","posun_kotlik_nahoru","Progress","False","zachrana_posun_kotlik_nah_XP1o","Move the cauldron up.","Posuň kotlík nahoru.","1","hibernace.leceni_ptacka__druhy_den.alchemy_tutorial.alchemy_tutorial.posunuti_kotliku_nahoru.objectiveVisual12"
"M02","zachrana","zachrana","25","otevri_inventar","Progress","False","zachrana_otevri_inventar_2LQF","Open your inventory.","Otevři inventář.","1","hibernace.leceni_ptacka__druhy_den.alchemy_tutorial.alchemy_tutorial.otevreni_inventare.objectiveVisual14"
"M02","zachrana","zachrana","26","nachystej_si_bylinky","Progress","False","zachrana_nachystej_si_byl_rOJ4","Prepare the herbs.","Nachystej si bylinky.","1","hibernace.leceni_ptacka__druhy_den.alchemy_tutorial.alchemy_tutorial.nachystani_bylinek.objectiveVisual14"
"M02","zachrana","zachrana","27","vhod_2_hrsti_hermanku_do_kotliku","Progress","False","zachrana_vhod_2_hrsti_her_pDFx","Toss in two handfuls of chamomile.","Vhoď 2 hrsti heřmánku do kotlíku.","1","hibernace.leceni_ptacka__druhy_den.alchemy_tutorial.alchemy_tutorial.n2_hrsti_hermanku.objectiveVisual16"
"M02","zachrana","zachrana","28","otoc_hodiny","Progress","False","zachrana_otoc_hodiny_xhNI","Turn the sandglass over.","Otoč hodiny.","1","hibernace.leceni_ptacka__druhy_den.alchemy_tutorial.alchemy_tutorial.otoceni_hodin.objectiveVisual18"
"M02","zachrana","zachrana","29","povar_hermanek_1_otocku","Progress","False","zachrana_povar_hermanek_1_hEwt","Brew the chamomile for one turn of the sandglass.","Povař heřmánek 1 otočku.","1","hibernace.leceni_ptacka__druhy_den.alchemy_tutorial.alchemy_tutorial.povareni_he_jednu_otocku.objectiveVisual19"
"M02","zachrana","zachrana","30","posu","Progress","False","zachrana_posu_nXCc","Move the cauldron up.","Posuň kotlík nahoru.","1","hibernace.leceni_ptacka__druhy_den.alchemy_tutorial.alchemy_tutorial.sundej_kotlik_z_ohne.objectiveVisual21"
"M02","zachrana","zachrana","31","podrt_hrst_salveje","Progress","False","zachrana_podrt_hrst_salve_SF4t","Grind a handful of sage.","Podrť hrst šalvěje.","1","hibernace.leceni_ptacka__druhy_den.alchemy_tutorial.alchemy_tutorial.podrceni_salveje.objectiveVisual23"
"M02","zachrana","zachrana","32","vhod_podrcenou_salvej_do_kotliku","Progress","False","zachrana_vhod_podrcenou_s_Lspa","Toss the ground sage into the cauldron.","Vhoď podrcenou šalvej do kotlíku.","1","hibernace.leceni_ptacka__druhy_den.alchemy_tutorial.alchemy_tutorial.vhozeni_salveje_do_kotliku_.objectiveVisual26"
"M02","zachrana","zachrana","33","slij_lektvar","Progress","False","zachrana_slij_lektvar_aKsb","Pour out the remedy.","Slij lektvar.","1","hibernace.leceni_ptacka__druhy_den.alchemy_tutorial.alchemy_tutorial.dokonceni_lektvau.objectiveVisual28"
"M02","zachrana","zachrana","34","seber_ryc","ProgressAbortable","True","zachrana_seber_ryc_XJWH","Take the spade.","Seber rýč.","1","hibernace.leceni_ptacka__druhy_den.uklizeni_mrtvolek.zvedniRyc"
"M02","zachrana","zachrana","35","zvedni_mrtolu","ProgressAbortable","True","zachrana_zvedni_mrvtolu_HhgY","Pick up the corpse.","Zvedni mrtvolu.","1","hibernace.leceni_ptacka__druhy_den.uklizeni_mrtvolek.pohrbivani.zvedniMrtvolu"
"M02","zachrana","zachrana","36","dones_mrtvolu_k_potoku","ProgressAbortable","True","zachrana_dones_mrtvolu_k__HHrQ","Carry the corpse to the stream.","Dones mrtvolu k potoku.","1","hibernace.leceni_ptacka__druhy_den.uklizeni_mrtvolek.pohrbivani.objectiveVisual152024591"
"M02","zachrana","zachrana","37","vykopej_hrob","ProgressAbortable","True","zachrana_vykopej_hrob_Oox0","Dig a grave.","Vykopej hrob.","1","hibernace.leceni_ptacka__druhy_den.uklizeni_mrtvolek.pohrbivani.objectiveVisual152024592"
"M02","zachrana","zachrana","38","poloz_mrtvolu_do_blizkosti_hrobu","ProgressAbortable","True","zachrana_poloz_mrtvolu_do_Rp0P","Put the corpse in the grave.","Polož mrtvolu do blízkosti hrobu.","1","hibernace.leceni_ptacka__druhy_den.uklizeni_mrtvolek.pohrbivani.objectiveVisual152024590"
"M02","zachrana","zachrana","39","zakopej_mrtvolu","ProgressAbortable","True","zachrana_zakopej_mrtvolu_6ff6","Cover the corpse with earth.","Zakopej mrtvolu.","1","hibernace.leceni_ptacka__druhy_den.uklizeni_mrtvolek.pohrbivani.objectiveVisual152024595"
"M02","zachrana","zachrana","40","zvedni_mikese","ProgressAbortable","True","zachrana_zvedni_mikese_fmpC","Pick up Mikesh.","Zvedni Mikeše.","1","hibernace.leceni_ptacka__druhy_den.uklizeni_mrtvolek.pohrbivani.objectiveVisual5"
"M02","zachrana","zachrana","41","dones_mikese_k_potoku","ProgressAbortable","True","zachrana_dones_mikese_k_p_SszT","Carry Mikesh to the stream.","Dones Mikeše k potoku.","1","hibernace.leceni_ptacka__druhy_den.uklizeni_mrtvolek.pohrbivani.objectiveVisual7"
"M02","zachrana","zachrana","42","vykopej_hrob_mikes","ProgressAbortable","True","zachrana_vykopej_hrob_mik_G4OV","Dig a grave.","Vykopej hrob.","1","hibernace.leceni_ptacka__druhy_den.uklizeni_mrtvolek.pohrbivani.objectiveVisual11"
"M02","zachrana","zachrana","43","zakopej_mikese","ProgressAbortable","True","zachrana_zakopej_mikese__6QtU","Cover Mikesh with earth.","Zakopej Mikeše.","1","hibernace.leceni_ptacka__druhy_den.uklizeni_mrtvolek.pohrbivani.objectiveVisual13"
"M02","zachrana","zachrana","44","dones_kozlika_k_potoku","ProgressAbortable","True","zachrana_dones_kozlika_k__shzM","Carry Kozliek to the stream.","Dones Kozlíka k potoku.","1","hibernace.leceni_ptacka__druhy_den.uklizeni_mrtvolek.pohrbivani.objectiveVisual8"
"M02","zachrana","zachrana","45","zvedni_kozlika","ProgressAbortable","True","zachrana_zvedni_kozlika_zWll","Pick up Kozliek.","Zvedni Kozlíka.","1","hibernace.leceni_ptacka__druhy_den.uklizeni_mrtvolek.pohrbivani.objectiveVisual6"
"M02","zachrana","zachrana","46","vykopej_hrob_kozlik","ProgressAbortable","True","zachrana_vykopej_hrob_koz_FrT6","Dig a grave.","Vykopej hrob.","1","hibernace.leceni_ptacka__druhy_den.uklizeni_mrtvolek.pohrbivani.objectiveVisual12"
"M02","zachrana","zachrana","47","zakopej_kozlika","ProgressAbortable","True","zachrana_zakopej_kozlika__lJRT","Cover Kozliek with earth.","Zakopej Kozlíka.","1","hibernace.leceni_ptacka__druhy_den.uklizeni_mrtvolek.pohrbivani.objectiveVisual14"
"M02","zachrana","zachrana","48","poloz_kozlika_do_blizkosti_hrobu","ProgressAbortable","True","zachrana_poloz_kozlika_do_siwO","Put Kozliek down near the grave.","Polož Kozlíka do blízkosti hrobu.","1","hibernace.leceni_ptacka__druhy_den.uklizeni_mrtvolek.pohrbivani.objectiveVisual10"
"M02","zachrana","zachrana","49","poloz_mikese_do_blizkosti_hrobu","ProgressAbortable","True","zachrana_poloz_mikese_do__MGnC","Put Mikesh down near to the grave.","Polož Mikeše do blízkosti hrobu.","1","hibernace.leceni_ptacka__druhy_den.uklizeni_mrtvolek.pohrbivani.objectiveVisual9"
"M02","zachrana","zachrana","50","zkontroluj_bozenu","Progress","False","zachrana_promluv_si_s_boz_c97j","Check on Bozhena.","Zkontroluj Boženu.","1","hibernace.leceni_ptacka__druhy_den.alchemy_tutorial.objectiveVisual152024569"
"M02","zachrana","zachrana","51","log","ExtraLog","False","zachrana_log_6DiG","Log","Log","1","hibernace.leceni_ptacka__druhy_den.surprise_combat.objective__vyres_hledace.objectiveVisual1371236"
"M03","socky","socky","0","zjisti_jak_se_dostat_k_bergovovi","Progress","False","socky_zjisti_jak_se_dosta_DM3k","Find out how to get to von Bergow.","Zjisti, jak se dostat k Bergovovi.","1","hibernable.v_hospode.objectiveVisual36"
"M03","socky","socky","1","umyj_se_u_kade","Progress","False","socky_umyj_se_u_kade_nwAq","Wash at the trough.","Umyj se u kádě.","1","hibernable.v_hospode.s_katerinou.dialogy_a_chovani.umyj_se.objectiveVisual5"
"M03","socky","socky","2","promluv_si_s_zenou_od_rybnika","Progress","False","socky_promluv_si_s_zenou__zNZc","Talk to the woman from the pond.","Promluv si s ženou od rybníka.","1","hibernable.v_hospode.s_katerinou.objectiveVisual6"
"M03","socky","socky","3","zjisti_vic_o_seminove_svatbe","Progress","True","socky_zjisti_vic_o_semino_9kOO","Find out more about the Semine wedding.","Zjisti víc o Semínově svatbě.","1","hibernable.v_hospode.objectiveVisual40"
"M03","socky","socky","4","rekni_ptackovi_o_praci","Progress","False","socky_rekni_ptackovi_o_pr_ebpz","Tell Capon about getting work.","Řekni Ptáčkovi o práci.","1","hibernable.v_hospode.objectiveVisual38"
"M03","socky","socky","5","nos_pytle_05","SackCarrying","False","socky_nos_pytle__05_cQkk","Carry the sacks to the pantry.","Odnos pytle do spíže.","1","hibernable.v_hospode.pytle_a_hadka.objectiveVisual43"
"M03","socky","socky","6","vrat_se_za_ptackem","Progress","False","socky_vrat_se_za_ptackem_tMUM","Go back to Capon.","Vrať se za Ptáčkem.","1","hibernable.v_hospode.pytle_a_hadka.objectiveVisual15"
"M03","socky","socky","7","bran_ptacka","Progress","False","socky_bran_ptacka_gpyl","Defend Capon!","Braň Ptáčka!","1","hibernable.v_hospode.hospodska_bitka.objectiveVisual2"
"M05","svatba","svatba","0","najdi_cestu_na_svatbu","FindWayToWedding","False","svatba_najdi_cestu_na_sva_rqnV","Find a way to get into the wedding party.","Najdi cestu na svatbu","1","pred_svatbou.objectiveVisual17"
"M05","svatba","svatba","1","dostan_se_na_svatbu_za_pomoci_kovare","BlacksmithLine","True","svatba_dostan_se_na_svatb_ifDu","Get into the wedding party with the help of the blacksmith Radovan.","Dostaň se na svatbu za pomoci kováře Radovana.","1","pred_svatbou.objectiveVisual3"
"M05","svatba","svatba","2","dostan_se_na_svatbu_za_pomoci_mlynare","MillerLine","True","svatba_dostan_se_na_svatb_LqJ2","Gain access to the wedding party with the help of the miller Kreyzl.","Dostaň se na svatbu za pomoci mlynáře Krejzla.","1","pred_svatbou.objectiveVisual4"
"M05","svatba","svatba","3","pockej_na_bergova","WaitForBergov","False","svatba_pockej_na_bergova_6p25","Wait for von Bergow.","Počkej na Bergova.","1","hibernovana_cast.faze__objectiv_a_logy.objectiveVisual6"
"M05","svatba","svatba","4","promluv_si_s_rychtarovym_synem","ProgressAbortable","False","svatba_promluv_si_s_rycht_YsXs","Talk to Svatya.","Promluv si s Sváťou.","1","hibernovana_cast.baleni_holky.zadani_s_rychtarovym_synem.objectiveVisual7"
"M05","svatba","svatba","5","sbal_holku","HitOnTheGirl","False","svatba_sbal_holku_0Dtr","Chat up Myshka.","Sbal Myšku.","1","hibernovana_cast.baleni_holky.oslnovani_kucharciny_dcery.objectiveVisual8"
"M05","svatba","svatba","6","poraz_urazeneho_protivnika","WinFight","False","svatba_poraz_urazeneho_pr_3Qwm","Defeat Vuytek.","Poraž Vůtjka.","1","hibernovana_cast.baleni_holky.souboj_o_mysku.objectiveVisual9"
"M05","svatba","svatba","7","promluv_si_s_myskou_o_samote","SpeakWithTheGirl","False","svatba_promluv_si_s_divko_VFTY","Talk to Myshka in private.","Promluv si s Myškou o samotě.","1","hibernovana_cast.baleni_holky.s_myskou_o_samote.objectiveVisual10"
"M05","svatba","svatba","8","promluv_si_s_rychtarovym_synem_znovu","ProgressAbortable","False","svatba_promluv_si_s_rycht_JOKh","Return to Svatya.","Vrať se za Sváťou.","1","hibernovana_cast.baleni_holky.zaver.objectiveVisual11"
"M05","svatba","svatba","9","promluv_si_s_panem_seminem","ProgressAbortable","False","svatba_promluv_si_s_panem_n3Ie","Talk to Lord Semine.","Promluv si s panem Semínem.","1","hibernovana_cast.se_starym_seminem.objectiveVisual2"
"M05","svatba","svatba","10","promluv_si_s_moravaky","SpeakWithMoravians","False","svatba_promluv_si_s_morav_ufob","Talk to the Moravians.","Promluv si s Moraváky.","1","hibernovana_cast.moravaci_a_chlast.zadani_s_moravaky.objectiveVisual5"
"M05","svatba","svatba","11","sezen_piti_pro_moravaky","GetTheBooze","False","svatba_sezen_piti_pro_mor_5gRH","Get drinks for the Moravians.","Sežeň pití pro Moraváky.","1","hibernovana_cast.moravaci_a_chlast.shaneni_chlastu.objectiveVisual14"
"M05","svatba","svatba","12","promluv_si_se_straznym_u_brany","SpeakWithGuardAtGate","False","svatba_promluv_si_se_stra_y2LN","Talk to the guard at the gate.","Promluv si se strážným u brány.","1","hibernovana_cast.chudina.zadani_se_straznym.objectiveVisual6"
"M05","svatba","svatba","13","sezen_jidlo_pro_chude","GetFoodForPoor","False","svatba_sezen_jidlo_pro_ch_r8Qv","Get some food for the poor.","Sežen jídlo pro chudé.","1","hibernovana_cast.chudina.shaneni_jidla.objectiveVisual6"
"M05","svatba","svatba","14","posbirej_jidlo_ze_stolu","WeddingFood","True","svatba_posbirej_jildo_ze__4rSe","Collect food at the wedding.","Posbírej jídlo na svatbě.","1","hibernovana_cast.chudina.shaneni_jidla.objectiveVisual3"
"M05","svatba","svatba","15","najdi_mec_pro_seminova_syna","LostSword","False","svatba_najdi_mec_pro_semi_5Ztk","Find the sword for Lord Semine's son.","Najdi meč pro Semínova syna.","1","hibernovana_cast.ztraceny_mec_a_konkubina.ztraceny_mec.objectiveVisual6"
"M05","svatba","svatba","16","dones_mec_kovari","ProgressAbortable","False","svatba_dones_mec_kovari_27hq","Bring the sword to the blacksmith Radovan.","Dones meč kováři Radovanovi.","1","hibernovana_cast.ztraceny_mec_a_konkubina.ztraceny_mec.objectiveVisual9"
"M05","svatba","svatba","17","najdi_konkubinu","LostConcubine","False","svatba_najdi_konkubinu_JXD3","Find the concubine.","Najdi konkubínu.","1","hibernovana_cast.ztraceny_mec_a_konkubina.ztracena_konkubina.objectiveVisual3"
"M05","svatba","svatba","18","vrat_se_za_komorim","ProgressAbortable","False","svatba_vrat_se_za_komorim_I4Ot","Return to the Chamberlain.","Vrať se za komořím.","1","hibernovana_cast.ztraceny_mec_a_konkubina.ztracena_konkubina.objectiveVisual4"
"M05","svatba","svatba","19","poblahoprej_novomanzelum","AfterCeremony","False","svatba_poblahoprej_novoma_qgXm","Congratulate the newlyweds.","Poblahopřej novomanželům.","1","hibernovana_cast.blahoprani.objectiveVisual4"
"M05","svatba","svatba","20","bran_se","Brawl","False","svatba_bran_se_Pk1m","Defend yourself.","Braň se.","1","hibernovana_cast.rvacka.objectiveVisual4"
"M05","svatba","svatba","21","promluv_si_s_hajnym","SpeakWithHuntsman","True","svatba_promluv_si_s_hajnym_P4al","Talk to Gamekeeper Vostatek.","Promluv si s hajným Vostatkem.","1","hibernovana_cast.ztraceny_lovci.zadani_s_hajnym.objectiveVisual17"
"M05","svatba","svatba","22","pohlidej_hajneho_aby_se_neopil","GuardHuntsman","True","svatba_pohlidej_hajneho_a_ZvUo","Keep Gamekeeper Vostatek from getting drunk.","Pohlídej hajného Vostatka, aby se neopil.","1","hibernovana_cast.ztraceny_lovci.hlidani_hajneho.objectiveVisual2"
"M05","svatba","svatba","23","najdi_hajneho","FindHuntsman","True","svatba_najdi_hajneho_h41h","Find Gamekeeper Vostatek.","Najdi hajného Vostatka.","1","hibernovana_cast.ztraceny_lovci.opily_hajny.objectiveVisual2"
"M05","svatba","svatba","24","pomoz_hajnemu_na_nohy","HelpDrunkenHuntsmanToSober","True","svatba_pomoz_hajnemu_na_n_xLig","Help Gamekeeper Vostatek to his feet.","Pomoz hajnému Vostatkovi na nohy.","1","hibernovana_cast.ztraceny_lovci.opily_hajny.objectiveVisual9"
"M05","svatba","svatba","25","promluv_si_s_hajneho_zenou","ProgressFailableAbortable","True","svatba_promluv_si_s_hajne_hutF","Talk to the gamekeeper's wife Zlatka.","Promluv si s hajného Zlatkou.","1","hibernovana_cast.ztraceny_lovci.opily_hajny.objectiveVisual47"
"M05","svatba","svatba","26","vyzvi_mladeho_semina_na_souboj","FriendlyDuelAtWedding","True","svatba_vyzvi_mladeho_semi_X4PK","Challenge young Lord Semine to a duel.","Vyzvi mladého Semína na souboj.","1","hibernovana_cast.sermirsky_turnaj.jindrichovy_duely.prvni_duel.objectiveVisual1"
"M05","svatba","svatba","27","vyzvi_hejtmana_suka_na_souboj","FriendlyDuelAtWedding","True","svatba_vyzvi_hejtmana_suk_TLOn","Challenge Captain Gnarly to a duel.","Vyzvi hejtmana Suka na souboj.","1","hibernovana_cast.sermirsky_turnaj.jindrichovy_duely.prvni_duel.objectiveVisual5"
"M05","svatba","svatba","28","vyzvi_rychtarova_syna_na_souboj","FriendlyDuelAtWedding","True","svatba_vyzvi_rychtarova_s_4qG1","Challenge Svatya to a duel.","Vyzvi Sváťu na souboj.","1","hibernovana_cast.sermirsky_turnaj.jindrichovy_duely.druhy_duel.objectiveVisual2"
"M05","svatba","svatba","29","vyzvi_pana_semina_na_souboj","FriendlyDuelAtWedding","True","svatba_vyzvi_pana_semina__JVvg","Challenge Lord Semine to a duel.","Vyzvi pana Semína na souboj.","1","hibernovana_cast.sermirsky_turnaj.jindrichovy_duely.treti_duel.objectiveVisual3"
"M05","svatba","svatba","30","vyzvi_doubravku_k_tanci","DanceWithBadDancer","True","svatba_vyzvi_nesikovnou_d_9sc5","Ask Doubravka to dance.","Vyzvi Doubravku k tanci.","1","hibernovana_cast.omacka.nesikovna_tanecnice.objectiveVisual4"
"M05","svatba","svatba","31","ziskej_odznacek_od_lekarnika","WithEmerichAboutDie","True","svatba_ziskej_odznacek_od_QkLA","Get a badge from Emmerich the apothecary.","Získej odznáček od lékárníka Emericha.","1","hibernovana_cast.kostkarsky_turnaj.s_lekarnikem_emerichem.objectiveVisual2"
"M05","svatba","svatba","32","ziskej_odznacek_od_kovare","ProgressAbortable","True","svatba_ziskej_odznacek_od_XXYm","Get a badge from Radovan the blacksmith.","Získej odznáček od kováře Radovana.","1","hibernovana_cast.kostkarsky_turnaj.s_kovarem.objectiveVisual3"
"M05","svatba","svatba","33","ziskej_odznacek_od_komoriho","ProgressAbortable","True","svatba_ziskej_odznacek_od_Oqvj","Get a badge from the Chamberlain.","Získej odznáček od komořího.","1","hibernovana_cast.kostkarsky_turnaj.s_komorim.objectiveVisual1"
"M05","svatba","svatba","34","vyzvi_a_poraz_rychtare_v_kostkach","ProgressAbortable","True","svatba_vyzvi_a_poraz_rych_CwlS","Challenge and defeat Bailiff Thrush at dice.","Vyzvi a poraž rychtáře Drozda v kostkách.","1","hibernovana_cast.kostkarsky_turnaj.finale_s_drozdem.s_drozdem.objectiveVisual5"
"M05","svatba","svatba","35","vyhraj_zlaty_odznacek_nad_hostinskou","ProgressAbortable","True","svatba_vyhraj_zlaty_odzna_eeSt","Win the gold badge from Innkeeper Betty.","Vyhraj zlatý odznáček nad hostinskou Bětou.","1","hibernovana_cast.kostkarsky_turnaj.finale_s_drozdem.s_hostinskou.objectiveVisual2"
"M05","svatba","svatba","36","najdi_mladika_ve_zlutm","ManInYellow","True","svatba_najdi_mladika_ve_z_Sclh","Find the young man dressed in yellow.","Najdi mladíka ve žlutém.","1","hibernovana_cast.ztraceny_mec_a_konkubina.n4faze__sdilene_casti.objectiveVisual3"
"M06","naTroskach","natroskach","0","zachran_pana_ptacka_pred_popravou","Progress","False","natroskach_zachran_pana_p_33fA","Save Sir Hans from execution.","Zachraň pana Ptáčka před popravou.","1","objectiveVisual47"
"M06","naTroskach","natroskach","1","dostan_se_k_tomasovi","Progress","False","natroskach_najdi_hejtmana_mP7Q","Get to Thomas.","Dostaň se k Tomášovi.","1","objectiveVisual50"
"M06","naTroskach","natroskach","2","nanos_pytle_do_pristresku_na_uhli","SackCarrying","True","natroskach_nanos_pytle_do_xXwH","Haul the sacks to the charcoal shed.","Nanos pytle do přístřešku na uhlí.","1","hibernovana_cast.na_vnejsim_dvore.noseni_pytlu.objectiveVisual23"
"M06","naTroskach","natroskach","3","odemkni_fance_truhlici_s_korenim","ProgressFailable","True","natroskach_odemkni_fance__srWq","Unlock Fanka's spice chest.","Odemkni Fance truhlici s kořením.","1","hibernovana_cast.na_vnitrnim_dvore.zasekla_fanka.objectiveVisual2"
"M06","naTroskach","natroskach","4","pomoz_koldovi_se_sekerou","ProgressAbortable","True","natroskach_ber_koldovu_se_5Dzw","Help Kolda with his axe.","Pomoz Koldovi se sekerou","1","hibernovana_cast.na_vnitrnim_dvore.nebrouseny_kolda.objectiveVisual47"
"M06","naTroskach","natroskach","5","sezen_kabatovi_ruzenec","ProgressUpdatedFailable","True","natroskach_sezen_kabatovi_gCP5","Find Kabat's rosary.","Sežeň Kabátovi růženec.","1","hibernovana_cast.na_vnitrnim_dvore.kabate_kabate.objectiveVisual9"
"M06","naTroskach","natroskach","6","zjisti_jaky_lek_podat_hejtmanu_tomasovi","ProgressUpdatedFailable","False","natroskach_zjisti_jaky_le_hmZb","Find out what medicine to give to Captain Thomas.","Zjisti jaký lék podat hejtmanu Tomášovi.","1","hledani_leku.objectiveVisual7"
"M06","naTroskach","natroskach","7","obstarej_tonicum_proti_horecce","naTroskach_ProgressAbortable","False","natroskach_obstarej_tonic_DHWT","Get hold of fever tonic.","Obstarej tonicum proti horečce.","1","hledani_leku.objectiveVisual8"
"M06","naTroskach","natroskach","8","dones_lek_zpatky_tomasovi","Progress","False","natroskach_dones_lek_zpat_4qYW","Take the medicine back to Thomas.","Dones lék zpátky Tomášovi.","1","hledani_leku.objectiveVisual9"
"M06","naTroskach","natroskach","9","obstarej_kovarovi_podkovu","BringHorseshoes","True","natroskach_prines_kovari__tg2t","Take care of the horseshoe for the blacksmith.","Obstarej kovářovi podkovu.","1","hibernovana_cast.na_vnejsim_dvore.kovar_a_podkovy.objectiveVisual4"
"M06","naTroskach","natroskach","10","dones_koldovi_nabrousenou_sekeru","ProgressAbortable","True","natroskach_nabrus_koldovi_xXeu","Bring Kolda the sharpened axe.","Dones Koldovi nabroušenou sekeru.","1","hibernovana_cast.na_vnitrnim_dvore.nebrouseny_kolda.objectiveVisual4"
"M06","naTroskach","natroskach","11","promluv_si_s_kovarem","naTroskach_ProgressAbortable","False","natroskach_promluv_si_s_k_lsuT","Talk to the blacksmith.","Promluv si s kovářem","1","hibernovana_cast.na_vnejsim_dvore.objectiveVisual4"
"M06","naTroskach","natroskach","12","sezen_panu_komorimu_odvar_na_zaludek","BringPotionForChamberlain","True","natroskach_sezen_panu_kom_xvpS","Get hold of some stomach potion for the chamberlain.","Sežeň panu komořímu odvar na žaludek.","1","hibernovana_cast.na_vnitrnim_dvore.vred_pana_komoriho.objectiveVisual21"
"M06","naTroskach","natroskach","13","sezen_panu_komorimu_neco_na_zaludek","ProgressAbortable","True","natroskach_sezen_panu_kom_DrPz","Get hold of something for the chamberlain's stomach.","Sežeň panu komořímu něco na žaludek.","1","hibernovana_cast.na_vnitrnim_dvore.vred_pana_komoriho.objectiveVisual28"
"M06","naTroskach","natroskach","14","najdi_si_praci_kolem_sibenice","ProgressAbortable","True","natroskach_najdi_si_praci_EU1G","Find work around the gallows.","Najdi si práci kolem šibenice.","1","hibernovana_cast.na_vnitrnim_dvore.nebrouseny_kolda.objectiveVisual53"
"M06","naTroskach","natroskach","15","dones_podkovu_kabatovi","ProgressUpdated","False","natroskach_dones_podkovu__gXno","Take the horseshoe to Kabat.","Dones podkovu Kabátovi","1","hibernovana_cast.na_vnitrnim_dvore.kabate_kabate.kabate_nemas_sperhaky.objectiveVisual15"
"M07","nebakovPruzkum","nebakovpruzkum","0","nasleduj_komoriho","ProgressAbortable","True","nebakovpr_nasleduj_komori_ZBg7","Follow the chamberlain.","Následuj komořího.","1","trosky_a_cesta_na_nebakov.tour_s_komorim_a_henryho_pokoj.objectiveVisual3"
"M07","nebakovPruzkum","nebakovpruzkum","1","vezmi_si_sve_vybaveni","ProgressAbortable","True","nebakovpr_vezmi_si_sve_vy_BI10","Take your equipment.","Vezmi si své vybavení.","1","trosky_a_cesta_na_nebakov.tour_s_komorim_a_henryho_pokoj.seber_veci_z_truhly_objectiv.objectiveVisual5"
"M07","nebakovPruzkum","nebakovpruzkum","2","setkej_se_s_janem_ptackem","Progress","False","nebakovpr_setkej_se_s_jan_31Eo","Meet up with Sir Hans Capon.","Setkej se s Janem Ptáčkem.","0",""
"M07","nebakovPruzkum","nebakovpruzkum","3","promluv_s_pacholkem_ve_staji","ZiskaniKone","False","nebakovpr_promluv_s_podko_YVYj","Talk to the stable hand.","Promluv s pacholkem ve stáji.","1","trosky_a_cesta_na_nebakov.u_pacholka_od_koni.objectiveVisual3"
"M07","nebakovPruzkum","nebakovpruzkum","4","doprovod_jana_ptacka_na_nebakov","DoprovodPtacka","False","nebakovpr_doprovod_jana_p_QhMo","Escort Sir Hans Capon to Nebakov.","Doprovoď Jana Ptáčka na Nebákov.","1","trosky_a_cesta_na_nebakov.cesta_na_nebakov.objectiveVisual19"
"M07","nebakovPruzkum","nebakovpruzkum","5","zavod_s_janem_ptackem","ProgressFailable","False","nebakovpr_poraz_ptacka_v__JaS2","Race Sir Hans!","Závoď s Janem Ptáčkem!","1","trosky_a_cesta_na_nebakov.cesta_na_nebakov.zavod_s_ptackem.objectiveVisual22"
"M07","nebakovPruzkum","nebakovpruzkum","6","prozkoumej_tvrz","NebakovPodezreni","True","nebakovpr_prozkoumej_tvrz_UNAc","Explore the fortress.","Prozkoumej tvrz.","1","na_nebakove.jindra_na_nebakove.podezdreni.objectiveVisual10"
"M07","nebakovPruzkum","nebakovpruzkum","7","zjisti_vic_o_nebakovskych_konich","ZjistovaniKone","True","nebakovpr_zjisti_vic_o_ne_twgT","Find out more about the Nebakov horses.","Zjisti víc o nebákovských koních.","1","na_nebakove.jindra_na_nebakove.kone_objective_a_zavod.objectiveVisual6"
"M07","nebakovPruzkum","nebakovpruzkum","8","pockej_az_ptacek_dokonci_jednani","PockejNaPtackaJednani","False","nebakovpr_pockej_az_ptace_LlOx","Wait till Sir Hans' meeting is over.","Počkej až Ptáček dokončí jednání.","1","na_nebakove.pockej_na_ptacka_objective.objectiveVisual25"
"M07","nebakovPruzkum","nebakovpruzkum","9","doprovod_jana_ptacka_zpet_na_trosky","PtacekOdjezdNebakov","False","nebakovpr_doprovod_jana_p_uqHY","Escort Sir Hans Capon back to Trosky.","Doprovoď Jana Ptáčka zpět na Trosky.","1","na_nebakove.odjezd_z_nebakova_.objectiveVisual24"
"M07","nebakovPruzkum","nebakovpruzkum","10","setkej_se_s_janem_ptackem_na_troskach","SetkejSeSPtackem","False","nebakovpr_setkej_se_s_jan_edc6","Meet up with Sir Hans Capon at Trosky.","Setkej se s Janem Ptáčkem na Troskách.","1","zpatky_na_troskach.objectiveVisual3"
"M07","nebakovPruzkum","nebakovpruzkum","11","doprovod_klaru_pri_vychazce","ProgressFailableAbortable","True","nebakovpr_doprovod_klaru__1y2l","Accompany Klara on a walk.","Doprovoď Kláru při vycházce.","1","na_nebakove.jindra_na_nebakove.raneni_a_devecka.pozvanka_na_prochazku.objectiveVisual18"
"M07","nebakovPruzkum","nebakovpruzkum","12","promluv_si_s_klarou","ProgressFailableAbortable","True","nebakovpr_promluv_si_s_kl_HpCp","Talk to Klara.","Promluv si s Klárou.","1","na_nebakove.jindra_na_nebakove.raneni_a_devecka.sber_bylin_a_odevzdani.objectiveVisual1"
"M07","nebakovPruzkum","nebakovpruzkum","13","zjisti_klarino_tajemstvi","KlaraOdmena","True","nebakovpr_promluv_si_s_kl_xHGt","Find out Klara's secret!","Zjisti Klářino tajemství!","1","na_nebakove.jindra_na_nebakove.raneni_a_devecka.sex_a_potom.objectiveVisual1"
"M07","nebakovPruzkum","nebakovpruzkum","14","poraz_hertla_v_zavode","ProgressAbortable","True","nebakovpr_poraz_hertla_v__OkVe","Beat Hertel in a race.","Poraž Hertla v závodě.","1","na_nebakove.jindra_na_nebakove.kone_objective_a_zavod.zavod_na_konich.poraz_hertla.objectiveVisual33"
"M07","nebakovPruzkum","nebakovpruzkum","15","dojed_k_sypce_u_nebakovskeho_mlyna","ProgressFailable","True","nebakovpr_projed_branu_O96q","Ride to the granary at Nebakov mill!","Dojeď k sýpce u nebákovského mlýna!","1","na_nebakove.jindra_na_nebakove.kone_objective_a_zavod.zavod_na_konich.objectiveVisual13"
"M07","nebakovPruzkum","nebakovpruzkum","16","dojed_zpatky_na_nebakov","ProgressFailable","True","nebakovpr_jed_do_cile_c8wf","Ride back to Nebakov!","Dojeď zpátky na Nebákov!","1","na_nebakove.jindra_na_nebakove.kone_objective_a_zavod.zavod_na_konich.objectiveVisual14"
"M07","nebakovPruzkum","nebakovpruzkum","17","vyzvedni_si_u_pelcla_vyhru","ProgressFailableAbortable","True","nebakovpr_promluv_s_pelcl_NTOC","Collect the winnings from Peltzel.","Vyzvedni si u Pelcla výhru.","1","na_nebakove.jindra_na_nebakove.kone_objective_a_zavod.zavod_na_konich.vyzvedni_odmenu.objectiveVisual27"
"M07","nebakovPruzkum","nebakovpruzkum","18","spolecne_s_ptackem_oznam_panu_bergovovi_vas_navrat","ReportBergovovi","False","nebakovpr_placeholder__ve_5HUM","Go with Capon to Lord von Bergow to announce your return.","Společně s Ptáčkem oznam panu Bergovovi váš návrat.","1","zpatky_na_troskach.objectiveVisual6"
"M07","nebakovPruzkum","nebakovpruzkum","19","sezen_mesicek_pro_klaru","ProgressFailableAbortable","True","nebakovpr_sezen_byliny_pr_wNfU","Find marigold for Klara.","Sežeň měsíček pro Kláru.","1","na_nebakove.jindra_na_nebakove.raneni_a_devecka.sber_bylin_a_odevzdani.sbirani_kytek.objectiveVisual_marigold"
"M07","nebakovPruzkum","nebakovpruzkum","20","dones_klare_byliny_new","ProgressFailableAbortable","True","nebakovpr_dones_klare_byl_AuI7","Bring Klara the herbs.","Dones Kláře byliny.","1","na_nebakove.jindra_na_nebakove.raneni_a_devecka.sber_bylin_a_odevzdani.objectiveVisual32"
"M07","nebakovPruzkum","nebakovpruzkum","21","seznam_se_s_pobocnikem_michalem","SeznamSeSKapitanem","True","nebakovpr_seznam_se_s_pob_20cp","Get to know Michael the adjutant.","Seznam se s pobočníkem Michalem.","1","na_nebakove.jindra_na_nebakove.kapitan_strazi_a_obchuzka.promluv_s_kapitanem__objective.objectiveVisual26"
"M07","nebakovPruzkum","nebakovpruzkum","22","pomer_se_s_michalem_ve_zbrani","BojMichal","True","nebakovpr_pomer_se_s_mich_DxPC","Take on Michael in a duel.","Poměř se s Michalem ve zbrani.","1","na_nebakove.jindra_na_nebakove.kapitan_strazi_a_obchuzka.intro_a_duel.duelove_objectivy.objectiveVisual30"
"M07","nebakovPruzkum","nebakovpruzkum","23","sezen_vlci_mak_pro_klaru","ProgressFailableAbortable","True","nebakovpr_sezen_vlci_mak__yY2j","Find poppies for Klara.","Sežeň vlčí mák pro Kláru.","1","na_nebakove.jindra_na_nebakove.raneni_a_devecka.sber_bylin_a_odevzdani.sbirani_kytek.objectiveVisual_poppy"
"M07","nebakovPruzkum","nebakovpruzkum","24","sezen_salvej_pro_klaru","ProgressFailableAbortable","True","nebakovpr_sezen_salvjej_p_k0vJ","Find sage for Klara.","Sežeň šalvěj pro Kláru.","1","na_nebakove.jindra_na_nebakove.raneni_a_devecka.sber_bylin_a_odevzdani.sbirani_kytek.objectiveVisual_salvia"
"M07","nebakovPruzkum","nebakovpruzkum","25","promluv_s_michalem_o_vysledku_souboje","ProgressFailableAbortable","True","nebakovpr_promluv_s_micha_jLmH","Talk to Michael about the outcome of the duel.","Promluv s Michalem o výsledku souboje.","1","na_nebakove.jindra_na_nebakove.kapitan_strazi_a_obchuzka.intro_a_duel.duelove_objectivy.objectiveVisual54"
"M07","nebakovPruzkum","nebakovpruzkum","26","opatri_si_nekde_vlastniho_kone","ZiskejKoneOW","False","nebakovpr_opatri_si_nekde_wimy","Get hold of a horse somewhere.","Opatři si někde vlastního koně.","1","trosky_a_cesta_na_nebakov.u_pacholka_od_koni.ziskej_kone_jinak.objectiveVisual15"
"M08","mucirna","semin","0","mucirna_a","AdditiveLog","False","mucirna_muceni_UaIr","Interrogation in the torture chamber","Výslech v mučírně","1","hibernation.mucirna.muceni_s_ptackem.defaultTortureLog_objectiveVisual"
"M08","mucirna","semin","1","promluv_si_s_ptackem","Progress","False","mucirna_promluv_si_s_ptac_Lhiq","Speak with Capon.","Promluv si s Ptáčkem.","1","hibernation.mucirna.muceni_s_ptackem.tour_s_ptackem_do_mucirny.talkToCapon_objectiveVisual"
"M08","mucirna","semin","2","vyslechni_s_ptackem_zajatce_v_mucirne","TorturingPrisoner","False","semin_vyslechni_v_mucirne_Wu0m","Interrogate the prisoner in the torture chamber with Capon.","Vyslechni s Ptáčkem zajatce v mučírně.","1","hibernation.mucirna.muceni_s_ptackem.torture_objectiveVisual"
"M08","mucirna","semin","3","sdel_bergovovi_vysledek_vyslechu","bergovDebriefObjective","False","semin_vrat_se_k_bergovovi_pKLz","Inform von Bergow of the interrogation results.","Sděl Bergovovi výsledek výslechu.","1","hibernation.mucirna.debrief_u_bergova.returnToBergov_objectiveVisual"
"M08","mucirna","semin","4","pockej_na_podvecer_nez_hasek_pripravi_svoje_muze","Progress","True","semin_novypockej_do_vecer_iN0y","Wait until Hashek has prepared his men.","Počkej, než Hašek připraví svoje muže.","1","hibernation.cesta_na_semin.cekani_na_vojaky.waitForSoldiers_objectiveVisual"
"M08","mucirna","semin","5","promluv_si_s_ptackem_kvuli_seminu","ProgressFailable","False","semin_novypromluv_si_s_pt_dGyI","Speak with Capon about Semine.","Promluv si s Ptáčkem kvůli Semínu.","1","hibernation.cesta_na_semin.rozmluvy_s_ptackem_a_haskem.talkToCaponAboutSeminRaid_objectiveVisual"
"M08","mucirna","semin","6","dozen_vypravu_mirici_na_semin","ProgressFailable","False","mucirna_placeholder_dozen_3TgV","Catch up to the party heading for Semine.","Dožeň výpravu mířící na Semín.","1","hibernation.cesta_na_semin.dohaneni_vojaku.reachRaidParty_objectiveVisual"
"M08","mucirna","semin","7","jed_s_vojaky_a_ptackem_na_semin","ProgressFailable","False","semin_jed_s_vojaky_a_ptac_UBk9","Ride with the soldiers and Capon to Semine.","Jeď s vojáky a Ptáčkem na Semín.","1","hibernation.cesta_na_semin.tour_na_semin.rideToSemin_objectiveVisual"
"M08","mucirna","semin","8","poraz_semina_a_jeho_muze","ProgressAbortable","False","semin_pozabijej_seminske_8ODz","Defeat Semine and his men!","Poraž Semína a jeho muže!","1","hibernation.na_semine.bitva.objectiveVisual3"
"M08","mucirna","semin","9","pozabijej_vojaky","KillSoldiers","False","semin_pozabijej_vojaky_pmvK","Kill the soldiers!","Pozabíjej vojáky!","1","hibernation.na_semine.bitva.objectiveVisual59"
"M08","mucirna","semin","10","promluv_si_s_purkrabim","Progress","False","semin_promluv_si_s_hejtma_hyEb","Speak with the burgrave.","Promluv si s purkrabím.","0",""
"M08","mucirna","semin","11","promluv_si_se_seminem","Progress","False","semin_promluv_si_se_semin_xCzh","Speak with Semine.","Promluv si se Semínem.","1","hibernation.na_semine.vojaci_pobiti.objectiveVisual2"
"M08","mucirna","semin","12","prohledej_tvrz_a_najdi_oldricha","ProgressAbortable","False","semin_prohledej_tvrz_a_hl_LHDG","Search the tower and find Olda.","Prohledej tvrz a najdi Oldřicha.","1","hibernation.na_semine.patrani_po_mladem_seminovi.objectiveVisual4"
"M08","mucirna","semin","13","poraz_haska_v_duelu","Progress","False","semin_poraz_haska_v_duelu_0TUA","Defeat Hashek in a duel!","Poraž Haška v duelu!","1","hibernation.na_semine.mlady_semin_nalezen.souboj_henryho_s_haskem.objectiveVisual6"
"M08","mucirna","semin","14","zbav_se_haskovych_muzu","Progress","False","semin_bran_se_tgzK","Get rid of Hashek's men.","Zbav se Haškových mužů!","1","hibernation.na_semine.mlady_semin_nalezen.vyhlazeni_vojaku.objectiveVisual2"
"M08","mucirna","semin","15","podej_rano_zpravu_bergovovi","mucirna_ProgressUpdated","False","semin_vrat_se_na_trosky_a_QBhD","Report to von Bergow in the morning.","Podej ráno zprávu Bergovovi.","1","hibernation.navrat_na_trosky.odjezd.objectiveVisual2"
"M08","mucirna","semin","16","pockej_az_se_ptacek_vrati_ze_semina_a_promluv_si_s_nim","Progress","False","semin_placeholder__promlu_IpMJ","Wait until Capon returns from Semine and talk to him.","Počkej, až se Ptáček vrátí ze Semína a promluv si s ním.","1","hibernation.navrat_na_trosky.semin_vypalen_bez_hrace.talkToPtacek_objectiveVisual"
"M09","utokNaNebakov","utoknanebakov","0","promluv_si_vecer_s_ptackem","Progress","False","utoknaneb_promluv_si_s_pt_hWlM","Talk to Capon this evening.","Promluv si večer s Ptáčkem.","1","hibernovana_gameplay.na_troskach.porada_s_bergovem.objective__promluv_si_s_ptackem.objectiveVisual9"
"M09","utokNaNebakov","utoknanebakov","1","hoduj_a_uzivej_si_zivota","ProgressAbortable","True","utoknaneb_pij_hoduj_a_uzi_qoMg","Feast and enjoy the good life!","Hoduj a užívej si života!","1","hibernovana_gameplay.na_troskach.porada_s_bergovem.objective__pij_hoduj_a_uzivej_si_zivota.objectiveVisual2"
"M09","utokNaNebakov","utoknanebakov","2","dobre_se_vyspi","Progress","False","utoknaneb_placeholder__jd_0bzm","Get a good night's sleep.","Dobře se vyspi.","1","hibernovana_gameplay.na_troskach.porada_s_bergovem.objective__dobre_se_vyspi.objectiveVisual2"
"M09","utokNaNebakov","utoknanebakov","3","zajdi_za_ptackem","ProgressAbortable","False","utoknaneb_zajdi_za_ptackem_HIBd","Go and see Capon.","Zajdi za Ptáčkem.","1","hibernovana_gameplay.na_troskach.porada_s_bergovem.objective__zajdi_za_ptackem.objectiveVisual6"
"M09","utokNaNebakov","utoknanebakov","4","prines_florianuv_prsten","GetFridusRing","True","utoknaneb_ziskej_fridusuv_yQUw","Bring Florian's ring.","Přines Floriánův prsten.","1","hibernovana_gameplay.na_troskach.porada_s_bergovem.objective__prines_florianuv_prsten.objectiveVisual4"
"M09","utokNaNebakov","utoknanebakov","5","proved_intriku_s_prstenem","ProgressAbortable","True","utoknaneb_proved_intriku__CJdD","Play the trick with the ring.","Proveď intriku s prstenem.","1","hibernovana_gameplay.na_troskach.porada_s_bergovem.objective__proved_intriku_s_prstenem.objectiveVisual3"
"M09","utokNaNebakov","utoknanebakov","6","ziskej_odmenu_od_palecka","ProgressAbortable","False","utoknaneb_zajdi_si_k_pale_hYEN","Get the reward from Littlehead.","Získej odměnu od Palečka.","1","hibernovana_gameplay.na_troskach.porada_s_bergovem.objective__zajdi_si_k_paleckovi_pro_odmenu.objectiveVisual2"
"M09","utokNaNebakov","utoknanebakov","7","zajdi_do_kuchyne_pro_vino","GetWine","False","utoknaneb_zajdi_za_kateri_5QmS","Go into the kitchen for wine.","Zajdi do kuchyně pro víno.","1","hibernovana_gameplay.na_troskach.v_kuchyni.objectiveVisual2"
"M09","utokNaNebakov","utoknanebakov","8","zajdi_pro_vyzbroj","ProgressAbortable","True","utoknaneb_zajdi_za_osinou_BglM","Go and get the armour.","Zajdi pro výzbroj.","1","hibernovana_gameplay.na_troskach.kovar_osina.objective__zajdi_pro_vyzbroj.objectiveVisual4"
"M09","utokNaNebakov","utoknanebakov","9","vezmi_zbroj_z_truhly","ProgressFailable","True","utoknaneb_vezmi_zbroj_z_t_sqBf","Take the armour from the trunk.","Vezmi zbroj z truhly","1","hibernovana_gameplay.na_troskach.kovar_osina.objective__zajdi_pro_vyzbroj.objectiveVisual7"
"M09","utokNaNebakov","utoknanebakov","10","otevri_bednu_s_jablky","ProgressFailableAbortable","True","utoknaneb_otevri_bednu_s__hJzG","Open the herbs chest.","Otevři bednu s kořením.","1","hibernovana_gameplay.na_troskach.v_kuchyni.objective__otevri_bednu_s_jablky.objectiveVisual6"
"M09","utokNaNebakov","utoknanebakov","11","predej_vino_a_zbroj_ptackovi","PtacekArmor","False","utoknaneb_dones_ptackovi__brsd","Hand over the wine and armour to Capon.","Předej víno a zbroj Ptáčkovi.","1","hibernovana_gameplay.na_troskach.druhy_den__komori_pred_branou.objectiveVisual3"
"M09","utokNaNebakov","utoknanebakov","12","vyjed_do_bitvy","Progress","False","utoknaneb_do_bitvy_SUrG","Set out for battle!","Vyjeď do bitvy!","1","hibernovana_gameplay.na_troskach.druhy_den__komori_pred_branou.objective__do_bitvy.objectiveVisual3"
"M09","utokNaNebakov","utoknanebakov","13","jdi_za_ptackem","ProgressAbortable","True","utoknaneb_jdi_za_ptackem_Z1gC","Go to Capon.","Jdi za Ptáčkem.","1","hibernovana_gameplay.prepadeni_v_rokli.jindra_odchazi_od_ptacka.objectiveVisual50"
"M09","utokNaNebakov","utoknanebakov","14","jdi_s_ptackem_dolu_k_mlynu","ProgressFailable","False","utoknaneb_zachran_se_s_pt_T0Lm","Go down to the mill with Capon.","Jdi s Ptáčkem dolů k mlýnu.","1","hibernovana_gameplay.prepadeni_v_rokli.prepadeni_ve_skalni_rokli.objectiveVisual2"
"M09","utokNaNebakov","utoknanebakov","15","bran_komoriho","KomoriAnimation","False","utoknaneb_vezmi_komoriho_OTbZ","Defend the Chamberlain!","Braň komořího!","1","hibernovana_gameplay.prepadeni_v_rokli.prepadeni_ve_skalni_rokli.objective__zachran_komoriho.objectiveVisual15"
"M09","utokNaNebakov","utoknanebakov","16","projdi_kolem_zaseku","Progress","False","utoknaneb_najdi_cestu_pryc_lO3N","Go round the barricade.","Projdi kolem záseku.","1","hibernovana_gameplay.prepadeni_v_rokli.objective__najdi_cestu_pryc.objectiveVisual2"
"M09","utokNaNebakov","utoknanebakov","17","prezij_souboj","Progress","False","utoknaneb_vyhraj_souboj_t2JU","Survive the duel!","Přežij souboj!","1","hibernovana_gameplay.prepadeni_v_rokli.souboj_se_zizkou.duel_s_zizkou.objectiveVisual4"
"M09","utokNaNebakov","utoknanebakov","18","ziskej_zpet_vino_pro_ptacka","Progress","False","utoknaneb_ziskej_zpet_vin_wsPU","Retrieve the wine for Capon.","Získej zpět víno pro Ptáčka","1","vino_pro_ptacka__quest_item.objectiveVisual13"
"M09","utokNaNebakov","utoknanebakov","19","ziskej_zpet_florianuv_prsten","ProgressAbortable","True","utoknaneb_ziskej_zpet_flo_OAdX","Retrieve Florian's ring.","Získej zpět Floriánův prsten","1","hibernovana_gameplay.na_troskach.porada_s_bergovem.objective__ziskej_zpet_florianuv_prsten.objectiveVisual1"
"M10","bohutovaVlozka","bohutovavlozka","0","promluv_si_s_uprchliky_ze_mlyna","ProgressFailableAbortable","True","bohutovav_zapojit_promluv_5hAA","Talk to the people who escaped from the mill.","Promluv si s uprchlíky ze mlýna","1","hibernation.bohutova_cast.v_zelejove.uprchlici_ve_stodole.ance_s_kubou.talkToFugitives_objectiveVisual"
"M10","bohutovaVlozka","bohutovavlozka","1","promluv_si_s_rybarem","ProgressFailableAbortable","True","bohutovav_zapojit_promluv_UfSy","Talk to the fisherman.","Promluv si s rybářem.","1","hibernation.bohutova_cast.v_zelejove.uprchlici_ve_stodole.rybar.talkToTheFisherman_objectiveVisual"
"M10","bohutovaVlozka","bohutovavlozka","2","jed_na_misto_prepadeni_u_nebakovskeho_mlyna","BohutaTravelsToErik","False","bohutovav_jed_na_misto_pr_5zGV","Go to the site of the ambush at Nebakov mill.","Jeď na místo přepadení u nebákovského mlýna.","1","hibernation.bohutova_cast.cesta_na_nebakov_a_erik.bohuta_jede_k_bojisti.bohutaTravelsToErikState_objectiveVisual"
"M10","bohutovaVlozka","bohutovavlozka","3","poraz_lapky","Progress","False","bohutovav_poraz_lapky_xwxV","Defeat the bandits!","Poraž lapky!","1","hibernation.bohutova_cast.cesta_na_nebakov_a_erik.fight_s_lapkama.defeatBandits_objectiveVisual"
"M10","bohutovaVlozka","bohutovavlozka","4","promluv_si_s_erikem","Progress","False","bohutovav_promluv_si_s_er_qhDI","Talk to Erik.","Promluv si s Erikem.","1","hibernation.bohutova_cast.cesta_na_nebakov_a_erik.po_souboji.talkToErikAfterFight_objectiveVisual"
"M10","bohutovaVlozka","bohutovavlozka","5","nasedni_na_sveho_kone","ProgressAbortable","False","bohutovav_nasedni_na_sveh_CzW8","Get on your horse.","Nasedni na svého koně.","1","hibernation.bohutova_cast.cesta_na_nebakov_a_erik.erik_doprovazi_bohutu_na_nebakov.tour.bohutaHorseMounting_objectiveVisual"
"M10","bohutovaVlozka","bohutovavlozka","6","jed_s_erikem_na_nebakov","BohutaTravelsWithErik","False","bohutovav_jed_s_erikem_na_XXOT","Go to Nebakov with Erik. ","Jeď s Erikem na Nebákov.","1","hibernation.bohutova_cast.cesta_na_nebakov_a_erik.erik_doprovazi_bohutu_na_nebakov.followErikToNebakov_objectiveVisual"
"M10","bohutovaVlozka","bohutovavlozka","7","zjisti_informace_o_zajatcich","Progress","False","bohutovav_zjisti_od_velit_lCFK","Get information about the prisoners.","Zjisti informace o zajatcích.","1","hibernation.bohutova_cast.nebakov.dialog_s_zizkou.findOutAboutCaptives_objectiveVisual"
"M10","bohutovaVlozka","bohutovavlozka","8","poraz_povstalce_a_ubran_nebakov","Progress","False","bohutovav_poraz_vzbourenc_9BlI","Defeat the rebels and defend Nebakov!","Poraž povstalce a ubraň Nebákov!","1","hibernation.bohutova_cast.nebakov.fight__potlaceni_vzpoury.defendNebakov_visualObjective"
"M10","bohutovaVlozka","bohutovavlozka","9","promluv_si_s_hejtmanem","Progress","False","bohutovav_promluv_si_s_zi_ki1Z","Talk to the captain.","Promluv si s hejtmanem.","1","hibernation.bohutova_cast.nebakov.po_souboji.talkToZizka_objectiveVisual"
"M10","bohutovaVlozka","bohutovavlozka","10","zkus_od_pisty_zjistit_vic_informaci","ProgressHiddenDone","False","bohutovav_co_nejvic_pozur_Bka3","Try to find out more from Istvan.","Zkus od Pišty zjistit víc informací.","1","hibernation.henryho_cast.trialog_henry__ptacek__pista.insultPista_objectiveVisual"
"M10","bohutovaVlozka","bohutovavlozka","11","promluv_si_s_hejtmanem_a_bohutou_o_dalsich_planech","Progress","False","bohutovav_promluv_si_s_zi_fapH","Talk to the captain and Godwin about the further course of action.","Promluv si s hejtmanem a Bohutou o dalších plánech.","1","hibernation.henryho_cast.zaverecne_rozhreseni.talkToEveryone_objectiveVisual"
"M11","nebakovObrana","nebakovobrana","0","jdi_s_bohutou","Progress","False","nebakovob_jdi_s_bohutou_n_wIH1","Go with Godwin.","Jdi s Bohutou.","1","nebakovsky_podvecer.pomoc_bohutovi.objectiveVisual6"
"M11","nebakovObrana","nebakovobrana","1","pochovej_mrtve","Progress","False","nebakovob_pomoz_bohutovi__OKG1","Bury the dead.","Pochovej mrtvé.","1","nebakovsky_podvecer.pomoc_bohutovi.pochovejMrtve"
"M11","nebakovObrana","nebakovobrana","2","promluv_si_s_bohutou","Progress","False","nebakovob_promluv_si_s_bo_PXtt","Talk to Godwin.","Promluv si s Bohutou.","1","nebakovsky_podvecer.pomoc_bohutovi.objectiveVisual5"
"M11","nebakovObrana","nebakovobrana","3","zajdi_za_bohutou_do_prikopu","Progress","False","nebakovob_jdi_za_bohutou_F3bD","Go to the fosse to speak to Godwin.","Zajdi za Bohutou do příkopu.","1","nebakovsky_podvecer.tutorial_palne_zbrane.objectiveVisual6"
"M11","nebakovObrana","nebakovobrana","4","nauc_se_strilet_z_pusky","Progress","False","nebakovob_nauc_se_strilet_hFAB","Learn to shoot a hand cannon.","Nauč se střílet z pušky.","1","nebakovsky_podvecer.tutorial_palne_zbrane.strelba_z_pistaly.objectiveVisual8"
"M11","nebakovObrana","nebakovobrana","5","zkus_si_ziskat_nove_spojence","ProgressAbortable","True","nebakovob_nova_spojenectvi_PSGc","Try to get new allies.","Zkus si získat nové spojence.","1","nebakovsky_podvecer.novaSpojenectviObjective"
"M11","nebakovObrana","nebakovobrana","6","naloz_pytle_na_vuz","SackCarrying","True","nebakovob_naloz_pytle_na__XrIB","Load supplies on the cart.","Nalož pytle na vůz.","1","nebakovsky_podvecer.nova_spojenectvi_gp.kecal.objectiveVisual11"
"M11","nebakovObrana","nebakovobrana","7","nabidni_klare_pomoc","ProgressAbortable","True","nebakovob_nabidni_klare_p_Mie2","Offer help to Klara.","Nabídni Kláře pomoc.","1","nebakovsky_podvecer.nova_spojenectvi_gp.klara._v_lazaretu.osetreni.objectiveVisual28"
"M11","nebakovObrana","nebakovobrana","8","pomoz_ranenym","ProgressFailable","True","nebakovob_zajdi_za_klarou_Bwgs","Help the wounded.","Pomoz raněným.","1","nebakovsky_podvecer.nova_spojenectvi_gp.klara._v_lazaretu.objectiveVisual13"
"M11","nebakovObrana","nebakovobrana","9","osetri_marka","ProgressFailableAbortable","True","nebakovob_osetri_marka_ky6A","Treat Mark.","Ošetři Marka.","1","nebakovsky_podvecer.nova_spojenectvi_gp.klara._v_lazaretu.osetreni.objectiveVisual11"
"M11","nebakovObrana","nebakovobrana","10","osetri_cverka","ProgressFailableAbortable","True","nebakovob_osetri_cverka_4woZ","Treat Zwerk.","Ošetři Cverka.","1","nebakovsky_podvecer.nova_spojenectvi_gp.klara._v_lazaretu.osetreni.objectiveVisual12"
"M11","nebakovObrana","nebakovobrana","11","osetri_mikese","ProgressFailableAbortable","True","nebakovob_osetri_mikese_fHRK","Treat Mikesh.","Ošetři Mikeše.","0",""
"M11","nebakovObrana","nebakovobrana","12","osetri_kozlika","ProgressFailableAbortable","True","nebakovob_osetri_kozlika_aXZ5","Treat Kozliek.","Ošetři Kozlíka.","1","nebakovsky_podvecer.nova_spojenectvi_gp.klara._v_lazaretu.osetreni.objectiveVisual13"
"M11","nebakovObrana","nebakovobrana","13","vrat_se_za_klarou","ProgressFailableAbortable","True","nebakovob_vrat_se_za_klar_h9Dm","Go back to Klara.","Vrať se za Klárou.","1","nebakovsky_podvecer.nova_spojenectvi_gp.klara._v_lazaretu.osetreni.objectiveVisual18"
"M11","nebakovObrana","nebakovobrana","14","sezen_pro_pelcla_podkovy","PomocPelclovi","True","nebakovob_sezen_pro_pelcl_XfK0","Find horseshoes for Peltzel.","Sežeň pro Pelcla podkovy.","1","nebakovsky_podvecer.nova_spojenectvi_gp.pelcl.objectiveVisual11"
"M11","nebakovObrana","nebakovobrana","15","pomoz_bejkovi_v_kovarne","PomocBejkovi","True","nebakovob_pomoz_bejkovi_v_5dZc","Help Bull in the forge.","Pomoz Bejkovi v kovárně.","1","nebakovsky_podvecer.nova_spojenectvi_gp.bejk.objectiveVisual8"
"M11","nebakovObrana","nebakovobrana","16","zahrej_si_kostky_s_ptackem","Progress","False","nebakovob_zahrej_si_kostk_4Rjt","Play dice with Capon.","Zahrej si kostky s Ptáčkem.","0",""
"M11","nebakovObrana","nebakovobrana","17","jdi_spat_do_srubu","Progress","False","nebakovob_jdi_spat_zI25","Go to sleep in the cabin.","Jdi spát do srubu.","1","nebakovsky_podvecer.jit_spat.objectiveVisual4"
"M11","nebakovObrana","nebakovobrana","18","poplach_jdi_na_hradby","Progress","False","nebakovob_poplach_jdi_na__EIVa","Alert! Go to the walls.","Poplach! Jdi na hradby.","0",""
"M11","nebakovObrana","nebakovobrana","19","bran_hrad","Progress","False","nebakovob_ubran_tvrz_A3DS","Defend the castle!","Braň hrad!","1","bitva_o_tvrz_nebakov.objectiveVisual2"
"M11","nebakovObrana","nebakovobrana","20","shod_zebriky","ProgressAbortable","False","nebakovob_odraz_zebriky_aUkx","Knock down the ladders!","Shoď žebříky.","1","bitva_o_tvrz_nebakov.celni_ztec_na_zebriky.objectiveVisual3"
"M11","nebakovObrana","nebakovobrana","21","odraz_utok_na_branu","ProgressFailable","False","nebakovob_nesmi_prorazit__KYSr","Repel the attack on the gate!","Odraz útok na bránu!","1","bitva_o_tvrz_nebakov.utok_na_branu.objectiveVisual2"
"M11","nebakovObrana","nebakovobrana","22","promluv_s_zizkou","Progress","False","nebakovob_promluv_s_zizkou_tTOu","Talk to Zizka.","Promluv s Žižkou.","1","bitva_o_tvrz_nebakov.zizka_ceka_na_.objectiveVisual17"
"M11","nebakovObrana","nebakovobrana","23","odraz_zalozni_utok","ProgressFailable","False","nebakovob_odraz_utok_na_s_MjRR","Repel the reserve attack!","Odraz záložní útok!","1","bitva_o_tvrz_nebakov.utok_ze_zalohy.objectiveVisual2"
"M11","nebakovObrana","nebakovobrana","24","pomoz_bohutovi_na_nadvori","ProgressFailable","False","nebakovob_zpatky_na_hradby_uVNv","Help Godwin in the courtyard.","Pomoz Bohutovi na nádvoří.","1","bitva_o_tvrz_nebakov.final_stand.objectiveVisual2"
"M11","nebakovObrana","nebakovobrana","25","shod_zebrik_1","ProgressAbortable","False","nebakovob_shod_zebrik_1_3AwA","Knock down the ladders!","Shoď žebříky.","0",""
"M12","vezniNaTroskach","vezninatroskach","0","podivej_se_po_rozkazech_v_pisarovych_komnatach","ProgressAbortable","False","vezninatr_prohledej_pannu_KKBW","Search for the orders in the scribe's chambers.","Podívej se po rozkazech v písařových komnatách.","1","hibernable.trosky_pred_bouri.baba.pisarova_komnata.objectiveVisual12"
"M12","vezniNaTroskach","vezninatroskach","1","podivej_se_po_rozkazech_v_pistovych_komnatach","ProgressAbortable","False","vezninatr_najdi_zikmundov_A9xO","Search for the orders in Istvan's chambers.","Podívej se po rozkazech v Pištových komnatách.","1","hibernable.trosky_pred_bouri.baba.pista.prohledavani_stashe.objectiveVisual1"
"M12","vezniNaTroskach","vezninatroskach","2","vem_si_zpet_svoje_zabavene_veci","Progress","False","vezninatr_najdi_svoje_vec_SXHA","Get back your confiscated items.","Vem si zpět svoje zabavené věci.","1","hibernable.trosky_pred_bouri.baba.pista.prohledavani_stashe.objective_najdi_zabavene_veci_a_klice.objectiveVisual6"
"M12","vezniNaTroskach","vezninatroskach","3","zabij_pistu","Progress","False","vezninatr_zabij_pistu_ma__ffXQ","Kill Istvan.","Zabij Pištu.","1","hibernable.trosky_pred_bouri.baba.pista.objective_zabij_pistu.objectiveVisual5"
"M12","vezniNaTroskach","vezninatroskach","4","podivej_se_po_zikmundovych_rozkazech_v_bergovovych_komnatach_na_panne","InvisibleActiveProgress","False","vezninatr_najdi_na_babe_b_hqbf","Search for King Sigismund's orders in von Bergow's chambers in the Maiden.","Podívej se po Zikmundových rozkazech v Bergovových komnatách na Panně.","1","hibernable.trosky_pred_bouri.panna.objective_najdi_rozkazy_na_panne.objectiveVisual2"
"M12","vezniNaTroskach","vezninatroskach","5","promluv_s_bohutou_o_odchodu","ProgressAbortable","False","vezninatr_promluv_s_bohut_Mztu","Talk to Godwin about leaving.","Promluv s Bohutou o odchodu.","1","hibernable.trosky_pred_bouri.panna.s_bohutou_o_odchode_do_tajne_chodby.objectiveVisual19"
"M12","vezniNaTroskach","vezninatroskach","6","odemkni_dvere_do_tajne_chodby","ProgressAbortable","False","vezninatr_odemkni_dvere_d_VXht","Unlock the door to the secret passage.","Odemkni dveře do tajné chodby.","0",""
"M12","vezniNaTroskach","vezninatroskach","7","doprovod_zizku_katerinu_a_bohutu_na_konec_chodby","Progress","False","vezninatr_dojdi_na_konec__qO96","Accompany Zizka, Katherine and Godwin to the end of the passageway.","Doprovoď Žižku, Kateřinu a Bohutu na konec chodby.","1","hibernable.tajna_chodba.objective_dojdi_na_konec_chodby.objectiveVisual7"
"M12","vezniNaTroskach","vezninatroskach","8","nasleduj_bohutu_dolu_do_chodby","Progress","False","vezninatr_nasleduj_bohutu_vjGx","Follow Godwin down into the passageway.","Následuj Bohutu dolů do chodby.","1","hibernable.tajna_chodba.objective_nasleduj_bohutu_do_chodby.objectiveVisual9"
"M12","vezniNaTroskach","vezninatroskach","9","najdi_klice_od_hradu","Progress","False","vezninatr_najdi_klice_od__r88S","Find the castle keys.","Najdi klíče od hradu.","1","hibernable.trosky_pred_bouri.baba.pista.prohledavani_stashe.objective_najdi_zabavene_veci_a_klice.objectiveVisual29"
"M12","vezniNaTroskach","vezninatroskach","10","setkej_se_s_mikou_v_opustenem_tabore","FindMika","False","vezninatr_tmp_neco_v_campe_tsyy","Meet Mika in the abandoned camp.","Setkej se s Mikou v opuštěném táboře","1","hibernable.apolena.venku.informator_a_straze_v_prvnim_campe.objectiveVisual38"
"M12","vezniNaTroskach","vezninatroskach","11","rozvaz_svazaneho_miku","ProgressAbortable","False","vezninatr_rozvaz_svazaneh_YfYi","Untie Mika.","Rozvaž svázaného Miku","1","hibernable.apolena.venku.informator_a_straze_v_prvnim_campe.objectiveVisual86"
"M12","vezniNaTroskach","vezninatroskach","12","jdi_na_jih_k_dvojte_skale_s_rozbitym_vozem","ProgressFailableAbortable","False","vezninatr_tmp_druhy_marke_0j7G","Go south to the double rock with the broken cart.","Jdi na jih k dvojté skále s rozbitým vozem.","1","hibernable.apolena.venku.objective_pri_poustevnikovi.objectiveVisual2"
"M12","vezniNaTroskach","vezninatroskach","13","projdi_mezi_skalami_do_kopce","ProgressFailableAbortable","False","vezninatr_tmp_treti_marke_qhik","Go uphill between the rocks.","Projdi mezi skalami do kopce.","1","hibernable.apolena.venku.treti_objective.objectiveVisual4"
"M12","vezniNaTroskach","vezninatroskach","14","pokracuj_na_jih_az_na_konec_apoleny","Progress","False","vezninatr_dojdi_ke_konim__Bndq","Continue south until the edge of Apollonia.","Pokračuj na jih až na konec Apoleny.","1","hibernable.apolena.venku.posledni_objective.objectiveVisual45"
"M30","posledniPomazani","poslednipomazani","0","jdi_po_schodech_na_predni_hradby","ProgressAbortable","False","poslednip_objective1_9O8s","Go up the stairs to the front ramparts.","Jdi po schodech na přední hradby.","1","hibernable.objectiveVisual43"
"M30","posledniPomazani","poslednipomazani","1","bran_predni_hradby","DesperateDefenseAsBohuta_SilentCompletionObjective","False","poslednip_bran_hradbu_y3Yz","Defend the front ramparts!","Braň přední hradby.","1","hibernable.objectiveVisual5"
"M30","posledniPomazani","poslednipomazani","2","pomoz_na_nadvori_s_obranou_brany","DesperateDefenseAsBohuta_SilentCompletionObjective","False","poslednip_pomoz_na_nadvor_Asak","Help defend the gate in the courtyard!","Pomoz na nádvoří s obranou brány!","1","hibernable.objectiveVisual6"
"M30","posledniPomazani","poslednipomazani","3","nasleduj_velitele_na_bocni_hradbu","DesperateDefenseAsBohuta_SilentCompletionObjective","False","poslednip_dostan_se_na_bo_MLRL","Follow the commander Dry Devil.","Následuj velitele Suchého Čerta.","1","hibernable.objectiveVisual7"
"M30","posledniPomazani","poslednipomazani","4","shod_zebrik","Progress","False","poslednip_shod_zebriky_8Vh2","Knock down the ladder!","Shoď žebřík!","1","hibernable.objectiveVisual8"
"M30","posledniPomazani","poslednipomazani","5","zbav_se_vsech_nepratel_na_hradbe","Progress","False","poslednip_odraz_nepritele_COTb","Wipe out all the enemy forces on the rampart!","Zbav se všech nepřátel na hradbě!","1","hibernable.objectiveVisual9"
"M31","prijezdNaSuchdol","prijezdnasuchdol","0","nasleduj_zizku_a_katerinu","Progress","False","prijezdna_nasleduj_zizku__VB18","Follow Zizka and Katherine.","Následuj Žižku a Kateřinu.","1","prijezd.cin_m3110k_prijezdnasuchdol__arrival_suchdol.objectiveVisual20"
"M31","prijezdNaSuchdol","prijezdnasuchdol","1","promluv_si_s_panem_piskem_v_hodovnim_sale","Progress","False","prijezdna_jdi_se_navecere_dzzV","Talk to Lord Pisek in the banquet hall.","Promluv si s panem Pískem v hodovním sále.","1","prijezd.suchdol_vecere.objectiveVisual3"
"M31","prijezdNaSuchdol","prijezdnasuchdol","2","bez_se_vyspat","Progress","False","prijezdna_jdi_si_odpocino_ulWQ","Go and get some sleep.","Běž se vyspat.","1","prijezd.suchdol_vecere.objectiveVisual10"
"M31","prijezdNaSuchdol","prijezdnasuchdol","3","pred_spanim_se_vykoupej","ProgressAbortable","True","prijezdna_pred_spanim_se__8IAn","Have a bath before going to bed.","Před spaním se vykoupej.","1","prijezd.suchdol_vecere.objectiveVisual60"
"M31","prijezdNaSuchdol","prijezdnasuchdol","4","najdi_zizku","Progress","False","prijezdna_najdi_zizku_EzOH","Find Zizka.","Najdi Žižku.","1","na_tvrzi.zizka.objectiveVisual3"
"M31","prijezdNaSuchdol","prijezdnasuchdol","5","utkej_se_se_straznym","DuelInArena","False","prijezdna_utkej_se_s_hejt_SzLJ","Duel with the guard.","Utkej se se strážným.","1","na_tvrzi.katerina.vyzva_kateriny.objectiveVisual47"
"M31","prijezdNaSuchdol","prijezdnasuchdol","6","promluv_si_s_katerinou_o_souboji","Progress","False","prijezdna_promluv_si_s_ka_gMQz","Talk to Katherine about the duel.","Promluv si s Kateřinou o souboji.","1","na_tvrzi.katerina.vyzva_kateriny.objectiveVisual39"
"M31","prijezdNaSuchdol","prijezdnasuchdol","7","bez_do_hodovni_sine_na_audienci","Progress","False","prijezdna_bez_na_audienci_o6pe","Go to the banquet hall for the audience.","Běž do hodovní síně na audienci.","1","na_tvrzi.audience.objectiveVisual2"
"M32","sedmStatecnych","sedmstatecnych","0","jed_s_zizkou_do_certovky","cestaNaMisto","False","sedmstate_jed_s_zizkou_do_qstu","Go to the Devil's Den with Zizka.","Jeď s Žižkou do Čertovky.","1","h.do_certovky.objectiveVisual1"
"M32","sedmStatecnych","sedmstatecnych","1","pomoz_kubenkovi_v_bitce","Progress","False","sedmstate_sejmi_kubenkovi_B8hR","Help Kubyenka in the brawl!","Pomoz Kuběnkovi v bitce!","1","h.prijezd_do_certovky.bitka_s_kubenkou.objectiveVisual2"
"M32","sedmStatecnych","sedmstatecnych","2","nasleduj_kubenku_ke_zbranim","cestaNaMisto","False","sedmstate_nasleduj_kubenk_z2Hp","Follow Kubyenka to the weapons.","Následuj Kuběnku ke zbraním.","1","h.pro_kvery.kubenka_jede_k_mistu_hledani.objectiveVisual1"
"M32","sedmStatecnych","sedmstatecnych","3","ziskej_zbrane","ziskejZbrane","False","sedmstate_ziskej_zbrane_OBhQ","Get the guns.","Získej zbraně.","1","h.pro_kvery.kubenka_hleda_stash.objectiveVisual11"
"M32","sedmStatecnych","sedmstatecnych","4","rekni_kubenkovi_ze_muzete_vyrazit","Progress","False","sedmstate_rekni_kubenkovi_ofnB","Tell Kubyenka you can go.","Řekni Kuběnkovi, že můžete vyrazit.","1","h.pro_kvery.kubenka_ceka_na_hrace.muzete_vyrazit"
"M32","sedmStatecnych","sedmstatecnych","5","predej_zizkovi_nalezene_rucnice","Progress","False","sedmstate_promluv_si_s_zi_5ja1","Give the hand cannons you found to Zizka.","Předej Žižkovi nalezené ručnice.","1","h.zachrana_certa.presun_a_priprava_na_prepadeni.objectiveVisual5"
"M32","sedmStatecnych","sedmstatecnych","6","zachran_sucheho_certa","Progress","False","sedmstate_zachran_certa_RHfW","Rescue the Dry Devil!","Zachraň Suchého Čerta!","1","h.zachrana_certa.masivni_bitka_o_zachranu_certa.objectiveVisual2"
"M32","sedmStatecnych","sedmstatecnych","7","rekni_zizkovi_ze_se_muzete_vratit","ProgressAbortable","False","sedmstate_rekni_zizkovi_z_GDbA","Tell Zizka you can come back.","Řekni Žižkovi, že se můžete vrátit.","1","h.zachrana_certa.patche_a_dialogy_po_bitce.objectiveVisual2"
"M32","sedmStatecnych","sedmstatecnych","8","zjisti_co_bude_dal","Progress","False","sedmstate_debriefuj_se_v__73UU","Find out what is our next move.","Zjisti, co bude dál.","1","h.debriefing_v_certovce.objectiveVisual7"
"M32","sedmStatecnych","sedmstatecnych","9","nasleduj_kubenku_k_mistu_prepadeni","Progress","False","sedmstate_nasleduj_kubenk_aR7y","Follow Kubyenka to the ambush spot!","Následuj Kuběnku k místu přepadení!","1","h.zachrana_certa.presun_a_priprava_na_prepadeni.cesta_k_mistu_prepadeni.objectiveVisual1"
"M32","sedmStatecnych","sedmstatecnych","10","odjed_na_certovku_na_debriefing","Progress","False","sedmstate_odjed_na_certov_2u51","Go to the Devil's Den for a debriefing!","Odjeď na Čertovku na debriefing!","0",""
"M33","hledaniLichtenstejna","hledanilichtenstejna","0","talkToKaterina","Progress","False","hledanili_talktokaterina_AA4A","Talk to Katherine.","Promluv si s Kateřinou.","1","rande_s_katerinou.objectiveVisual2"
"M33","hledaniLichtenstejna","hledanilichtenstejna","1","searchForKozina","searchForKozina","False","hledanili_searchforkozina_VmNP","Find Goatskin.","Najdi Kozinu.","1","hledaniLichtenstejna_searchForKozina.objectiveVisual1"
"M33","hledaniLichtenstejna","hledanilichtenstejna","2","naklon_si_cenka","ProgressUpdated","False","hledanili_naklon_si_cenka_bDQA","Gain Chenyek's respect.","Nakloň si Čeňka.","1","hledaniLichtenstejna_searchForKozina.s_vazounem_ve_spelunce.objectiveVisual44"
"M33","hledaniLichtenstejna","hledanilichtenstejna","3","getRespect","fistfigthWithVazoun","False","hledanili_getrespect_zGAh","Fight with Goliath.","Poper se s Vazounem.","1","hledaniLichtenstejna_searchForKozina.s_vazounem_ve_spelunce.objectiveVisual43"
"M33","hledaniLichtenstejna","hledanilichtenstejna","4","questionMari","questionMari","True","hledanili_questionmari_tZQY","Find out more from Goatskin's girlfriend.","Zjisti víc od Kozinovi milenky.","1","hledaniLichtenstejna_searchForKozina.okolo_lazni.lazne.objectiveVisual4"
"M33","hledaniLichtenstejna","hledanilichtenstejna","5","followDrunkenUdo","followDrunkenUdo","True","hledanili_followdrunkenudo_wjeX","Follow the German merchant.","Sleduj německého kupce.","1","hledaniLichtenstejna_searchForKozina.okolo_lazni.opily_nemec.objectiveVisual5"
"M33","hledaniLichtenstejna","hledanilichtenstejna","6","drunkenCzechLuringKozinaOut","drunkenCzechLuringKozinaOut","True","hledanili_drunkenczechlur_A72Z","Try to lure Goatskin into robbing me.","Zkus Kozinu nalákat na sebe.","1","hledaniLichtenstejna_searchForKozina.okolo_lazni.opily_cech.objectiveVisual7"
"M33","hledaniLichtenstejna","hledanilichtenstejna","7","talkToSamuel","Progress","False","hledanili_talktosamuel_Telj","Talk to Samuel.","Promluv si se Samuelem.","1","hledaniLichtenstejna_dealingWithSamuel.v_synagoze.objectiveVisual1"
"M33","hledaniLichtenstejna","hledanilichtenstejna","8","meetingWithSamuel","meetingWithSamuel","False","hledanili_meetingwithsamu_PCsO","Infiltrate the antisemites' meeting.","Infiltruj se na schůzku antisemitů.","1","hledaniLichtenstejna_dealingWithSamuel.opusteny_dvorek.objectiveVisual17"
"M33","hledaniLichtenstejna","hledanilichtenstejna","9","scuffleWithSamuelsMen","scuffleWithSamuelsMen","False","hledanili_scufflewithsamu_FC2w","Get out of the trap!","Dostaň se z pasti!","1","hledaniLichtenstejna_dealingWithSamuel.opusteny_dvorek.hrac_prichazi_do_pasti.sarvatka_s_pohunky.objectiveVisual2"
"M33","hledaniLichtenstejna","hledanilichtenstejna","10","outroLog","outroLog","False","hledanili_outrolog_aS4C","Final log.","Finální log.","1","hledaniLichtenstejna_dealingWithSamuel.nalezeni_lichtenstejna.objectiveVisual5"
"M33","hledaniLichtenstejna","hledanilichtenstejna","11","nastraz_past_na_kozinu","trapKozina","True","hledanili_nastraz_past_na_q329","Set a trap for Goatskin.","Nastraž past na Kozinu.","1","hledaniLichtenstejna_searchForKozina.okolo_lazni.objectiveVisual23"
"M33","hledaniLichtenstejna","hledanilichtenstejna","12","porad_se_s_katerinou","ProgressAbortable","False","hledanili_porad_se_s_kate_54Y3","Consult with Katherine.","Poraď se s Kateřinou.","1","hledaniLichtenstejna_searchForKozina.okolo_lazni.objectiveVisual19"
"M33","hledaniLichtenstejna","hledanilichtenstejna","13","vrat_se_za_kozinou","Progress","False","hledanili_vrat_se_za_kozi_C1YJ","Go back to see Goatskin.","Vrať se za Kozinou.","1","hledaniLichtenstejna_searchForKozina.okolo_lazni.objectiveVisual25"
"M33","hledaniLichtenstejna","hledanilichtenstejna","14","objective2","ProgressUpdated","False","hledanili_objective2_KA8x","Go back to see Goatskin.","Vrať se za Kozinou.","1","hledaniLichtenstejna_searchForKozina.okolo_lazni.objectiveVisual29"
"M33","hledaniLichtenstejna","hledanilichtenstejna","15","pockej_na_zacatek_schuzky","ProgressAbortable","False","hledanili_pockej_na_schuz_kaJw","Wait for the meeting to start.","Počkej na začátek schůzky.","1","hledaniLichtenstejna_dealingWithSamuel.opusteny_dvorek.objectiveVisual45"
"M34","kralovskeStribro","kralovskestribro","0","jdi_do_ruthardky","Progress","False","kralovske_najdi_kunclina__dpnA","Go to Ruthard Palace.","Jdi do Ruthardky.","1","main_hibernable.sidlo_ruthardovcu.objectiveVisual32"
"M34","kralovskeStribro","kralovskestribro","1","pomoz_ruthardum","ProgressFailable","False","kralovske_pomoz_ruthardov_NSo4","Help the Ruthards.","Pomoz Ruthardům.","1","main_hibernable.sidlo_ruthardovcu.boj_s_vavakovymi_muzi.fight_ruthard_vs_vavak.objectiveVisual3_1"
"M34","kralovskeStribro","kralovskestribro","2","vrat_se_do_ruthardky","Progress","False","kralovske_p2_vrat_se_za_r_6Ckt","Return to Ruthard Palace.","Vrať se do Ruthardky.","1","main_hibernable.sidlo_ruthardovcu.objectiveVisual48"
"M34","kralovskeStribro","kralovskestribro","3","promluv_si_s_ruthardem","ProgressAbortable","False","kralovske_promluv_si_s_ru_dvtP","Talk to Ruthard.","Promluv si s Ruthardem.","1","main_hibernable.sidlo_ruthardovcu.objectiveVisual47"
"M34","kralovskeStribro","kralovskestribro","4","ziskej_dukazy_proti_vavakovi","gatherEvidenceAgainstVavak","False","kralovske_ziskej_dukazy_p_nx1m","Get evidence against Vavak.","Získej důkazy proti Vavákovi.","1","main_hibernable.objectiveVisual84"
"M34","kralovskeStribro","kralovskestribro","5","promluv_si_s_kristianem_z_pisku","Progress","False","kralovske_najdi_kristiana_Z4gY","Talk to Christian of Pisek.","Promluv si s Kristiánem z Písku.","1","main_hibernable.seznameni_s_kristianem.objectiveVisual3"
"M34","kralovskeStribro","kralovskestribro","6","promluv_si_s_kristianem_v_ustrani","talkToNPCelsewhere","False","kralovske_p2_promluv_si_s_G97W","Talk to Christian in private.","Promluv si s Kristiánem v ústraní.","1","main_hibernable.doly.objectiveVisual23"
"M34","kralovskeStribro","kralovskestribro","7","najdi_vstup_do_dolu","Progress","False","kralovske_najdi_vstup_do__vEQj","Enter the mine.","Vstup do dolů.","1","main_hibernable.doly.hornici__smeny.objectiveVisual8"
"M34","kralovskeStribro","kralovskestribro","8","zjisti_tezbu_frantovic_synku","minersShift1","False","kralovske_ziskej_info_od__o9rZ","Find out the amount mined by Frank's sonnies.","Zjisti těžbu Frantovic synků.","1","main_hibernable.doly.hornici__smeny.prvni_smena_horniku.objectiveVisual1"
"M34","kralovskeStribro","kralovskestribro","9","zjisti_tezbu_pavlovic_synku","minersShift2","False","kralovske_ziskej_info_od__6oK3","Find out the amount mined by Paul's sonnies.","Zjisti těžbu Pavlovic synků.","1","main_hibernable.doly.hornici__smeny.druha_smena_horniku_1.objectiveVisual20"
"M34","kralovskeStribro","kralovskestribro","10","zjisti_tezbu_samkovic_synku","minersShift3","False","kralovske_ziskej_info_od__2uEF","Find out the amount mined by Samko's sonnies.","Zjisti těžbu Samkovic synků.","1","main_hibernable.doly.hornici__smeny.treti_smena_horniku_2.objectiveVisual20"
"M34","kralovskeStribro","kralovskestribro","11","rekni_kristianovi_co_jsi_zjistil_od_haviru","Progress","False","kralovske_vrat_se_za_kris_EEMu","Tell Christian what you learned from the miners.","Řekni Kristiánovi, co jsi zjistil od havířů.","1","main_hibernable.doly.objectiveVisual19"
"M34","kralovskeStribro","kralovskestribro","12","donut_masla_spolupracovat","ProgressFailable","False","kralovske_promluv_si_s_ma_Vi2p","Get Fett to co-operate.","Donuť Másla spolupracovat.","1","main_hibernable.doly.objectiveVisual5"
"M34","kralovskeStribro","kralovskestribro","13","donut_hermana_spolupracovat","ProgressFailable","False","kralovske_promluv_s_rudok_BArw","Get Hermann to co-operate.","Donuť Heřmana spolupracovat.","1","main_hibernable.doly.objectiveVisual52"
"M34","kralovskeStribro","kralovskestribro","14","prober_s_kristianem_co_jste_zjistili_v_dolech","Progress","False","kralovske_p2_vrat_se_za_k_II3V","Tell Christian what you found in the mines.","Prober s Kristiánem, co jste zjistili v dolech.","1","main_hibernable.doly.objectiveVisual60"
"M34","kralovskeStribro","kralovskestribro","15","promluv_si_s_buresem","ProgressFailableAbortable","True","kralovske_p2_promluv_si_s_0LBz","Talk to Buresh.","Promluv si s Burešem.","1","main_hibernable.hute.objectiveVisual41"
"M34","kralovskeStribro","kralovskestribro","16","prozkoumej_hute","exploreSmelter","False","kralovske_p2_prozkoumej_h_jydC","Look around the smelter.","Prozkoumej hutě.","1","main_hibernable.hute.objectiveVisual40"
"M34","kralovskeStribro","kralovskestribro","17","najdi_vokraka","vokrakProgress","False","kralovske_p2_najdi_vokraka_Mdam","Find Volkmar.","Najdi Vokřáka.","1","main_hibernable.hute.vokrak.objectiveVisual71"
"M34","kralovskeStribro","kralovskestribro","18","prohledej_vokraka","Progress","False","kralovske_p2_prohledej_vo_rX1x","Search Volkmar.","Prohledej Vokřáka.","1","main_hibernable.hute.vokrak.objectiveVisual14"
"M34","kralovskeStribro","kralovskestribro","19","promluv_si_s_vokrakem","vokrakProgress","False","kralovske_p2_promluv_si_s_hPJ2","Talk to Volkmar.","Promluv si s Vokřákem.","1","main_hibernable.hute.vokrak.objectiveVisual13"
"M34","kralovskeStribro","kralovskestribro","20","vrat_se_za_kristianem","Progress","False","kralovske_p2_jdi_za_krist_kRvT","Go back to Christian.","Vrať se za Kristiánem.","1","main_hibernable.hute.objectiveVisual69"
"M34","kralovskeStribro","kralovskestribro","21","najdi_tajnou_mincovnu","Progress","False","kralovske_p2_najdi_tajnou_I6hJ","Find the secret mint.","Najdi tajnou mincovnu.","1","main_hibernable.tajna_mincovna.objectiveVisual20"
"M34","kralovskeStribro","kralovskestribro","22","vysvobod_veznene_pregere","ProgressFailable","True","kralovske_vysvobod_veznen_ou4o","Free the imprisoned coiners.","Vysvoboď vězněné pregéře.","1","main_hibernable.tajna_mincovna.razirna_a_pregeri.objectiveVisual3"
"M34","kralovskeStribro","kralovskestribro","23","uzavrete_s_kristianem_vysetrovani","Progress","False","kralovske_p2_vrat_se_za_k_nESB","Conclude your investigation with Christian.","Uzavřete s Kristiánem vyšetřování.","1","main_hibernable.zaver_u_kristiana.objectiveVisual3"
"M35","zachranaPtacka","zachranaptacka","0","ohlas_se_ruthardum","Progress","False","zachranap_promluv_s_rutha_nlxL","Report to the Ruthards.","Ohlas se u Ruthardů.","1","uvod_v_kutne_hore.uvodni_polylogova_smrst.objectiveVisual24"
"M35","zachranaPtacka","zachranaptacka","1","prednes_mincmistrovi_obvineni","VavakAccusation","False","zachranap_prednes_oldrich_hgJz","Accuse the Mint Master.","Přednes mincmistrovi obvinění.","1","uvod_v_kutne_hore.uvodni_polylogova_smrst.ruthardi_a_vavak_polylog.objectiveVisual15"
"M35","zachranaPtacka","zachranaptacka","2","poraz_mincmistra_a_jeho_muze","Progress","False","zachranap_poraz_oldricha__lZq2","Defeat the Mint Master and his men.","Poraž mincmistra a jeho muže.","1","uvod_v_kutne_hore.uvodni_polylogova_smrst.konfrontace_s_vavakem.bitka_s_vavakem.objectiveVisual21"
"M35","zachranaPtacka","zachranaptacka","3","promluv_si_s_rozou","Progress","False","zachranap_promluv_s_rozou_JEtP","Speak to Rosa.","Promluv si s Rózou.","1","uvod_v_kutne_hore.u_rozy.objectiveVisual8"
"M35","zachranaPtacka","zachranaptacka","4","promluv_si_s_hastalem","TalkWithHorseman","False","zachranap_promluv_s_hasta_Iyzc","Speak to Hashtal.","Promluv si s Haštalem.","1","cesta_na_malesov_a_hledani_chodby.u_konaka_hastala.objectiveVisual9"
"M35","zachranaPtacka","zachranaptacka","5","najdi_starou_kaplicku","FindFirstCross","False","zachranap_najdi_prvni_kriz_38mS","Find the old chapel.","Najdi starou kapličku.","1","cesta_na_malesov_a_hledani_chodby.hledani_tajny_chodbice.hledani_a_vykopavani_chodby.objectiveVisual20"
"M35","zachranaPtacka","zachranaptacka","6","najdi_vstup_do_tajne_chodby","LookingForPassage","False","zachranap_najdi_vstup_do__Q9L6","Find the entrance to the secret passage.","Najdi vstup do tajné chodby.","1","cesta_na_malesov_a_hledani_chodby.hledani_tajny_chodbice.hledani_a_vykopavani_chodby.objectiveVisual1"
"M35","zachranaPtacka","zachranaptacka","7","dostan_se_tajnou_chodbou_na_malesov","ThroughThePassage","False","zachranap_dostan_se_tajno_TM2y","Get to Maleshov through the secret passage.","Dostaň se tajnou chodbou na Malešov.","1","cesta_na_malesov_a_hledani_chodby.hledani_tajny_chodbice.cesta_chodbou.objectiveVisual32"
"M35","zachranaPtacka","zachranaptacka","8","najdi_jana_ptacka","FindCapon","False","zachranap_najdi_jana_ptac_ebOh","Find Hans Capon.","Najdi Jana Ptáčka.","1","vysvobozeni_ptacka.malesov.mission_possible_capon_liberation.objectiveVisual8"
"M35","zachranaPtacka","zachranaptacka","9","uprchni_s_janem_ptackem_z_malesova","GreatEscape","False","zachranap_uprchi_s_janem__G8tV","Flee from Maleshov with Hans Capon!","Uprchni s Janem Ptáčkem z Malešova!","1","vysvobozeni_ptacka.malesov.s_ptackem_a_brabantem_na_malesove.utek.objectiveVisual13"
"M35","zachranaPtacka","zachranaptacka","10","dostan_jana_ptacka_ke_konim","GetCaponToHorses","False","zachranap_dostan_jana_pta_ONjx","Get Hans Capon to the horses!","Dostaň Jana Ptáčka ke koním!","1","vysvobozeni_ptacka.malesov.s_ptackem_a_brabantem_na_malesove.ptacek_a_brabant_ke_konim.objectiveVisual36"
"M35","zachranaPtacka","zachranaptacka","11","obstarej_zbran_pro_jana_ptacka","ProgressAbortable","True","zachranap_obstarej_zbran__K9yV","Find a weapon for Hans Capon.","Obstarej zbraň pro Jana Ptáčka.","1","vysvobozeni_ptacka.malesov.hovory_s_pb.objectiveVisual19"
"M35","zachranaPtacka","zachranaptacka","12","obstarej_zbran_pro_vaquelina_brabanta","ProgressAbortable","True","zachranap_obstarej_zbran__X2tX","Find a weapon for Vauquelin Brabant.","Obstarej zbraň pro Vaquelina Brabanta.","1","vysvobozeni_ptacka.malesov.hovory_s_pb.objectiveVisual20"
"M35","zachranaPtacka","zachranaptacka","13","otevri_branu","GateOpening","False","zachranap_otevri_branu_obBM","Open the gate!","Otevři bránu!","1","vysvobozeni_ptacka.malesov.s_ptackem_a_brabantem_na_malesove.brana_a_jeji_otevreni.objectiveVisual13"
"M35","zachranaPtacka","zachranaptacka","14","doprovod_jana_ptacka_do_bezpeci","Progress","False","zachranap_doprovod_jana_p_cTez","Accompany Hans Capon to safety.","Doprovoď Jana Ptáčka do bezpečí.","1","vysvobozeni_ptacka.utek_z_malesova_na_ratbor.miliarda_dialogu_po_ceste.objectiveVisual31"
"M37a","setkaniVRatbori1","setkanivratbori1","0","getToTownHall_beforeTimeRunsOut","TimedProgressFailable","False","setkanivr_gettotownhall_b_6ozT","Infiltrate the City Council. ","Infiltruj se na městskou radu. ","1","h.casovy_limit.objectiveVisual5"
"M37a","setkaniVRatbori1","setkanivratbori1","1","blackmailVavak","ProgressAbortable","False","setkanivr_blackmailvavak_OXVk","Find out how to get to the City Council from Mint Master Vavak. ","Zjisti od mincmistra Vaváka, jak se dostat na městskou radu. ","1","h.vniknuti_na_kutnohorskou_radu.vavak.blackmailVavakOVN"
"M37a","setkaniVRatbori1","setkanivratbori1","2","getDocument","DocumentPhases_ver_01_03","False","setkanivr_getdocument_OCK6","Obtain the king's waiter's certificate. ","Opatři si osvědčení králova číšníka. ","1","h.vniknuti_na_kutnohorskou_radu.glejt.objectiveVisualgetDocument"
"M37a","setkaniVRatbori1","setkanivratbori1","3","getDisguise","DisguisePhases","False","setkanivr_getdisguise_jHx6","Obtain the king's waiter's clothes. ","Opatři si oděv králova číšníka. ","1","h.vniknuti_na_kutnohorskou_radu.objective__prevlek_.objectiveVisual2"
"M37a","setkaniVRatbori1","setkanivratbori1","4","nahlas_se_do_sluzby","ProgressAbortable","False","setkanivr_nahlas_se_do_sl_egrI","Report for duty.","Nahlaš se do služby.","1","h.vniknuti_na_kutnohorskou_radu.majordomus.objective.objectiveVisual6"
"M37a","setkaniVRatbori1","setkanivratbori1","5","obsluhuj_kutnohorske_radni","PourWineToChancellors","False","setkanivr_nalevej_vino_ra_GBUg","Serve the Kuttenberg councillors.","Obsluhuj kutnohorské radní.","1","h.kunohorsky_snem_1.paralel_feast_control.pour_objective.objectiveVisual2"
"M37a","setkaniVRatbori1","setkanivratbori1","6","dones_rychtari_plumelovi_zabavenou_dyku","feastMicroQuest","False","setkanivr_plc_hodor_plumm_s7Zp","Bring the confiscated goblet to Bailiff Plumel.","Dones rychtáři Plümelovi zabavený pohár.","1","h.kunohorsky_snem_1.paralel_feast_control.ukoly_od_konselu.ukol_rychtare_plummela.objectiveVisual7"
"M37a","setkaniVRatbori1","setkanivratbori1","7","najdi_a_prines_rukavice_franze_rosenthala","feastMicroQuest","False","setkanivr_plc_hodor_franz_LAQ0","Find and bring Franz Rosenthal's gloves.","Najdi a přines rukavice Franze Rosenthala.","1","h.kunohorsky_snem_1.paralel_feast_control.ukoly_od_konselu.ukol_franze_rosenthala.objectiveVisual7"
"M37a","setkaniVRatbori1","setkanivratbori1","8","seznam_se_s_brabantem","Progress","False","setkanivr_seznam_se_s_bra_xQm8","Meet Brabant.","Seznam se s Brabantem.","1","h.bohuta_na_ratbori_1.seznameni_se_s_hosty.objectiveVisual14"
"M37a","setkaniVRatbori1","setkanivratbori1","9","seznam_se_s_rabinem_a_jeho_doprovodem","Progress","False","setkanivr_seznam_se_se_sa_1cDD","Get to know the rabbi and his escort.","Seznam se s rabínem a jeho doprovodem.","1","h.bohuta_na_ratbori_1.seznameni_se_s_hosty.objectiveVisual15"
"M37a","setkaniVRatbori1","setkanivratbori1","10","promluv_si_s_lichtenstejnem","TalkedToLichtenstein","False","setkanivr_promluv_si_s_li_Gdhf","Talk to Liechtenstein.","Promluv si s Lichtenštejnem.","1","h.bohuta_na_ratbori_1.shaneni_podpory_.objectiveVisual9"
"M37a","setkaniVRatbori1","setkanivratbori1","11","sezen_podporu_u_anny_z_valdstejna","AnnaObjectiveSupport","False","setkanivr_sezen_podporu_u_u4FB","Get support from Anna of Waldstein.","Sežeň podporu u Anny z Valdštejna.","1","h.bohuta_na_ratbori_1.shaneni_podpory_.vdova_anna_z_valdstejna.objectiveVisual36"
"M37a","setkaniVRatbori1","setkanivratbori1","12","vymen_dokumenty_v_sedlovych_brasnach","Progress","False","setkanivr_vymen_balicky_v_ugky","Swap out the documents in the saddlebags.","Vyměň dokumenty v sedlových brašnách.","1","h.bohuta_na_ratbori_1.shaneni_podpory_.vdova_anna_z_valdstejna.objectiveVisual4"
"M37a","setkaniVRatbori1","setkanivratbori1","13","dostan_se_k_alderovym_spisum","ProgressFailable","True","setkanivr_zjisti_od_stolb_nh2o","Get to Alder's documents.","Dostaň se k Alderovým spisům.","0",""
"M37a","setkaniVRatbori1","setkanivratbori1","14","sezen_podporu_u_hamana_aldera","AlderObjectiveSupport","False","setkanivr_sezen_podporu_u_DI3N","Get support from Haman Alder.","Sežeň podporu u Hamana Aldera.","1","h.bohuta_na_ratbori_1.shaneni_podpory_.haman_adler_a_oderin.objectiveVisual3"
"M37a","setkaniVRatbori1","setkanivratbori1","15","utkej_se_s_krystofem_v_duelu","Progress","False","setkanivr_utkej_se_s_krys_el4U","Take on Christopher in a duel.","Utkej se s Kryštofem v duelu.","1","h.bohuta_na_ratbori_1.shaneni_podpory_.haman_adler_a_oderin.duel_s_krystofem_oderinem.objective_for_krystofduel.objectiveVisual3"
"M37a","setkaniVRatbori1","setkanivratbori1","16","promluv_si_s_krystofem","DialogueAfterDuel","False","setkanivr_promluv_si_s_kr_lOmT","Talk to Christopher.","Promluv si s Kryštofem.","1","h.bohuta_na_ratbori_1.shaneni_podpory_.haman_adler_a_oderin.seznameni_s_krystofem_1.objectiveVisual13"
"M37a","setkaniVRatbori1","setkanivratbori1","17","sezen_podporu_u_bocka_z_kunstatu","BocekObjectiveSupport","False","setkanivr_sezen_podporu_u_M5bV","Get support from Botschek of Kunstadt.","Sežeň podporu u Bočka z Kunštátu.","1","h.bohuta_na_ratbori_1.shaneni_podpory_.bocek_z_kunstatu.objectiveVisual2"
"M37a","setkaniVRatbori1","setkanivratbori1","18","promluv_si_lichtenstejnem_o_sehnane_podpore","Progress","False","setkanivr_promluv_si_lich_J8ZV","Talk to Liechtenstein about the arranged support.","Promluv si Lichtenštejnem o sehnané podpoře.","1","h.bohuta_na_ratbori_1.shaneni_podpory_.kdyz_mam_vsechny.objectiveVisual5"
"M37a","setkaniVRatbori1","setkanivratbori1","19","obsluhuj_krale_zikmunda_lucemburskeho","Progress","False","setkanivr_obsluhuj_krale__AosP","Serve King Sigismund of Luxembourg. ","Obsluhuj krále Zikmunda Lucemburského. ","1","h.kunohorsky_snem_2_2.objective.objectiveVisual2"
"M37b","setkaniVRatbori2","setkanivratbori2","0","bav_se_na_hostine_obs","DobreSeBav","True","setkanivr_dobre_se_bav_eLkE","Celebrate with the guests.","Bav se s hosty.","1","hibernable.zacatek_na_party.objectiveVisual2"
"M37b","setkaniVRatbori2","setkanivratbori2","1","promluv_si_s_lichtenstejnem","ProgressAbortable","False","setkanivr_promluv_si_s_li_tQyr","Talk to Liechtenstein.","Promluv si s Lichtenštejnem.","1","hibernable.zacatek_na_party.objectiveVisual40"
"M37b","setkaniVRatbori2","setkanivratbori2","2","sezenk_vino_pro_lichtenstejna","ProgressUpdated","False","setkanivr_zajdi_do_sklepa_ulfW","Get a quality wine for Liechtenstein.","Sežeň kvalitní víno pro Lichtenštejna.","0",""
"M37b","setkaniVRatbori2","setkanivratbori2","3","dones_dzbanek_dobreho_vina_pro_damy","Progress","True","setkanivr_dones_dzbanek_d_suzF","Bring a jug of good wine for the ladies.","Dones džbánek dobrého vína pro dámy.","0",""
"M37b","setkaniVRatbori2","setkanivratbori2","4","zachran_bratra","ProgressFailable","True","setkanivr_zachran_bratra_aXNc","Protect your brother.","Chraň bratra.","1","hibernable.nocni_bitva.objectiveVisual2"
"M37b","setkaniVRatbori2","setkanivratbori2","5","bran_ratbor","ProgressFailable","False","setkanivr_pomoz_zizkovi_n_TCv5","Defend Raborsch!","Braň Ratboř!","1","hibernable.nocni_bitva.objectiveVisual4"
"M37b","setkaniVRatbori2","setkanivratbori2","6","jed_na_pomoc_pratelum","Progress","False","setkanivr_jed_na_pomoc_pr_xnqI","Go and help your friends!","Jeď na pomoc přátelům!","1","hibernable.bitva_za_jindru.objectiveVisual19"
"M37b","setkaniVRatbori2","setkanivratbori2","7","poraz_utocniky_","Progress","False","setkanivr_porazte_neprate_60Ed","Defeat the attackers! ","Poraž útočníky! ","1","hibernable.bitva_za_jindru.objectiveVisual4"
"M37b","setkaniVRatbori2","setkanivratbori2","8","zjisti_co_se_stalo","afterBattlePolylog_setkaniVRatbori2","False","setkanivr_zjisti_co_se_st_S9hP","Find out what happened.","Zjisti, co se stalo.","1","hibernable.dialogy_po_bitve.objectiveVisual15"
"M37b","setkaniVRatbori2","setkanivratbori2","9","zjisti_co_se_odehralo","afterBattlesDialogues_setkaniVRatbori2","False","setkanivr_zjisti_co_se_od_pbda","Tell Sam and Liechtenstein about the threat to the Jews in Kuttenberg.","Řekni Samovi a Lichtenštejnovi o hrozbě pro kutnohorské židy.","1","hibernable.dialogy_po_bitve.objectiveVisual2"
"M37b","setkaniVRatbori2","setkanivratbori2","10","sezen_dzbanek_vina","ProgressUpdated","False","setkanivr_sezen_dzbanek_v_BmRd","Find a jug of wine.","Sežeň džbánek vína.","1","hibernable.zacatek_na_party.bohuta_jde_pro_vino.objectiveVisual26"
"M38","sedmStatecnych2","sedmstatecnych2","0","vyptej_se_kubenky_na_zbytek_bandy","ProgressAbortable","False","sedmstate_vyptej_se_kuben_xun2","Ask Kubyenka about the rest of the band.","Vyptej se Kuběnky na zbytek bandy.","1","h.zadani_s_kubenkou.objectiveVisual2"
"M38","sedmStatecnych2","sedmstatecnych2","1","promluv_si_s_rychtarem_v_miskovic","ProgressFailableAbortable","False","sedmstate_promluv_si_s_ry_QmX6","Talk to the Miskowitz Bailiff.","Promluv si s Rychtářem v Miskovicích.","1","h.s_rychtarem_v_miskovicich.objectiveVisual2"
"M38","sedmStatecnych2","sedmstatecnych2","2","najdi_matouse","FindTheBandit","False","sedmstate_najdi_banditu_w2dC","Find Matthew.","Najdi Matouše.","1","h.bandita.objectiveVisual2"
"M38","sedmStatecnych2","sedmstatecnych2","3","promluv_si_s_matousem","SpeakWithBandit","False","sedmstate_promluv_si_s_ba_cMMS","Talk to Matthew.","Promluv si s Matoušem.","1","h.bandita.objectiveVisual5"
"M38","sedmStatecnych2","sedmstatecnych2","4","prohledej_misto_prepadeni","Progress","True","sedmstate_prohledej_misto_qVnW","Search the ambush site.","Prohledej místo přepadení.","0",""
"M38","sedmStatecnych2","sedmstatecnych2","5","nasleduj_stopy_lapku","Progress","True","sedmstate_nasleduj_stopy_48et","Follow the bandits' trail.","Následuj stopy lapků.","0",""
"M38","sedmStatecnych2","sedmstatecnych2","6","promluv_si_s_borutem","ProgressFailable","False","sedmstate_promluv_si_s_na_O9BI","Talk to Bohuta.","Promluv si s Bořutem.","1","h.napraveny_borut.objectiveVisual5"
"M38","sedmStatecnych2","sedmstatecnych2","7","pomodli_se_s_borutem","PrayWithBorut","True","sedmstate_pomodli_se_s_na_cJ5O","Say a prayer with Bohuta.","Pomodli se s Bořutem.","1","h.napraveny_borut.objectiveVisual6"
"M38","sedmStatecnych2","sedmstatecnych2","8","vyptej_se_na_ranka_v_hospode","AskAboutArcher","False","sedmstate_vyptej_se_na_ra_Pefn","Ask about Ranyek at the inn.","Vyptej se na Raňka v hospodě.","1","h.hospodsti_pritoky_a_bylany.objectiveVisual8"
"M38","sedmStatecnych2","sedmstatecnych2","9","promluv_si_s_kostkari","SpeakWithDicePlayers","False","sedmstate_promluv_si_s_ko_EjWz","Talk to the dice players.","Promluv si s kostkaři.","1","h.hovna.objectiveVisual37"
"M38","sedmStatecnych2","sedmstatecnych2","10","nasleduje_kostkare","FollowDicePlayers","False","sedmstate_nasleduje_kostk_lPSz","Follow the dice players.","Následuje kostkaře.","1","h.hovna.objectiveVisual39"
"M38","sedmStatecnych2","sedmstatecnych2","11","najdi_ranka_ve_stoce","LookingForTheArcher","True","sedmstate_najdi_lukostrel_oy3T","Find Ranyek in the sewage.","Najdi Raňka ve stoce.","1","h.hovna.ve_srackach.hledani_ve_stoce.objectiveVisual4"
"M38","sedmStatecnych2","sedmstatecnych2","12","vytahni_ranka_ze_stoky","PullOutRanek","True","sedmstate_vytahni_lukostr_j823","Pull Ranyek out of the sewage.","Vytáhni Raňka ze stoky.","1","h.hovna.ve_srackach.objectiveVisual1"
"M38","sedmStatecnych2","sedmstatecnych2","13","dones_luk_hracum_kostek","Bow","True","sedmstate_dones_luk_hracu_e2UC","Bring the bow to the dice players.","Dones luk hráčům kostek.","1","h.hovna.odezvdani_hracum_kostek.objectiveVisual4"
"M38","sedmStatecnych2","sedmstatecnych2","14","vrat_se_za_hostinskym_v_bylanech","ProgressAbortable","False","sedmstate_vrat_se_za_host_0zkU","Go back to the Bylany innkeeper.","Vrať se za hostinským v Bylanech.","1","h.hovna.objectiveVisual49"
"M38","sedmStatecnych2","sedmstatecnych2","15","podivej_se_po_rankovi_u_latrin","FindArcherAlone","False","sedmstate_podivej_se_po_r_4k8z","Look for Ranyek by the latrines.","Podívej se po Raňkovi u latrín.","1","h.hovna.objectiveVisual45"
"M38","sedmStatecnych2","sedmstatecnych2","16","najdi_ranka","Progress","False","sedmstate_najdi_ranka_LSza","Find Ranyek.","Najdi Raňka.","1","h.hovna.ve_srackach.hledani_ve_stoce.nahodny_nalez.objectiveVisual1"
"M38","sedmStatecnych2","sedmstatecnych2","17","vyptej_se_na_komara","AskAboutMosquitoInInn","False","sedmstate_vyptej_se_hospo_M3Ps","Ask about Adder at the inn.","Vyptej se na Komára v hospodě.","1","h.hospodsti_pritoky_a_bylany.objectiveVisual2"
"M38","sedmStatecnych2","sedmstatecnych2","18","promluv_si_s_reznikovou_zenou_v_pritocich","AskAboutMosquitoButchersWife","False","sedmstate_najdi_komara_AT8m","Talk to the butcher's wife in Pschitoky.","Promluv si s řezníkovou ženou v Přítocích.","1","h.komar.v_pritokach.objectiveVisual2"
"M38","sedmStatecnych2","sedmstatecnych2","19","zachran_komara","SaveTheMosquito","False","sedmstate_zachran_komara_iZZ3","Rescue Adder.","Zachraň Komára.","1","h.komar.na_paloucku.objectiveVisual2"
"M38","sedmStatecnych2","sedmstatecnych2","20","odrizni_komara_od_stromu","Progress","False","sedmstate_odrizni_komara__mcjr","Cut Adder from the tree.","Odřízni Komára od stromu.","1","h.komar.na_paloucku.objectiveVisual4"
"M38","sedmStatecnych2","sedmstatecnych2","21","rozvaz_komara","ProgressFailable","False","sedmstate_rozvaz_komara_vRFs","Untie Adder.","Rozvaž Komára.","1","h.komar.na_paloucku.objectiveVisual6"
"M38","sedmStatecnych2","sedmstatecnych2","22","promluv_si_s_komarem","ProgressFailable","False","sedmstate_promluv_si_s_ko_9n4q","Talk to Adder.","Promluv si s Komárem.","1","h.komar.na_paloucku.komar_po_osvobozeni.objectiveVisual35"
"M38","sedmStatecnych2","sedmstatecnych2","23","promluv_si_s_komarem_po_boji","ProgressFailable","True","sedmstate_promluv_si_s_ko_8Td5","Talk to Adder.","Promluv si s Komárem.","1","h.komar.na_paloucku.komar_po_osvobozeni.objectiveVisual37"
"M38","sedmStatecnych2","sedmstatecnych2","24","pomoz_komarovi","ProgressFailable","True","sedmstate_pomoz_komarovi_LMH5","Help Adder.","Pomoz Komárovi.","1","h.komar.na_paloucku.komar_po_osvobozeni.objectiveVisual36"
"M38","sedmStatecnych2","sedmstatecnych2","25","najdi_hanse","FindTheHans","False","sedmstate_najdi_hanse_t8kO","Find Janosh.","Najdi Hanse.","1","h.hans_z_uher.objectiveVisual1"
"M38","sedmStatecnych2","sedmstatecnych2","26","promluv_si_s_rychtarem_v_miskovicich","SpeakWithBailif","True","sedmstate_promluv_si_s_ry_b3tt","Talk to the Miskowitz Bailiff.","Promluv si s Rychtářem v Miskovicích.","1","h.hans_z_uher.objectiveVisual2"
"M38","sedmStatecnych2","sedmstatecnych2","27","promluv_si_s_rychtarem_v_miskovicich_znovu","SpeakWithBailif","True","sedmstate_promluv_si_s_ry_sGOX","Talk to the Miskowitz Bailiff again.","Promluv si znovu s Rychtářem v Miskovicích.","1","h.hans_z_uher.objectiveVisual4"
"M38","sedmStatecnych2","sedmstatecnych2","28","vysvobod_hanse_z_pranyre","FreeHans","False","sedmstate_vysvobod_hanse__hVid","Get Janosh out of the pillory.","Vysvoboď Hanse z pranýře.","1","h.hans_z_uher.objectiveVisual6"
"M38","sedmStatecnych2","sedmstatecnych2","29","vylec_lojzu","Healing","True","sedmstate_vylec_lojzu_tbRG","Heal Loyza.","Vyleč Lojzu.","1","h.hans_z_uher.leceni_zraneneho_vesnicana.objectiveVisual21"
"M38","sedmStatecnych2","sedmstatecnych2","30","promluv_si_s_certem","Progress","False","sedmstate_promluv_si_s_ce_AHVg","Talk to the Dry Devil.","Promluv si s Čertem.","1","h.s_certem.objectiveVisual3"
"M38","sedmStatecnych2","sedmstatecnych2","31","vrat_se_za_kubenkou","ProgressAbortable","False","sedmstate_vrat_se_za_kube_W2iC","Return to Kubyenka.","Vrať se za Kuběnkou","1","h.zadani_s_kubenkou.objectiveVisual19"
"M38","sedmStatecnych2","sedmstatecnych2","32","podivej_se_po_hansovi_v_miskovicich","ProgressUpdated","False","sedmstate_podivej_se_po_h_6gUa","See if Janosh is in Miskowitz.","Podívej se po Hansovi v Miskovicích","1","h.hans_z_uher.objectiveVisual74"
"M38","sedmStatecnych2","sedmstatecnych2","33","pohrbi_ranka","ProgressAbortable","True","sedmstate_pohrbi_ranka_gEwp","Bury Ranyek.","Pohřbi Raňka","1","h.hovna.pohrbivani_ranka.objectiveVisual5"
"M42","pogrom","pogrom","0","odjed_vozem_do_kutne_hory","Progress","False","pogrom_sedni_si_na_vuz_UXLu","Get on a wagon to Kuttenberg!","Odjeď vozem do Kutné Hory!","1","hibernace.cesta_z_ratbore.objectiveVisual2"
"M42","pogrom","pogrom","1","dostan_se_do_mesta","ToSecretTunnel","False","pogrom_nasleduj_lichta_ch_6o1Z","Get to the city.","Dostaň se do města.","1","hibernace.prunik_do_kutne_hory.prunik_do_mesta.cesta_tunelem_a_jeho_omezovani.objectiveVisual11"
"M42","pogrom","pogrom","2","prohledej_hospodu","Progress","False","pogrom_vycisti_hospodu_od_Ixn4","Search the inn.","Prohledej hospodu.","1","hibernace.prunik_do_kutne_hory.cisteni_salamouna.cisteni_hospody_a_rozestaveni_nepratel.objectiveVisual2"
"M42","pogrom","pogrom","3","pockej_na_samuela_pred_hospodou","Progress","False","pogrom_jdi_kliknout_na_dv_p76o","Wait for Samuel outside the inn.","Počkej na Samuela před hospodou.","1","hibernace.prunik_do_kutne_hory.cisteni_salamouna.trialog_v_hospode.objectiveVisual7"
"M42","pogrom","pogrom","4","jdi_za_samuelem","Progress","False","pogrom_jdi_za_samem_99dq","Follow Samuel.","Jdi za Samuelem.","1","hibernace.k_matce_a_s_matkou.cesta_k_matce_a_dej_na_ulici.objectiveVisual32"
"M42","pogrom","pogrom","5","dojdi_za_samuelovou_matkou","Progress","False","pogrom_jdi_za_samem_k_mat_ZnG0","Go to Samuel's mother.","Dojdi za Samuelovou matkou.","1","hibernace.k_matce_a_s_matkou.cesta_k_matce_a_dej_na_ulici.objectiveVisual2"
"M42","pogrom","pogrom","6","utecte_pres_dvorky","Progress","False","pogrom_utec_zadem_2M4k","Escape through the backyards!","Utečte přes dvorky!","1","hibernace.k_matce_a_s_matkou.utek_od_matky_zadem.objectiveVisual2"
"M42","pogrom","pogrom","7","pobij_strelce_na_hradbach","Progress","False","pogrom_zabij_vsech_na_hra_4Vfb","Kill the shooters on the ramparts!","Pobij střelce na hradbách!","1","hibernace.k_matce_a_s_matkou.utek_od_matky_zadem.objectiveVisual12"
"M42","pogrom","pogrom","8","probij_se_domem","ProgressUpdated","False","pogrom_probij_se_domem_oc0R","Fight your way through the house!","Probij se domem!","1","hibernace.k_matce_a_s_matkou.utek_pres_dum.objectiveVisual3"
"M42","pogrom","pogrom","9","vydrz_napor_pred_synagogou","Progress","False","pogrom_vydrz_napor_pred_s_Xfj6","Withstand the onslaught outside the synagogue!","Vydrž nápor před synagogou!","1","hibernace.synagoga_a_jine_hity.objectiveVisual2"
"M42","pogrom","pogrom","10","rozluc_se_se_sarou_a_odjed_certovky","LouceniSeSarou","False","pogrom_rozluc_se_se_sarou_iuJK","Talk to Sara about Martin the blacksmith.","Promluv si se Sárou o kováři Martinovi.","1","hibernace.konec_questu.objectiveVisual2"
"M44a","zikmunduvTabor","zikmunduvtabor","0","talkToZizkaStart","ProgressAbortable","False","zikmunduv_talktozizkastart_pelN","Consult with Zizka on the next steps to take.","Poraď se se Žižkou, co dál.","1","hib.zacatek_na_certovce.objectiveVisual5"
"M44a","zikmunduvTabor","zikmunduvtabor","1","finishMagnificentSevenParteDeux","Progress","False","zikmunduv_finishmagnifice_91jt","Find Dry Devil's old gang.","Sežeň Čertovu starou bandu.","1","hib.zacatek_na_certovce.objectiveVisual6"
"M44a","zikmunduvTabor","zikmunduvtabor","2","waitForSamsReturnAfterM38","Progress","False","zikmunduv_waitforsamsretu_kc21","Wait till Samuel gets back from Kolin.","Počkej až se Samuel vrátí z Kolína.","1","hib.zacatek_na_certovce.objectiveVisual7"
"M44a","zikmunduvTabor","zikmunduvtabor","3","finishBothPrerequisities","Progress","False","zikmunduv_finishbothprere_zDG3","Wait till Samuel gets back from Kolin and find Dry Devil's old gang.","Počkej, až se Samuel vrátí z Kolína a sežeň Čertovu starou bandu.","0",""
"M44a","zikmunduvTabor","zikmunduvtabor","4","meet_catherine","MeetKatherineProgress","False","zikmunduv_meet_catherine_wt6o","Meet up with Katherine in the camp.","Setkej se s Kateřinou v táboře.","1","hib.faze_katerina.katerina_a_lazne.objectiveVisual5"
"M44a","zikmunduvTabor","zikmunduvtabor","5","get_recruited","Progress","False","pomstazar_nech_se_naverbo_QCq4","Get enlisted.","Nech se naverbovat.","1","hib.verbung_u_desatnika.objectiveVisual2"
"M44a","zikmunduvTabor","zikmunduvtabor","6","bring_deserters_report","Progress","False","zikmunduv_new_dones_hlase_X0Rt","Take the lost document to the commander.","Přines ztracenou listinu veliteli.","1","hib.musa_a_dezerteri.objectiveVisual4"
"M44a","zikmunduvTabor","zikmunduvtabor","7","investigate_stabbing","ProgressUpdatable","False","zikmunduv_prohledej_misto_21Yf","Search the spot where Chertan was stabbed.","Prohledej místo Cherthanova pobodání.","1","hib.chlastacka__vrazda.vysetrovani_pobodani.objectiveVisual11"
"M44a","zikmunduvTabor","zikmunduvtabor","8","investigate_murder","VysetriVrazduM44a","False","pomstazar_vysetri_vrazdu_ErPM","Investigate the murder.","Vyšetři vraždu.","1","hib.vysetrovani.objectiveVisual10"
"M44a","zikmunduvTabor","zikmunduvtabor","9","musaDlg_investigationStart","ProgressAbortable","False","zikmunduv_musadlg_investi_zM6C","Talk to Musa.","Promluv s Musou.","1","hib.vysetrovani.faze_1.poisonInfo.objectiveVisual2"
"M44a","zikmunduvTabor","zikmunduvtabor","10","investigateBody","ProgressUpdatedAbortable","False","pomstazar_ohledej_chertha_TwtX","Examine Chertan's corpse.","Prozkoumej Cherthanovu mrtvolu.","1","hib.vysetrovani.faze_1.poisonInfo.objectiveVisual5"
"M44a","zikmunduvTabor","zikmunduvtabor","11","musaDlg_afterBookReadAndBodyInspected","ProgressAbortable","False","pomstazar_vrat_se_za_musou_9sYC","Go back to Musa.","Vrať se za Musou.","1","hib.vysetrovani.faze_1.poisonInfo.objectiveVisual2_1"
"M44a","zikmunduvTabor","zikmunduvtabor","12","findIngredientsStepan","ProgressAbortable","False","zikmunduv_prohledej_desat_dssP","Search Stephen Crow's tent.","Prohledej stan Štěpána Vrány.","1","hib.vysetrovani.faze_2.desatnik__dukazy_a_obvineni.objectiveVisual2"
"M44a","zikmunduvTabor","zikmunduvtabor","13","findIngredientsGrozav","ProgressAbortable","False","zikmunduv_prohledej_groza_5OHT","Search Grozav's tent.","Prohledej Grozavův stan.","1","hib.vysetrovani.faze_2.grozav__dukazy.objectiveVisual2"
"M44a","zikmunduvTabor","zikmunduvtabor","14","plant_evidence","ProgressAbortable","True","zikmunduv_plant_proof_eMUe","Plant fake evidence in Grozav's tent.","Podstrč do Grozavova stanu falešné důkazy.","1","hib.vysetrovani.faze_2.grozav__dukazy.falsovani_dukazu.objectiveVisual3"
"M44a","zikmunduvTabor","zikmunduvtabor","15","odjed_s_katzem_z_tabor","Progress","False","pomstazar_promluv_si_s_ve_uZkX","Leave the camp with Katz.","Odjeď s Katzem z tábora.","1","hib.odjezd_a_prepadeni.objectiveVisual2"
"M44a","zikmunduvTabor","zikmunduvtabor","16","pobij_prazany","Progress","False","pomstazar_pobij_prazany_qicz","Kill the Praguers.","Pobij Pražany.","1","hib.odjezd_a_prepadeni.boj.objectiveVisual1"
"M44a","zikmunduvTabor","zikmunduvtabor","17","report_to_zizka","ProgressUpdatable","False","pomstazar_promluv_si_se_z_M1fi","Talk to Zizka.","Promluv si se Žižkou.","1","hib.odjezd_a_prepadeni.po_boji.objectiveVisual9"
"M44a","zikmunduvTabor","zikmunduvtabor","18","najdi_vraha","Progress","False","pomstazar_najdi_vraha_RU7n","Find the murderer.","Najdi vraha.","0",""
"M44a","zikmunduvTabor","zikmunduvtabor","19","najdi_ztracene_vojaky","DefectorsCampSearch","False","zikmunduv_dezerteri__najd_uunX","Find the lost soldiers.","Najdi ztracené vojáky.","1","hib.musa_a_dezerteri.hledani_dezerteru_.objectiveVisual2"
"M44a","zikmunduvTabor","zikmunduvtabor","20","promluv_si_s_musou","ProgressAbortable","True","zikmunduv_dezerteri__prom_oo1o","Talk to Musa.","Promluv si s Musou.","1","hib.musa_a_dezerteri.rozhovor_s_musou_a_leceni_.objectiveVisual2"
"M44a","zikmunduvTabor","zikmunduvtabor","21","pomoz_ranenemu_myskovi","DefectorsHealing","True","zikmunduv_dezerteri__pomo_0ORN","Help the wounded Myshek.","Pomoz raněnému Myškovi.","1","hib.musa_a_dezerteri.rozhovor_s_musou_a_leceni_.leceni.objectiveVisual2"
"M44a","zikmunduvTabor","zikmunduvtabor","22","postarej_se_o_ztracene_vojaky","ProgressFailable","True","zikmunduv_dezerteri__post_g1ve","Deal with the lost soldiers.","Postarej se o ztracené vojáky.","1","hib.musa_a_dezerteri.hledani_dezerteru_.objectiveVisual12"
"M44a","zikmunduvTabor","zikmunduvtabor","23","najdi_ztracenou_listinu","ProgressFailable","False","zikmunduv_dezerteri__najd_Y5Z5","Find the lost charter.","Najdi ztracenou listinu.","1","hib.musa_a_dezerteri.hledani_dezerteru_.objectiveVisual11"
"M44a","zikmunduvTabor","zikmunduvtabor","24","prohledej_musuv_stan","ProgressAbortable","False","zikmunduv_prohledej_musuv_rzqg","Search Musa's tent.","Prohledej Musův stan.","1","hib.vysetrovani.faze_2.musa.objectiveVisual1"
"M44a","zikmunduvTabor","zikmunduvtabor","25","prohledej_stan_vojtecha_a_radovana","ProgressAbortable","False","zikmunduv_prohledej_stan__Ci2K","Search the tent of Adalbert and Radovan.","Prohledej stan Vojtěcha a Radovana.","1","hib.vysetrovani.faze_2.strazni_z_veze.objectiveVisual1"
"M44a","zikmunduvTabor","zikmunduvtabor","26","precti_si_knihu_jedu","ProgressUpdatedAbortable","False","zikmunduv_precti_si_albik_YW8k","Read the book of poisons.","Přečti si knihu jedů.","1","hib.vysetrovani.faze_1.poisonInfo.precteni_knihy_jedu.objectiveVisual17"
"M44a","zikmunduvTabor","zikmunduvtabor","27","zabij_stepana","ProgressAbortable","False","zikmunduv_zabij_stepana_Iw7B","Kill Stephen Crow.","Zabij Štěpána Vránu.","1","hib.vysetrovani.faze_2.boj_s_bojs.objectiveVisual14"
"M44a","zikmunduvTabor","zikmunduvtabor","28","zabij_grozava","ProgressAbortable","False","zikmunduv_zabij_grozava_5uT5","Kill Grozav.","Zabij Grozava.","1","hib.vysetrovani.faze_2.boj_s_bojs.objectiveVisual15"
"M44a","zikmunduvTabor","zikmunduvtabor","29","pozadej_katerinu_o_pomoc_se_straznym","ProgressAbortable","True","zikmunduv_pozadej_katerin_jbZZ","Ask Katherine for help with the guard.","Požádej kateřinu o pomoc se strážným.","1","hib.vysetrovani.faze_1.poisonInfo.odlakani_musovy_straze.katerina_odlakava_strazneho.objectiveVisual3"
"M44a","zikmunduvTabor","zikmunduvtabor","30","rekni_katerine_o_odjezdu_prazanu","Progress","False","zikmunduv_rekni_katerine__Rtlt","Tell Katherine that the Praguers are moving out.","Řekni Kateřině o odjezdu Pražanů.","1","hib.odjezd_a_prepadeni.objectiveVisual5"
"M44a","zikmunduvTabor","zikmunduvtabor","31","promluv_si_s_katzem","Progress","False","zikmunduv_promluv_si_s_ka_l5eE","Talk to Katz.","Promluv si s Katzem.","0",""
"M44a","zikmunduvTabor","zikmunduvtabor","32","priprav_se_hajit_musu_pred_soudem","TrialWaiting","False","zikmunduv_cekame_na_stibo_sKpr","Prepare to defend Musa at the trial.","Připrav se hájit Musu před soudem.","1","hib.vysetrovani.casovy_limit_na_vysetreni_vrazdy.objectiveVisual5"
"M44b","utokNaMalesov","utok_na_malesov","0","priprav_se_do_boje","Progress","False","utoknamal_priprav_se_do_b_rgZ1","Prepare for battle.","Připrav se do boje","1","hibernovana_cast.certovka.objectiveVisual15"
"M44b","utokNaMalesov","utok_na_malesov","1","prijd_na_vecerni_poradu","Progress","False","utok_na_m_priprav_se_a_ve_3CeS","Come to the evening meeting.","Přijď na večerní poradu","1","hibernovana_cast.certovka.objectiveVisual7"
"M44b","utokNaMalesov","utok_na_malesov","2","promluv_si_s_certem","Progress","False","utok_na_m_zapal_vesnici_82oZ","Speak with the Devil.","Promluv si s Čertem","1","hibernovana_cast.ves_malesov.objectiveVisual9"
"M44b","utokNaMalesov","utok_na_malesov","3","poraz_certa","ProgressFailable","False","utok_na_m_poraz_certa_xFTN","Defeat the Devil.","Poraz Čerta","1","hibernovana_cast.ves_malesov.objectiveVisual1"
"M44b","utokNaMalesov","utok_na_malesov","4","zazen_vesnicany_na_utek","Progress","False","utoknamal_ovladni_vesnici_jle6","Get the villagers to flee.","Zažeň vesničany na útěk","1","hibernovana_cast.krvava_noc_v_malesove.utok_na_vesnici.objectiveVisual5"
"M44b","utokNaMalesov","utok_na_malesov","5","promluv_s_zizkou","Progress","False","utok_na_m_promluv_s_zizkou_WQqM","Speak with Zizka.","Promluv s Žižkou","1","hibernovana_cast.krvava_noc_v_malesove.pred_prepadem.objectiveVisual4"
"M44b","utokNaMalesov","utok_na_malesov","6","vyckej_na_rozkaz","ProgressFailable","False","utok_na_m_vyckej_na_rozkaz_VeU2","Wait for orders!","Vyčkej na rozkaz!","1","hibernovana_cast.krvava_noc_v_malesove.protiutok_a_prepad_ve_vesnici.objectiveVisual5"
"M44b","utokNaMalesov","utok_na_malesov","7","utok","Progress","False","utok_na_m_utok_EeJr","Attack!","Útok!","1","hibernovana_cast.krvava_noc_v_malesove.protiutok_a_prepad_ve_vesnici.objectiveVisual7"
"M44b","utokNaMalesov","utok_na_malesov","8","ziskej_od_zizky_rozkazy","Progress","False","utok_na_m_jdi_za_zizkou_gLKD","Get orders from Zizka.","Získej od Žižky rozkazy","1","hibernovana_cast.krvava_noc_v_malesove.po_prepadu.objectiveVisual1"
"M44b","utokNaMalesov","utok_na_malesov","9","prelez_hradbu","StealthMalesov","False","utoknamal_prelez_hradbu_hhvr","Climb over the wall.","Přelez hradbu","1","hibernovana_cast.tvrz.vnejsek.stealth_mise_na_hrad.objectiveVisual49"
"M44b","utokNaMalesov","utok_na_malesov","10","otevri_prvni_branu","Progress","False","utoknamal_otevri_prvni_br_SYBn","Open the first gate.","Otevři první bránu","1","hibernovana_cast.tvrz.vnejsek.stealth_mise_na_hrad.objectiveVisual48"
"M44b","utokNaMalesov","utok_na_malesov","11","vydrz_do_prichodu_posil","Progress","False","utok_na_m_vydrz_do_pricho_OVpJ","Hang on until reinforcements arrive!","Vydrž do příchodu posil!","1","hibernovana_cast.tvrz.vnejsek.intermezzo_na_predhradi.objectiveVisual6"
"M44b","utokNaMalesov","utok_na_malesov","12","poraz_nepratele_na_predhradi","Progress","False","utoknamal_poraz_nepratele_nNIE","Defeat the enemies in the outer bailey.","Poraz nepřátele na předhradí","1","hibernovana_cast.tvrz.vnejsek.intermezzo_na_predhradi.objectiveVisual38"
"M44b","utokNaMalesov","utok_na_malesov","13","kryj_pratele_palbou","Progress","False","utok_na_m_vyckej_na_prulom_931a","Engage in covering fire for your friends.","Kryj přátele palbou","1","hibernovana_cast.tvrz.vnejsek.intermezzo_na_predhradi.objectiveVisual3"
"M44b","utokNaMalesov","utok_na_malesov","14","jdi_do_utoku","Progress","False","utok_na_m_jdi_do_utoku_M5f5","Attack!","Jdi do útoku!","1","hibernovana_cast.tvrz.finalni_boj_o_hrad.boj_na_vnitrnim_nadvori.objectiveVisual2"
"M44b","utokNaMalesov","utok_na_malesov","15","promluv_si_s_ptackem_a_zizkou","Progress","False","utok_na_m_promluv_si_s_pt_LtTS","Speak with Capon and Zizka.","Promluv si s Ptáčkem a Žižkou","1","hibernovana_cast.tvrz.finalni_boj_o_hrad.vyjednavani_s_bergovem.objectiveVisual4"
"M44b","utokNaMalesov","utok_na_malesov","16","poraz_bergova_ve_vezi","Progress","False","utoknamal_jdi_do_veze_Zj2W","Defeat von Bergow in the tower.","Poraz Bergova ve věži","1","hibernovana_cast.tvrz.finalni_boj_o_hrad.boj_ve_vezi_optional.objectiveVisual2"
"M44b","utokNaMalesov","utok_na_malesov","17","pomoz_zajmout_bergova","Progress","False","utok_na_m_pomoz_zajmout_b_gI5h","Help capture von Bergow.","Pomoz zajmout Bergova","1","hibernovana_cast.v_prubehu_utoku.objectiveVisual3"
"M45","papezskyLegat","papezskylegat","0","zucastni_se_vychlechu_oty_z_bergova","GoToBergowCouncil","False","papezskyl_promluv_si_s_pe_6MHv","Ride to Suchdol to join the others.","Jeď na Suchdol za ostatními.","1","suchdol.objectiveVisual1"
"M45","papezskyLegat","papezskylegat","1","doprovod_pani_rozu_do_ruthardky","TravelToKH","False","papezskyl_doprovod_pani_r_Lv4C","Escort Lady Rosa to Ruthard Palace.","Doprovoď paní Rózu do Ruthardky.","1","odjezd_do_ruthardky.objectiveVisual5"
"M45","papezskyLegat","papezskylegat","2","prenes_rozu_pres_zaplaveny_usek_chodby","CarryRozaAcrossWater","False","papezskyl_prenes_rozu_pre_TvCm","Carry Rosa over the flooded section of the passageway.","Přenes Rózu přes zaplavený úsek chodby.","1","dobyvani_ruthardky.jindra_prenasi_rozu_pres_vodu.objectiveVisual8"
"M45","papezskyLegat","papezskylegat","3","zbav_se_pobudu_na_ruthardce","GetRidOfDregsInRuthardka","False","papezskyl_zbav_se_pobudu__k4CM","Get rid of the lowlifes in Ruthard Palace.","Zbav se pobudů na Ruthardce.","1","dobyvani_ruthardky.zbavovani_se_pobudu.objectiveVisual4"
"M45","papezskyLegat","papezskylegat","4","rekni_roze_ze_je_vzduch_cisty","GetBackToRoza","False","papezskyl_vrat_se_za_rozou_I91X","Tell Rosa the coast is clear.","Řekni Róze, že je vzduch čistý.","1","dobyvani_ruthardky.objectiveVisual19"
"M45","papezskyLegat","papezskylegat","5","bez_se_vyspat","Progress","False","papezskyl_bez_se_vyspat_jPuu","Go and get some sleep.","Běž se vyspat.","1","dobyvani_ruthardky.jidnra_jde_spat_sam.objectiveVisual51"
"M45","papezskyLegat","papezskylegat","6","promluv_si_s_zizkou","Progress","False","papezskyl_promluv_si_s_zi_O55P","Talk to Zizka.","Promluv si s Žižkou.","1","vavakuv_klic.rano_na_ruthardce.objectiveVisual3"
"M45","papezskyLegat","papezskylegat","7","zajicsti_vavakovu_pomoc","BlackmailVavak","False","papezskyl_objective4_E6qx","Get Vavak's help with the silver theft.","Zajisti Vavákovu pomoc s krádeží stříbra.","1","vavakuv_klic.objectiveVisual71"
"M45","papezskyLegat","papezskylegat","8","ziskej_klic","GetKey","False","papezskyl_objective2_jGr5","Get the key to the royal treasury.","Získej klíč od královské pokladnice.","1","vavakuv_klic.objectiveVisual70"
"M45","papezskyLegat","papezskylegat","9","vrat_se_s_klicem_za_zizkou","Progress","False","papezskyl_vrat_se_za_zizk_Xslw","Go back to Zizka with the key.","Vrať se s klíčem za Žižkou.","1","pruzkum_sklepeni.v_ruthardce.objectiveVisual2"
"M45","papezskyLegat","papezskylegat","10","zabij_kristiana","Progress","False","papezskyl_zabij_kristiana_ZSs5","Kill Christian.","Zabij Kristiána.","1","vavakuv_klic.skirmish.objectiveVisual32"
"M45","papezskyLegat","papezskylegat","11","vyptej_se_rozy_na_podzemni_chodby","Progress","False","papezskyl_vyptej_se_rozy__NoSD","Ask Rosa about the underground passageways.","Vyptej se Rózy na podzemní chodby.","1","pruzkum_sklepeni.v_ruthardce.objectiveVisual16"
"M45","papezskyLegat","papezskylegat","12","prozkoumej_se_samuelem_podzemni_cestu","SearchTunnelsWithSamuel","False","papezskyl_prozkoumej_se_s_i34P","Explore the underground passage with Samuel.","Prozkoumej se Samuelem podzemní cestu.","1","pruzkum_sklepeni.objectiveVisual6"
"M45","papezskyLegat","papezskylegat","13","zbav_se_vykradacu_ve_sklepe","GraveLootersInTunnel","True","papezskyl_zbav_se_vykrada_uXps","Get rid of the looters in the crypt.","Zbav se vykradačů ve sklepě.","1","pruzkum_sklepeni.v_podzemi.vykradaci_hrobu.objectiveVisual22"
"M45","papezskyLegat","papezskylegat","14","ohlas_se_zizkovi","Progress","False","papezskyl_ohlas_se_zizkovi_rQKk","Report to Zizka.","Ohlas se Žižkovi.","1","priprava_na_prepad.objectiveVisual8"
"M45","papezskyLegat","papezskylegat","15","priprav_se_na_cestu_do_lorce","GoToSeePapalLegate","False","papezskyl_jed_do_lorece_z_S8Ms","Get ready to go to Loretz.","Připrav se na cestu do Lorce.","1","priprava_na_prepad.legat_objective.objectiveVisual2"
"M45","papezskyLegat","papezskylegat","16","nenech_kardinala_utect","CatchLegate","False","papezskyl_nenech_kardinal_4tkK","Don't let the Cardinal flee!","Nenech kardinála utéct!","1","honicka_na_konich.objectiveVisual24"
"M45","papezskyLegat","papezskylegat","17","vrat_se_do_ruthardky","Progress","False","papezskyl_vrat_se_do_ruth_MR8h","Return to Ruthard Palace.","Vrať se do Ruthardky.","1","italstina_pro_zacatecniky.navrat_do_ruthardky.objectiveVisual11"
"M45","papezskyLegat","papezskylegat","18","promluv_si_s_zizkou_co_dal","Progress","False","papezskyl_promluv_si_s_zi_Hso8","Talk to Zizka about what's next.","Promluv si s Žižkou, co dál.","1","italstina_pro_zacatecniky.objectiveVisual68"
"M45","papezskyLegat","papezskylegat","19","vyzvedni_si_od_pani_rozy_vlassky_odev","GetRobesFromRoza","False","papezskyl_vyzvedni_si_od__Xv9a","Pick up Italian clothes from Lady Rosa.","Vyzvedni si od paní Rózy vlašský oděv.","1","italstina_pro_zacatecniky.objectiveVisual26"
"M45","papezskyLegat","papezskylegat","20","nauc_se_zaklady_vlastiny_od_brabanta","LearnItalianFromBrabant","False","papezskyl_nauc_se_zaklady_YJB0","Learn basics of Italian from Brabant.","Nauč se základy vlaštiny od Brabanta.","1","italstina_pro_zacatecniky.objectiveVisual27"
"M45","papezskyLegat","papezskylegat","21","priprav_se_na_odchod_do_vlasskeho_dvora","PrepareToGoToItalianCourt","False","papezskyl_priprav_se_na_o_nf85","Prepare to leave for the Italian Court.","Připrav se na odchod do Vlašského dvora.","1","italstina_pro_zacatecniky.objectiveVisual13"
"M45","papezskyLegat","papezskylegat","22","povez_bohutovi_o_veliteli_strazi","ProgressAbortable","True","papezskyl_povez_bohutovi__TLqz","Tell Godwin about the guard commander.","Pověz Bohutovi o veliteli stráží.","1","bohuta_objective.objectiveVisual2"
"M46","prepadeniVlasskehoDvora","prepadenivlasskehod","0","jdi_do_vlasskeho_dvora","Progress","False","prepadeni_jdi_do_vlasskeh_5aLL","Go to the Italian Court.","Jdi do Vlašského dvora.","1","h.bohuta__cesta_do_vlasskeho_dvora.objectiveVisual26"
"M46","prepadeniVlasskehoDvora","prepadenivlasskehod","1","nakup_u_poulicnich_obchodniku","ProgressAbortable","True","prepadeni_nakup_si_u_poul_JE0Q","Buy from street traders.","Nakup u pouličních obchodníků.","1","h.bohuta__cesta_do_vlasskeho_dvora.cesta__hibernace.prodavaci.objectiveVisual32"
"M46","prepadeniVlasskehoDvora","prepadenivlasskehod","2","nasleduj_jeronyma_naze_na_cirkevni_radu","Progress","False","prepadeni_nasleduj_jerony_AVhG","Follow Jerome Naaz to the Church Council.","Následuj Jeronýma Náze na církevní radu.","1","h.bohuta__vlassky_dvur.objectiveVisual5"
"M46","prepadeniVlasskehoDvora","prepadenivlasskehod","3","pomoz_jindrovi","ProgressAbortable","True","prepadeni_pomoz_jindrovi_yy5G","Help Henry.","Pomoz Jindrovi.","1","h.bohuta__cirkevni_rada.objective_pjindrovi.objectiveVisual1"
"M46","prepadeniVlasskehoDvora","prepadenivlasskehod","4","diskutuj_o_cirkevnim_sporu","DiscussionAboutCourt","False","prepadeni_diskutuj_o_cirk_iZCd","Discuss the church dispute.","Diskutuj o církevním sporu.","1","h.bohuta__cirkevni_rada.prozkoumani_situaci_s_teamy.objectiveVisual9"
"M46","prepadeniVlasskehoDvora","prepadenivlasskehod","5","privolej_straze_na_radu","ProgressAbortable","True","prepadeni_privolej_straze_8Ek6","Call guards to the Council.","Přivolej stráže na radu.","1","h.bohuta__cirkevni_rada.objective_pjindrovi.objectiveVisual14"
"M46","prepadeniVlasskehoDvora","prepadenivlasskehod","6","pozadej_o_vino","ProgressAbortable","True","prepadeni_pozadej_o_vino_dG2y","Ask for wine.","Požádej o víno.","1","h.bohuta__cirkevni_rada.objective_pjindrovi.objectiveVisual16"
"M46","prepadeniVlasskehoDvora","prepadenivlasskehod","7","zavolej_si_mistra_kuchare","ProgressFailableAbortable","True","prepadeni_zavolej_si_mist_kcrK","Call for the cook.","Zavolej si mistra kuchaře.","1","h.bohuta__cirkevni_rada.objective_pjindrovi.objectiveVisual17"
"M46","prepadeniVlasskehoDvora","prepadenivlasskehod","8","prones_zaverecnou_rec","Progress","False","prepadeni_prones_rec_8bS3","Give the closing speech.","Prones závěrečnou řeč.","1","h.bohuta__cirkevni_rada.objectiveVisual8"
"M46","prepadeniVlasskehoDvora","prepadenivlasskehod","9","zneskodni_straze","Progress","False","prepadeni_zneskodni_straz_VIBq","Take out the guards.","Zneškodni stráže.","1","h.stealth.jindra__stealth_ve_vlasskem_dvore.straze_na_hradbach.objectiveVisual8"
"M46","prepadeniVlasskehoDvora","prepadenivlasskehod","10","zkontroluj_brabanta","ProgressAbortable","False","prepadeni_zkontroluj_brab_uhiq","Check on Brabant.","Zkontroluj Brabanta.","1","h.stealth.jindra__stealth_ve_vlasskem_dvore.zkontroluj_brabanta_modul.objectiveVisual63"
"M46","prepadeniVlasskehoDvora","prepadenivlasskehod","11","zajisti_zapadni_branu","GateGuards","False","prepadeni_zajisti_zapadni_Ttqm","Secure the west gate.","Zajisti západní bránu.","1","h.stealth.jindra__stealth_ve_vlasskem_dvore.straze_u_brany.objectiveVisual44"
"M46","prepadeniVlasskehoDvora","prepadenivlasskehod","12","najdi_komara","Progress","False","prepadeni_najdi_komara_AnCv","Find Adder.","Najdi Komára.","1","h.stealth.jindra__stealth_ve_vlasskem_dvore.hledani_komara.objectiveVisual11"
"M46","prepadeniVlasskehoDvora","prepadenivlasskehod","13","zachran_komara","Progress","False","prepadeni_zachran_komara_qhs2","Rescue Adder.","Zachraň Komára.","1","h.stealth.jindra__zachrana_komara.combat_venku.objectiveVisual3"
"M46","prepadeniVlasskehoDvora","prepadenivlasskehod","14","promluv_si_s_komarem","Progress","False","prepadeni_jdi_s_komarem_d_FGa6","Talk to Adder.","Promluv si s Komárem.","1","h.stealth.jindra__propojeni_chodby.hledani_mista_propojeni.objectiveVisual4"
"M46","prepadeniVlasskehoDvora","prepadenivlasskehod","15","najdi_spojeni_mezi_sklepenim_a_kryptou","Progress","False","prepadeni_najdi_spojeni_p_ATAj","Find the connection between the cellar and the crypt.","Najdi spojení mezi sklepením a kryptou.","1","h.stealth.jindra__propojeni_chodby.hledani_mista_propojeni.objectiveVisual35"
"M46","prepadeniVlasskehoDvora","prepadenivlasskehod","16","osvobod_pany","Progress","False","prepadeni_osvobod_pany_cejj","Free the lords.","Osvoboď pány.","1","h.jindra__vlassky_dvur_ow.osvobozeni_panu.osvobozeni_objectiv.objectiveVisual60"
"M46","prepadeniVlasskehoDvora","prepadenivlasskehod","17","promluv_si_se_zizkou_na_hradbach","Progress","False","prepadeni_promluv_si_s_zi_X1E9","Talk to Zizka on the walls.","Promluv si se Žižkou na hradbách.","1","h.jindra__vlassky_dvur_ow.zizka_a_hradby.objectiveVisual17"
"M46","prepadeniVlasskehoDvora","prepadenivlasskehod","18","zdrz_utocniky_co_nejdele","Progress","False","prepadeni_bran_ustup_z_vl_RCOG","Hold off the attackers as long as you can.","Zdrž útočníky co nejdéle.","1","h.jindra__obrana_vlasskeho_dvora.objectiveVisual4"
"M46","prepadeniVlasskehoDvora","prepadenivlasskehod","19","odraz_zebriky","ProgressAbortable","True","prepadeni_odraz_zebriky___LrU0","Fend off the ladders.","Odraž žebříky.","1","h.jindra__obrana_vlasskeho_dvora.boj_na_hradbach_vd.objectiveVisual13"
"M46","prepadeniVlasskehoDvora","prepadenivlasskehod","20","bran_predhradi","Progress","False","prepadeni_bran_nadvori__p_TwXT","Defend the outer bailey.","Braň předhradí.","1","h.jindra__obrana_vlasskeho_dvora.boj_na_predhradi_vd.objectiveVisual4"
"M46","prepadeniVlasskehoDvora","prepadenivlasskehod","21","dostan_se_do_ruthardky","Progress","False","prepadeni_dostan_se_do_ru_izKW","Get to Ruthard Palace.","Dostaň se do Ruthardky.","1","h.jindra__kryptou_do_ruthardky.objectiveVisual3"
"M46","prepadeniVlasskehoDvora","prepadenivlasskehod","22","promluv_si_s_ptackem","ProgressAbortable","True","prepadeni_promluv_si_s_pt_Q3iK","Talk to Capon.","Promluv si s Ptáčkem.","1","h.jindra__kryptou_do_ruthardky.gp_krypta__metro.metro_1403.dialog_s_ptackem.objectiveVisual9"
"M46","prepadeniVlasskehoDvora","prepadenivlasskehod","23","poraz_brabantovy_muze","Progress","False","prepadeni_poraz_brabantov_MiQD","Defeat Brabant's men.","Poraz Brabantovy muže.","1","h.jindra__skirmish_v_ruthardce.objectiveVisual2"
"M46","prepadeniVlasskehoDvora","prepadenivlasskehod","24","promluv_si_s_ptackem_u_studny","Studna","False","prepadeni_promluv_si_s_pt_qxx9","Talk to Sir Hans by the well.","Promluv si s Ptáčkem u studny.","1","h.stealth.jindra__stealth_ve_vlasskem_dvore.hledani_komara.objectiveVisual62"
"M47","erik","erik","0","rozluc_se_s_ruthardem_a_ostatnimi","Progress","False","erik_rozluc_se_s_rutharde_JXC0","Say goodbye to Ruthard.","Rozluč se s Ruthardem.","1","hibernables.rozlouceni_s_mestany_1.objectiveVisual6"
"M47","erik","erik","1","rozluc_se_s_rozou_a_ostatnimi","Progress","False","erik_rozluc_se_s_rozou_a__uKGB","Say goodbye to Rosa.","Rozluč se s Rózou.","1","hibernables.rozlouceni_s_mestany_1.objectiveVisual7"
"M47","erik","erik","2","promluv_s_hansem","Erik_ProgressFailableAbortable","True","erik_promluv_s_hansem_merK","Speak with Janosh.","Promluv s Hansem.","1","hibernables.party_na_nadvori.objectiveVisual2"
"M47","erik","erik","3","posad_se_k_ostatnim","ProgressFailable","True","erik_posad_se_k_ostatnim_NmoI","Sit with the others.","Posaď se k ostatním.","1","hibernables.party_na_nadvori.objectiveVisual3"
"M47","erik","erik","4","promluv_s_kubenkou","Progress","False","erik_promluv_s_kubenkou_6oD6","Speak with Kubyenka.","Promluv s Kuběnkou.","0",""
"M47","erik","erik","5","promluv_se_strazi_aby_te_pustili_ven_a_jed_na_duel_s_erikem","ProgressAbortable","False","erik_odejdi_z_hradu_a_pom_LtR7","Speak with the guard to let you out and respond to Erik's challenge.","Promluv se stráží, aby tě pustili ven a jeď na duel s Erikem.","1","hibernables.hrac_se_rozhodne_pro_souboj_s_erikem_nebo_zustane_na_hrade_1.objectiveVisual9"
"M47","erik","erik","6","vyhraj_nad_erikem","Progress","False","erik_vyhraj_nad_erikem_Ul20","Defeat Erik!","Vyhraj nad Erikem!","1","hibernables.hrac_se_rozhodne_pro_souboj_s_erikem_nebo_zustane_na_hrade_1.prijezd_na_kopec_a_souboj_s_erikem.duel_s_erikem.objectiveVisual2"
"M47","erik","erik","7","dojed_na_suchdol_driv_nez_prazska_armada","Progress","False","erik_vrat_se_na_suchdol_a_jmgC","Get to Suchdol before the Prague army!","Dojeď na Suchdol dřív než pražská armáda!","1","hibernables.hrac_se_rozhodne_pro_souboj_s_erikem_nebo_zustane_na_hrade_1.objectiveVisual2_1"
"M47","erik","erik","8","promluv_si_s_zizkou_o_erikovi","ProgressAbortable","True","erik_nebo_zustan_na_hrade_ATOV","Speak with Zizka about Erik.","Promluv si s Žižkou o Erikovi.","1","hibernables.hrac_se_rozhodne_pro_souboj_s_erikem_nebo_zustane_na_hrade_1.objectiveVisual3"
"M47","erik","erik","9","nasleduj_zizku_a_zjisti_co_se_deje","Progress","False","erik_nasleduj_zizku_a_zji_NkM5","Follow Zizka and find out what's going on.","Následuj Žižku a zjisti, co se děje.","1","hibernables.hrac_se_rozhodne_pro_souboj_s_erikem_nebo_zustane_na_hrade_1.objectiveVisual7"
"M48a","oblehaniSuchdole","oblehanisuchdole","0","jdi_na_palisadu","Progress","False","oblehanis_jdi_na_hradbu_i6XM","Go to the palisade.","Jdi na palisádu.","1","prazane_utoci_z_pochodu_na_predhradi.obranci_se_pripravuji_na_utok.jduNaHradbu"
"M48a","oblehaniSuchdole","oblehanisuchdole","1","odraz_nepratelsky_utok","ProgressFailable","False","oblehanis_odraz_nepratels_eFXE","Repel the Praguers' assault!","Odraz útok Pražanů!","1","prazane_utoci_z_pochodu_na_predhradi.odrazNepratelskyUtok_visual"
"M48a","oblehaniSuchdole","oblehanisuchdole","2","odraz_utok_sekerniku_na_branu","Progress","False","oblehanis_zabij_utocniky__AxN1","Use stones to stop the attack on the gate!","Zastav pomocí kamenů útok na bránu!","1","prazane_utoci_z_pochodu_na_predhradi.podminky_prohry.zabijUtocnikyNaBranu"
"M48a","oblehaniSuchdole","oblehanisuchdole","3","shod_zebriky","ProgressFailableAbortable","False","oblehanis_shod_zebriky_1SKw","Knocked-down ladders:","Shozené žebříky:","1","prazane_utoci_z_pochodu_na_predhradi.zebriky.shodZebriky"
"M48a","oblehaniSuchdole","oblehanisuchdole","4","zabij_zbyvajici_nepratele_na_hradbach","Progress","False","oblehanis_zabij_zbyvajici_oIeo","Kill the enemies still on the walls.","Zabij zbývající nepřátele na hradbách.","0",""
"M48a","oblehaniSuchdole","oblehanisuchdole","5","jdi_s_bohutou_na_hradby","Progress","False","oblehanis_jdi_s_bohutou_o_z9kP","Go to the walls with Godwin.","Jdi s Bohutou na hradby.","1","hibernables.prohlidka_hradu.prohlidka_hradu_s_bohutou.jdi_s_bohutou_na_hradby_visual"
"M48a","oblehaniSuchdole","oblehanisuchdole","6","navstiv_musu_a_katerinu_v_lazaretu","ProgressAbortable","True","oblehanis_navstiv_musu_a__eB07","Visit Musa and Katherine in the infirmary.","Navštiv Musu a Kateřinu v lazaretu.","1","hibernables.prohlidka_hradu.navsteva_lazaretu_a_kateriny_s_musou.navstiv_musu_a_katerinu_v_lazaretu_visual"
"M48a","oblehaniSuchdole","oblehanisuchdole","7","zajdi_za_hansem_pro_jidlo","ProgressAbortable","True","oblehanis_nafasuj_jidlo_8OnV","Go and see Janosh for food.","Zajdi za Hansem pro jídlo.","1","hibernables.prohlidka_hradu.fasovani_jidla_u_hanse.zajdi_za_hansem_pro_jidlo_visual"
"M48a","oblehaniSuchdole","oblehanisuchdole","8","zeptej_se_frencla_na_zasoby_streliva","ProgressAbortable","True","oblehanis_promluv_si_s_fr_OAdJ","Ask Frenzl about ammunition supplies.","Zeptej se Frencla na zásoby střeliva.","1","hibernables.prohlidka_hradu.strelivo_a_zbrane_u_frencla.zeptej_se_frencla_na_zasoby_streliva_visual"
"M48a","oblehaniSuchdole","oblehanisuchdole","9","seber_mece_k_brouseni","ProgressAbortable","True","oblehanis_seber_mece_k_br_7xr4","Collect swords to be sharpened.","Seber meče k broušení.","1","hibernables.prohlidka_hradu.strelivo_a_zbrane_u_frencla.brouseni_mecu.objectiveVisual3"
"M48a","oblehaniSuchdole","oblehanisuchdole","10","oprav_mece_a_odevzdej_je_frenclovi","ProgressFailableAbortable","True","oblehanis_oprav_mece_a_od_HHet","Repair the swords and give them to Frenzl.","Oprav meče a odevzdej je Frenclovi.","1","hibernables.prohlidka_hradu.strelivo_a_zbrane_u_frencla.brouseni_mecu.objectiveVisual4"
"M48a","oblehaniSuchdole","oblehanisuchdole","11","poslechni_si_zizkovy_rozkazy","Progress","False","oblehanis_poslechni_si_zi_cHf7","Listen to Zizka's orders.","Poslechni si Žižkovy rozkazy.","1","hibernables.prohlidka_hradu.zastavka_s_bohutou__hradby_a_aktivita_nepratel.poslechni_si_zizkovi_rozkazy_visual"
"M48a","oblehaniSuchdole","oblehanisuchdole","12","naverbuj_sama_a_kubenku","Progress","False","oblehanis_naverbuj_sama_a_Xg8b","Recruit Sam and Kubyenka.","Naverbuj Sama a Kuběnku.","1","hibernables.prohlidka_hradu.hrac_poznava_svoje_muze.sam_a_kubenka.objectiveVisual2"
"M48a","oblehaniSuchdole","oblehanisuchdole","13","naverbuj_stare_zname","Progress","False","oblehanis_naverbuj_janka__O0LB","Recruit old friends.","Naverbuj staré známé.","1","hibernables.prohlidka_hradu.hrac_poznava_svoje_muze.janek_a_jaroslav_ze_skalice.objectiveVisual2"
"M48a","oblehaniSuchdole","oblehanisuchdole","14","naverbuj_mikese_s_kozlikem","Progress","False","oblehanis_naverbuj_mikese_DRBj","Recruit Mikesh and Kozliek.","Naverbuj Mikeše s Kozlíkem.","1","hibernables.prohlidka_hradu.hrac_poznava_svoje_muze.mikes_a_kozlik.objectiveVisual2"
"M48a","oblehaniSuchdole","oblehanisuchdole","15","naverbuj_mikese","Progress","False","oblehanis_naverbuj_mikese_z9Do","Recruit Mikesh.","Naverbuj Mikeše.","1","hibernables.prohlidka_hradu.hrac_poznava_svoje_muze.mikes_a_kozlik.objectiveVisual15"
"M48a","oblehaniSuchdole","oblehanisuchdole","16","naverbuj_kozlika","Progress","False","oblehanis_naverbuj_kozlika_I3xd","Recruit Kozliek.","Naverbuj Kozlíka.","1","hibernables.prohlidka_hradu.hrac_poznava_svoje_muze.mikes_a_kozlik.objectiveVisual16"
"M48a","oblehaniSuchdole","oblehanisuchdole","17","naverbuj_lovciho_dobrose","Progress","False","oblehanis_naverbuj_lovcih_LYAe","Recruit Dobrosh the hunter.","Naverbuj lovčího Dobroše.","1","hibernables.prohlidka_hradu.hrac_poznava_svoje_muze.dobros_pero_a_strelba.objectiveVisual2"
"M48a","oblehaniSuchdole","oblehanisuchdole","18","naverbuj_rasa_wolframa","Progress","False","oblehanis_naverbuj_rasa_w_iHHH","Recruit knacker Wolfram.","Naverbuj rasa Wolframa.","1","hibernables.prohlidka_hradu.hrac_poznava_svoje_muze.ras_wolfram.objectiveVisual3"
"M48a","oblehaniSuchdole","oblehanisuchdole","19","rozdej_svym_muzum_rozkazy_az_se_shromazdi_v_predhradi","Progress","False","oblehanis_rozdej_svym_muz_Nepe","Order your men to assemble in the outer bailey.","Rozdej svým mužům rozkazy, až se shromáždí v předhradí.","1","hibernables.prohlidka_hradu.hrac_poznava_svoje_muze.rozkazy.objectiveVisual2"
"M48a","oblehaniSuchdole","oblehanisuchdole","20","jdi_si_lehnout_az_skoncis_s_obhlidkou_hradu","Progress","False","oblehanis_jdi_si_lehnout__KIqt","Go and lie down once you finish doing the rounds of the castle.","Jdi si lehnout, až skončíš s obhlídkou hradu.","1","hibernables.prohlidka_hradu.hrac_si_jde_lehnout.objectiveVisual2"
"M48a","oblehaniSuchdole","oblehanisuchdole","21","promluv_si_s_ptackem","ProgressFailable","True","oblehanis_promluv_si_s_pt_e3Rs","Speak with Capon.","Promluv si s Ptáčkem.","1","hibernables.prohlidka_hradu.hrac_si_jde_lehnout.objectiveVisual6"
"M48a","oblehaniSuchdole","oblehanisuchdole","22","zkontroluj_straz_na_vychodni_hradbe","ProgressAbortable","False","oblehanis_zkontroluj_stra_QHB9","Check on the guard on the eastern wall.","Zkontroluj stráž na východní hradbě.","1","hibernables.nocni_hlidka.vychodni_hradba__1.objectiveVisual8"
"M48a","oblehaniSuchdole","oblehanisuchdole","23","zkontroluj_straz_na_hlavni_brane","ProgressAbortable","False","oblehanis_zkontroluj_stra_5gSS","Check on the guard at the main gate.","Zkontroluj stráž na hlavní bráně.","1","hibernables.nocni_hlidka.hlavni_brana__2.objectiveVisual1"
"M48a","oblehaniSuchdole","oblehanisuchdole","24","probud_strazneho_na_brane","ProgressFailableAbortable","True","oblehanis_probud_strazneh_0wVi","Wake up the guard at the gate.","Probuď strážného na bráně.","1","hibernables.nocni_hlidka.hlavni_brana__2.objectiveVisual3"
"M48a","oblehaniSuchdole","oblehanisuchdole","25","zkontroluj_straz_na_zapadni_palisade","Progress","False","oblehanis_zkontroluj_stra_ULH4","Check on the guard at the western palisade.","Zkontroluj stráž na západní palisádě.","1","hibernables.nocni_hlidka.zapadni_palisada__4.objectiveVisual1"
"M48a","oblehaniSuchdole","oblehanisuchdole","26","zkontroluj_straz_na_brane_predhradi","ProgressAbortable","False","oblehanis_zkontroluj_stra_sa1R","Check on the guard posted at the outer bailey's gate.","Zkontroluj stráž na bráně předhradí.","1","hibernables.nocni_hlidka.brana_predhradi__3.objectiveVisual1"
"M48a","oblehaniSuchdole","oblehanisuchdole","27","shozene_zebriky","ProgressAbortable","False","oblehanis_objective1_5trm","Knocked-down ladders:","Shozené žebříky:","1","hibernables.nocni_utok.animchari_a_zebriky.shodZebrikyzPalisady"
"M48a","oblehaniSuchdole","oblehanisuchdole","28","odraz_nocni_utok","ProgressFailable","False","oblehanis_odraz_nocni_utok_iU9Y","Don't let the enemy get control of the gate!","Nenech nepřítele obsadit bránu!","1","hibernables.nocni_utok.objectiveVisual2"
"M48a","oblehaniSuchdole","oblehanisuchdole","29","jdi_si_poslechnout_zizkovy_rozkazy","Progress","False","oblehanis_poslechni_si_zi_FleW","Assemble with the others and listen to the orders.","Nastup s ostatními a vyslechni rozkazy.","1","hibernables.nocni_utok.chovani_npc_po_bitve.objectiveVisual15"
"M48a","oblehaniSuchdole","oblehanisuchdole","30","povez_zizkovi_o_nocnim_prepadeni","Progress","False","oblehanis_povez_zizkovi_o_Cmdz","Report to Zizka.","Podej Žižkovi hlášení.","1","hibernables.nocni_utok.sdeleni_vysledku_bitvy_zizkovi.povez_zizkovi_o_nocnim_prepadeni_VIS"
"M48b","rutinaAVypad","m48b__rutina_a_vypad","0","vyber_muze_na_vypad","Progress","False","m48b__rut_vyber_tri_muze__P8T8","Choose some men for a raid.","Vyber muže na výpad.","1","hibernace.rutina_oblehani__open_world_a_vypad.vyber_muzu_pro_vypad.objectiveVisual4"
"M48b","rutinaAVypad","m48b__rutina_a_vypad","1","promluv_si_s_kubenkou","ProgressAbortable","True","rutinaavy_promluv_si_s_ku_hDcn","Speak with Kubyenka.","Promluv si s Kuběnkou","1","hibernace.rutina_oblehani__open_world_a_vypad.vyber_muzu_pro_vypad.kubenka.objectiveVisual2"
"M48b","rutinaAVypad","m48b__rutina_a_vypad","2","promluv_si_se_samem","ProgressAbortable","True","rutinaavy_promluv_si_se_s_MwEF","Speak with Sam","Promluv si se Samem","1","hibernace.rutina_oblehani__open_world_a_vypad.vyber_muzu_pro_vypad.sam.objectiveVisual2"
"M48b","rutinaAVypad","m48b__rutina_a_vypad","3","promluv_si_s_janekem","ProgressAbortable","True","rutinaavy_promluv_si_s_ja_ustu","Speak with Janek","Promluv si s Jankem","1","hibernace.rutina_oblehani__open_world_a_vypad.vyber_muzu_pro_vypad.janek.objectiveVisual47"
"M48b","rutinaAVypad","m48b__rutina_a_vypad","4","promluv_si_s_jaroslavem","ProgressAbortable","True","rutinaavy_promluv_si_s_ja_221s","Speak with Jaroslav","Promluv si s Jaroslavem","1","hibernace.rutina_oblehani__open_world_a_vypad.vyber_muzu_pro_vypad.jaroslav.objectiveVisual1"
"M48b","rutinaAVypad","m48b__rutina_a_vypad","5","promluv_si_dobrosem","ProgressAbortable","True","rutinaavy_promluv_si_dobr_OwsM","Speak with Dobrosh","Promluv si s Dobrošem","1","hibernace.rutina_oblehani__open_world_a_vypad.vyber_muzu_pro_vypad.dobros.objectiveVisual11"
"M48b","rutinaAVypad","m48b__rutina_a_vypad","6","promluv_si_s_wolframem","ProgressAbortable","True","rutinaavy_promluv_si_s_wo_ginf","Speak with Wolfram","Promluv si s Wolframem","1","hibernace.rutina_oblehani__open_world_a_vypad.vyber_muzu_pro_vypad.wolfram.objectiveVisual1"
"M48b","rutinaAVypad","m48b__rutina_a_vypad","7","promluv_si_s_mikesem","ProgressAbortable","True","rutinaavy_promluv_si_s_mi_KUv1","Speak with Mikesh.","Promluv si s Mikešem","1","hibernace.rutina_oblehani__open_world_a_vypad.vyber_muzu_pro_vypad.mikes.objectiveVisual2"
"M48b","rutinaAVypad","m48b__rutina_a_vypad","8","promluv_si_s_kozlikem","ProgressAbortable","True","rutinaavy_promluv_si_s_ko_E96O","Speak with Kozliek","Promluv si s Kozlíkem","1","hibernace.rutina_oblehani__open_world_a_vypad.vyber_muzu_pro_vypad.kozlik.objectiveVisual1"
"M48b","rutinaAVypad","m48b__rutina_a_vypad","9","vyslechni_s_certem_zajatce","Progress","False","m48b__rut_vyslechni_s_boh_MtdX","Interrogate the prisoner with the Devil.","Vyslechni s Čertem zajatce.","1","hibernace.rutina_oblehani__open_world_a_vypad.vyslech_zajatce.objectiveVisual3"
"M48b","rutinaAVypad","m48b__rutina_a_vypad","10","promluv_si_s_kovarem","ProgressAbortable","True","m48b__rut_promluv_si_s_ko_JzlX","Speak with the blacksmith.","Promluv si s kovářem.","1","hibernace.rutina_oblehani__open_world_a_vypad.co_dum_dal.objectiveVisual5"
"M48b","rutinaAVypad","m48b__rutina_a_vypad","11","najdi_na_tvrzi_drobny_kovovy_srot_ktery_se_da_pretavit_na_munici","ProgressAbortable","True","rutinaavy_najdi_predmety__YwtV","Find small pieces of scrap metal in the fortress that can be used to make ammunition.","Najdi na tvrzi drobný kovový šrot, který se dá přetavit na munici.","1","hibernace.rutina_oblehani__open_world_a_vypad.co_dum_dal.objectiveVisual16"
"M48b","rutinaAVypad","m48b__rutina_a_vypad","12","prines_kovari_kovovy_srot","ProgressAbortable","True","m48b__rut_prines_kovari_p_tYpg","Bring the scrap metal to the blacksmith.","Přines kováři kovový šrot.","1","hibernace.rutina_oblehani__open_world_a_vypad.co_dum_dal.objectiveVisual6"
"M48b","rutinaAVypad","m48b__rutina_a_vypad","13","rekni_ptackovi_a_strelcum_ze_je_vypad_pripraven","Progress","False","m48b__rut_rekni_ptackovi__bVrO","Tell Capon and the marksmen that the raid is ready.","Řekni Ptáčkovi a střelcům, že je výpad připraven.","1","hibernace.rutina_oblehani__open_world_a_vypad.aktivace_vypadu.objectiveVisual2"
"M48b","rutinaAVypad","m48b__rutina_a_vypad","14","strilej_z_hradeb_nepratele","Progress","False","m48b__rut_bran_z_hradeb_s_l5dP","Shoot enemies from the walls!","Střílej z hradeb nepřátele!","1","hibernace.rutina_oblehani__open_world_a_vypad.vypad_z_hradu.objectiveVisual2"
"M48b","rutinaAVypad","m48b__rutina_a_vypad","15","zneskodni_nepratelske_strelce","Progress","False","rutinaavy_zneskodni_nepra_Y7f5","Neutralise the enemy shooters!","Zneškodni nepřátelské střelce!","1","hibernace.rutina_oblehani__open_world_a_vypad.vypad_z_hradu.vypad.n2_faze_vypadu.strelci.objectiveVisual41"
"M48b","rutinaAVypad","m48b__rutina_a_vypad","16","zneskodni_pavezniky","ProgressFailable","False","rutinaavy_zneskodni_pavez_GB7j","Neutralise the pavisiers!","Zneškodni pavézníky!","1","hibernace.rutina_oblehani__open_world_a_vypad.vypad_z_hradu.vypad.n4_faze_vypadu.objectiveVisual31"
"M48b","rutinaAVypad","m48b__rutina_a_vypad","17","jdi_si_lehnout_az_skoncis_s_praci_na_hrade","Progress","False","m48b__rut_jdi_si_lehnout__yvGk","Go and rest.","Jdi si odpočinout.","1","hibernace.rutina_oblehani__open_world_a_vypad.hrac_si_jde_lehnout_a_dialogy_s_vypadniky.objectiveVisual2"
"M48b","rutinaAVypad","m48b__rutina_a_vypad","18","dej_hlaseni_zizkovi","Progress","False","rutinaavy_dej_hlaseni_ziz_ZRIv","Give a report to Zizka.","Dej hlášení Žižkovi.","1","hibernace.rutina_oblehani__open_world_a_vypad.hrac_si_jde_lehnout_a_dialogy_s_vypadniky.objectiveVisual11"
"M48b","rutinaAVypad","m48b__rutina_a_vypad","19","promluv_se_muzi_v_jidelne","RecruitmentObjective","True","rutinaavy_promluv_s_muzi__SBsS","Talk to your men in the courtyard.","Promluv se svými muži na nádvoří.","1","hibernace.rutina_oblehani__open_world_a_vypad.vyber_muzu_pro_vypad.objectiveVisual43"
"M48b","rutinaAVypad","m48b__rutina_a_vypad","20","promluv_se_svymi_muzi_u_brany","RecruitmentObjective","True","rutinaavy_promluv_s_muzi__5TZi","Talk to your men at the gate.","Promluv se svými muži u brány.","1","hibernace.rutina_oblehani__open_world_a_vypad.vyber_muzu_pro_vypad.objectiveVisual40"
"M48b","rutinaAVypad","m48b__rutina_a_vypad","21","promluv_se_muzi_v_predhradi","RecruitmentObjective","True","rutinaavy_promluv_s_muzi__KSaO","Talk to your men in the courtyard.","Promluv se svými muži v předhradí.","1","hibernace.rutina_oblehani__open_world_a_vypad.vyber_muzu_pro_vypad.objectiveVisual34"
"M48b","rutinaAVypad","m48b__rutina_a_vypad","22","promluv_se_svymi_muzi_v_lazaretu","RecruitmentObjective","True","rutinaavy_promluv_se_svym_oCcj","Speak to your men at the infirmary.","Promluv se svými muži v lazaretu.","1","hibernace.rutina_oblehani__open_world_a_vypad.vyber_muzu_pro_vypad.objectiveVisual42"
"M48c","hladAZmar","m48c__hlad_a_zmar","0","dones_ptackovi_neco_k_jidlu","ProgressFailable","False","m48c__hla_dones_ptackovi__kVMQ","Bring Capon something to eat.","Dones Ptáčkovi něco k jídlu.","1","h.open_world__hlad_shaneni_jidla_pohreb.objectiveVisual3"
"M48c","hladAZmar","m48c__hlad_a_zmar","1","zeptej_se_u_hanse_na_jidlo","ProgressAbortable","True","hladazmar_ziskej_jidlo_u__n2Gc","Ask Janosh for food.","Zeptej se u Hanse na jídlo.","1","h.open_world__hlad_shaneni_jidla_pohreb.shaneni_jidla_a_sezrani_psa.objectiveVisual3"
"M48c","hladAZmar","m48c__hlad_a_zmar","2","sezen_maso_z_toulaveho_psa","ProgressAbortable","True","m48c__hla_sezen_maso_z_to_YWC1","Get meat from a stray dog.","Sežeň maso z toulavého psa.","1","h.open_world__hlad_shaneni_jidla_pohreb.shaneni_jidla_a_sezrani_psa.cert_konfrontuje_hrace.objectiveVisual2"
"M48c","hladAZmar","m48c__hlad_a_zmar","3","prines_psi_maso_certovi","ProgressAbortable","False","hladazmar_odevzdej_maso_p_0FLI","Bring the dog meat to the Devil.","Přines psí maso Čertovi.","1","h.open_world__hlad_shaneni_jidla_pohreb.shaneni_jidla_a_sezrani_psa.cert_konfrontuje_hrace.objectiveVisual6"
"M48c","hladAZmar","m48c__hlad_a_zmar","4","zkus_zkrotit_boudicu","HorseTaming","True","hlad_a_zm_zkus_zkrotit_bo_oLYB","Try to tame Boudica.","Zkus zkrotit Boudicu.","1","h.open_world__hlad_shaneni_jidla_pohreb.laska_ke_konim.objectiveVisual28"
"M48c","hladAZmar","m48c__hlad_a_zmar","5","nasedni_na_boudicu","ProgressFailableAbortable","True","m48c__hla_nasedni_na_kone_DJEU","Mount Boudica.","Nasedni na Boudicu.","1","h.open_world__hlad_shaneni_jidla_pohreb.laska_ke_konim.objectiveVisual2"
"M48c","hladAZmar","m48c__hlad_a_zmar","6","projed_boudicu_po_nadvori","HorsePromenade","True","m48c__hla_projed_kone_po__dS8J","Ride Boudica around the outer bailey.","Projeď Boudicu po předhradí.","1","h.open_world__hlad_shaneni_jidla_pohreb.laska_ke_konim.objectiveVisual4"
"M48c","hladAZmar","m48c__hlad_a_zmar","7","vrat_boudicu_do_staje","HorsePromenade","True","m48c__hla_vrat_kone_do_st_ZJVz","Return Boudica to the stables.","Vrať Boudicu do stáje.","1","h.open_world__hlad_shaneni_jidla_pohreb.laska_ke_konim.objectiveVisual5"
"M48c","hladAZmar","m48c__hlad_a_zmar","8","vrat_se_za_podkonim","HorsePromenade","True","m48c__hla_vrat_se_za_podk_mAlK","Return to see the groom.","Vrať se za podkoním.","1","h.open_world__hlad_shaneni_jidla_pohreb.laska_ke_konim.objectiveVisual7"
"M48c","hladAZmar","m48c__hlad_a_zmar","9","kun_nebo_podkoni_jsou_mrtvy","HorseOrHorsemanDeath","True","hladazmar_kun_nebo_podkon_RvXu","The horse or the groom died","Kun nebo podkoni zemreli","1","h.open_world__hlad_shaneni_jidla_pohreb.laska_ke_konim.objectiveVisual62"
"M48c","hladAZmar","m48c__hlad_a_zmar","10","vypujc_si_boty_z_truhly_pani_frenczlove_","ProgressAbortable","True","m48c__hla_vypujc_si_boty__Jvic","""Borrow"" the shoes from Lady Frenzl's chest.","""Vypůjč si"" boty z truhly paní Frenczlové. ","1","h.open_world__hlad_shaneni_jidla_pohreb.beseda_s_musou.objectiveVisual3"
"M48c","hladAZmar","m48c__hlad_a_zmar","11","ziskej_zpatky_boty_pani_frenczlove","ProgressAbortable","True","hladazmar_ziskej_zpatky_b_iLbX","Get Goodwife Frenzl's shoes back.","Získej zpátky boty paní Frenczlové.","1","h.open_world__hlad_shaneni_jidla_pohreb.beseda_s_musou.objectiveVisual19"
"M48c","hladAZmar","m48c__hlad_a_zmar","12","dones_boty_musovi_a_zjisti_jak_udelat_vyvar","ProgressAbortable","True","m48c__hla_uvar_polevku_z__5Tdh","Bring the shoes to Musa and find out how to make broth.","Dones boty Musovi a zjisti, jak udělat vývar.","1","h.open_world__hlad_shaneni_jidla_pohreb.beseda_s_musou.objectiveVisual2"
"M48c","hladAZmar","m48c__hlad_a_zmar","13","odraz_nepritele_z_hradeb","Progress","False","m48c__hla_odraz_nepritele_DiuA","Get the enemies off the walls!","Odraz nepřítele z hradeb!","1","h.hladAZmar_battleSO.objective__odraz_nepritele_z_hradeb_.objectiveVisual2"
"M48c","hladAZmar","m48c__hlad_a_zmar","14","shod_zebriky_bocni_hradba","ProgressAbortable","False","hlad_a_zm_shod_zebriky_1X8z","Knock the ladders off the ramparts!","Shoď žebříky z boční hradby!","1","h.hladAZmar_battleSO.objective__shod_zebriky_z_bocni_hradby.objectiveVisual12"
"M48c","hladAZmar","m48c__hlad_a_zmar","15","rozraz_dvere_do_veze","Progress","False","m48c__hla_rozraz_dvere_do_G3Of","Break down the door to the tower!","Rozraž dveře do věze!","1","h.hladAZmar_battleSO.objective__rozraz_dvere_do_veze.objectiveVisual4"
"M48c","hladAZmar","m48c__hlad_a_zmar","16","zneskodni_nepratele_ve_vezi_a_na_hradbe","ProgressAbortable","False","m48c__hla_pomoz_odrazit_u_o0iW","Eliminate the enemies in the tower and on the wall!","Zneškodni nepřátele ve věži a na hradbě!","1","h.hladAZmar_battleSO.objective__zneskodni_nepratele_ve_vezi_a_na_hradbe.objectiveVisual8"
"M48c","hladAZmar","m48c__hlad_a_zmar","17","shod_zebriky_ze_zadni_hradby","Progress","False","hlad_a_zm_shod_zebriky_ze_Ofjk","Knock the ladders down from the rear wall!","Shoď žebříky ze zadní hradby!","1","h.hladAZmar_battleSO.objective__shod_zebriky_ze_zadni_hradby.objectiveVisual14"
"M48c","hladAZmar","m48c__hlad_a_zmar","18","otevri_spojencum_vstup_do_veze","ProgressAbortable","True","m48c__hla_otevri_spojencu_lEQe","Open the entrance to the tower for our allies.","Otevři spojencům vstup do věže.","1","h.hladAZmar_battleSO.objective__otevri_spojencum_vstup_do_veze.objectiveVisual9"
"M48c","hladAZmar","m48c__hlad_a_zmar","19","rozluc_se_s_katerinou","ProgressAbortable","True","m48c__hla_rozluc_se_s_kat_gBLV","Say goodbye to Katherine.","Rozluč se s Kateřinou.","1","h.priprava_k_odchodu.objectiveVisual7"
"M48c","hladAZmar","m48c__hlad_a_zmar","20","rozluc_se_s_ptackem","ProgressAbortable","True","m48c__hla_rozluc_se_s_pta_vfSF","Say goodbye to Capon.","Rozluč se s Ptáčkem.","1","h.priprava_k_odchodu.objectiveVisual8"
"M48c","hladAZmar","m48c__hlad_a_zmar","21","dodelej_co_potrebujes_a_pak_pockej_na_hradbach","ProgressAbortable","False","m48c__hla_dodelej_co_potr_CHF3","Finish what you need to do and then wait on the ramparts.","Dodělej, co potřebuješ a pak počkej na hradbách.","1","h.priprava_k_odchodu.objectiveVisual3"
"M49","stealthMiseZaJindru","stealthmisezajindru","0","najdi_kone_a_jed_pro_pomoc","FleeOnHorse","False","stealth_m_najdi_kone_a_je_NR5B","Find a horse and get help.","Najdi koně a jeď pro pomoc","1","hibernable.kone_a_odjezd.objectiveVisual2"
"M49","stealthMiseZaJindru","stealthmisezajindru","1","zjisti_kde_je_sam","ZjistiKdeJeSam","True","stealthmi_zjisti_kde_je_s_iv9W","Find out where Sam is.","Zjisti, kde je Sam","1","hibernable.patrani_po_samovi.objectiveVisual4"
"M49","stealthMiseZaJindru","stealthmisezajindru","2","najdi_v_tabore_sama","ProgressFailable","True","stealthmi_najdi_v_tabore__p9NZ","Find Sam in the camp.","Najdi v táboře Sama","1","hibernable.patrani_po_samovi.objectiveVisual5"
"M49","stealthMiseZaJindru","stealthmisezajindru","3","promluv_se_samem","ProgressFailable","True","stealthmi_promluv_se_samem_hAXq","Talk to Sam.","Promluv se Samem","1","hibernable.patrani_po_samovi.objectiveVisual9"
"M49","stealthMiseZaJindru","stealthmisezajindru","4","najdi_v_tabore_aulitze2","NajdiAulitze","True","stealthmi_najdi_v_tabore__VQ0G","Find von Aulitz in the camp.","Najdi v táboře Aulitze","1","hibernable.aulitzuv_dum.objectiveVisual9"
"M50","zoufalaObranaZaBohutu","bitvazabohutu","0","zjisti_co_se_stalo","ZjistiCoSeStalo","False","zoufalaob_zjisti_co_se_st_Yd3U","Find out what happened.","Zjisti, co se stalo.","1","hibernable.q.bohuta_se_probouzi_v_palaci.objectiveVisual22"
"M50","zoufalaObranaZaBohutu","bitvazabohutu","1","jdi_na_nadvori","Progress","False","bitvazabo_jdi_na_nadvori_ALfJ","Go into the courtyard.","Jdi na nádvoří.","1","hibernable.q.bohuta_se_probouzi_v_palaci.objectiveVisual3"
"M50","zoufalaObranaZaBohutu","bitvazabohutu","2","jdi_po_schodech_na_predni_hradby","ProgressAbortable","False","zoufalaob_jdi_po_schodech_wpuY","Go up the stairs to the front ramparts.","Jdi po schodech na přední hradby.","1","hibernable.b.objectiveVisual7"
"M50","zoufalaObranaZaBohutu","bitvazabohutu","3","bran_predni_hradby","DesperateDefenseAsBohuta_SilentCompletionObjective","False","bitvazabo_bran_hradbu_6xQ0","Defend the front rampart.","Braň přední hradby.","1","hibernable.b.objectiveVisual20"
"M50","zoufalaObranaZaBohutu","bitvazabohutu","4","pomoz_na_nadvori_s_obranou_brany","DesperateDefenseAsBohuta_SilentCompletionObjective","False","bitvazabo_pomoz_na_nadvor_3I60","Help defend the gate in the courtyard!","Pomoz na nádvoří s obranou brány!","1","hibernable.b.objectiveVisual21"
"M50","zoufalaObranaZaBohutu","bitvazabohutu","5","nasleduj_velitele_na_bocni_hradbu","DesperateDefenseAsBohuta_SilentCompletionObjective","False","bitvazabo_dostan_se_na_vy_ksiq","Follow the commander Dry Devil.","Následuj velitele Suchého Čerta.","1","hibernable.b.objectiveVisual3"
"M50","zoufalaObranaZaBohutu","bitvazabohutu","6","shod_zebrik","Progress","False","bitvazabo_obsad_hradbu_a__n0Up","Knock down the ladder!","Shoď žebřík!","1","hibernable.b.objectiveVisual22"
"M50","zoufalaObranaZaBohutu","bitvazabohutu","7","zbav_se_vsech_nepratel_na_hradbe","Progress","False","bitvazabo_obsad_hradbu_a__a1yN","Wipe out all the enemy forces on the rampart!","Zbav se všech nepřátel na hradbě!","1","hibernable.b.objectiveVisual23"
"M51","finale","finale","0","dobyj_zpatky_suchdol","Progress","False","finale_dobyj_zpatky_suchd_bjwr","Take back Suchdol!","Dobyj zpátky Suchdol!","1","hibernation.finale_bitva_na_nadvori.objectiveVisual2"
"M51","finale","finale","1","poraz_nepratele_v_predhradi","Progress","False","finale_poraz_nepratele_v__BUzA","Defeat the enemy in the outer bailey.","Poraz nepřátele v předhradí.","1","hibernation.finale_bitva_na_nadvori.objectiveVisual29"
"M51","finale","finale","2","dostan_se_na_nadvori","ObjectiveGetToSecondCourtyard","False","finale_dostan_se_na_nadvo_1PhV","Get into the courtyard.","Dostaň se na nádvoří.","1","hibernation.finale_bitva_na_nadvori.hrac_na_hradbach.objectiveVisual27"
"M51","finale","finale","3","poraz_nepratele_na_nadvori","Progress","False","finale_poraz_nepratele_na_GH6Q","Defeat the enemy in the courtyard.","Poraz nepřátele na nádvoří.","1","hibernation.finale_bitva_na_nadvori.objectiveVisual31"
"M51","finale","finale","4","dojdi_nabrousit_hanusovi_mec","Progress","False","finale_dojdi_nabrousit_ha_lQnC","Go and hone Hanush's sword.","Dojdi nabrousit Hanušovi meč.","1","hibernation.brouseni_mece.sharpenSwordForHanus_objectiveVisual"
"M51","finale","finale","5","pockej_az_hanus_domluvi_s_ptackem","ObjectiveUpdateStart","False","finale_pockej_az_hanus_do_wZap","Wait till Hanush finishes his conversation with Capon.","Počkej až Hanuš domluví s Ptáčkem.","1","hibernation.hanus_a_ptacek_se_bavi_spolu.waitUntilHanusSaysSecret_objectiveVisual"
"M51","finale","finale","6","promluv_si_se_spolubojovniky","ProgressAbortable","True","finale_promluv_si_se_spol_8m15","Talk to your brothers-in-arms.","Promluv si se spolubojovníky.","1","talkToSuchdolSurvivors_objectiveVisual"
"M51","finale","finale","7","vrat_mec_hanusovi","Progress","False","finale_vrat_mec_hanusovi_r3ct","Give the sword back to Hanush.","Vrať meč Hanušovi.","1","hibernation.polylog_s_hanusem_a_ptackem.giveSwordBackToHanus_objectiveVisual"
"M51","finale","finale","8","zjisti_nalezitosti_zidovskeho_pohrbu","ProgressAbortable","True","finale_zjisti_nalezitosti_0Npd","Find out what rites a Jewish burial involves.","Zjisti náležitosti židovského pohřbu.","1","hibernation.obeseny_sam.nalezitosti_zidovskeho_pohrbu.findAboutJewishBurial_objectiveVisual"
"M51","finale","finale","9","najdi_samovo_telo","ObjectiveUpdateStart","False","finale_najdi_samovo_telo_hzph","Find Sam's body.","Najdi Samovo tělo.","1","hibernation.obeseny_sam.findSamsBody_objectiveVisual"
"M51","finale","finale","10","priprav_sama_na_pohreb","ObjectiveUpdateDone","False","finale_pomodli_se_za_sama_uT52","Prepare Sam for his funeral.","Připrav Sama na pohřeb.","1","hibernation.obeseny_sam.prayForSam_objectiveVisual"
"M51","finale","finale","11","promluv_si_s_hanusem","Progress","False","finale_promluv_si_s_hanus_aodc","Talk to Hanush.","Promluv si s Hanušem.","1","hibernation.polylog_s_hanusem_a_ptackem.talkToHanus_objectiveVisual"
"M51","finale","finale","12","najdi_v_tabore_markvarta_von_aulitz","ProgressAbortable","True","finale_najdi_v_tabore_mar_0DVL","Find Markvart von Aulitz in the camp.","Najdi v táboře Markvarta von Aulitz.","1","hibernation.hrac_jde_za_rackem.mrtvy_markvart.najdiVTaboreMarkvarta_objectiveVisual"
"M51","finale","finale","13","setkej_se_s_rackem","Progress","False","finale_setkej_se_s_rackem_76g8","Meet up with Radzig.","Setkej se s Rackem.","1","hibernation.hrac_jde_za_rackem.setkejSeSRackem_objectiveVisual"
