"code","quest","level","path","trigger","markerKey","title","namespaced","cumulative","drivesState","prereqs","ownCmds","nestedTriggers","posKind","posSrc","x","y","z","entity","posLevel","fireable","unresolvedArrays","file"
"M01","prepadeni","trosecko","prepadeni.01_init","01_init","prepadeni","Easy Riders","False","False","True","0","0","0","none","","","","","","","False","","Barbora/trosecko/prepadeni.xml"
"M01","prepadeni","trosecko","prepadeni.endQuest","endQuest","prepadeni","Easy Riders","False","True","False","5","0","0","none","","","","","","","False","","Barbora/trosecko/prepadeni.xml"
"M01","prepadeni","trosecko","prepadeni.02_skipToCamp","02_skipToCamp","prepadeni","Easy Riders","False","True","True","1","0","0","none","","","","","","","False","","Barbora/trosecko/prepadeni/hibernovana_cast.xml"
"M01","prepadeni","trosecko","prepadeni.07_snoop","07_snoop","prepadeni","Easy Riders","False","False","True","0","0","0","none","","","","","","","False","","Barbora/trosecko/prepadeni/hibernovana_cast.xml"
"M01","prepadeni","trosecko","prepadeni.08_massacre","08_massacre","prepadeni","Easy Riders","False","False","True","0","0","0","none","","","","","","","False","","Barbora/trosecko/prepadeni/hibernovana_cast.xml"
"M01","prepadeni","trosecko","prepadeni.ptacek_statSkill_minus_10","ptacek_statSkill_minus_10","prepadeni","Easy Riders","False","False","False","0","1","0","none","","","","","","","False","","Barbora/trosecko/prepadeni/hibernovana_cast.xml"
"M01","prepadeni","trosecko","prepadeni.ptacek_statSkill_minus_2","ptacek_statSkill_minus_2","prepadeni","Easy Riders","False","False","False","0","1","0","none","","","","","","","False","","Barbora/trosecko/prepadeni/hibernovana_cast.xml"
"M01","prepadeni","trosecko","prepadeni.ptacek_statSkill_minus_5","ptacek_statSkill_minus_5","prepadeni","Easy Riders","False","False","False","0","1","0","none","","","","","","","False","","Barbora/trosecko/prepadeni/hibernovana_cast.xml"
"M01","prepadeni","trosecko","prepadeni.ptacek_statSkill_minus_7","ptacek_statSkill_minus_7","prepadeni","Easy Riders","False","False","False","0","1","0","none","","","","","","","False","","Barbora/trosecko/prepadeni/hibernovana_cast.xml"
"M01","prepadeni","trosecko","prepadeni.ptacek_statSkill_plus_10","ptacek_statSkill_plus_10","prepadeni","Easy Riders","False","False","False","0","1","0","none","","","","","","","False","","Barbora/trosecko/prepadeni/hibernovana_cast.xml"
"M01","prepadeni","trosecko","prepadeni.ptacek_statSkill_plus_2","ptacek_statSkill_plus_2","prepadeni","Easy Riders","False","False","False","0","1","0","none","","","","","","","False","","Barbora/trosecko/prepadeni/hibernovana_cast.xml"
"M01","prepadeni","trosecko","prepadeni.ptacek_statSkill_plus_5","ptacek_statSkill_plus_5","prepadeni","Easy Riders","False","False","False","0","1","0","none","","","","","","","False","","Barbora/trosecko/prepadeni/hibernovana_cast.xml"
"M01","prepadeni","trosecko","prepadeni.ptacek_statSkill_plus_7","ptacek_statSkill_plus_7","prepadeni","Easy Riders","False","False","False","0","1","0","none","","","","","","","False","","Barbora/trosecko/prepadeni/hibernovana_cast.xml"
"M01","prepadeni","trosecko","prepadeni.stopFormation","stopFormation","prepadeni","Easy Riders","False","False","True","0","0","0","none","","","","","","","False","","Barbora/trosecko/prepadeni/hibernovana_cast.xml"
"M01","prepadeni","trosecko","prepadeni.cutsceneProfiling_bergowRiders_part_2","cutsceneProfiling_bergowRiders_part_2","prepadeni","Easy Riders","False","False","True","0","0","0","none","","","","","","","False","","Barbora/trosecko/prepadeni/hibernovana_cast/vyjednavani_s_bergovovymi_muzi.xml"
"M01","prepadeni","trosecko","prepadeni.06_dinner","06_dinner","prepadeni","Easy Riders","False","True","True","1","0","0","none","","","","","","","False","","Barbora/trosecko/prepadeni/hibernovana_cast/tabor.xml"
"M01","prepadeni","trosecko","prepadeni.cutsceneProfiling_bergowRiders_part_1","cutsceneProfiling_bergowRiders_part_1","prepadeni","Easy Riders","False","False","True","0","0","0","none","","","","","","","False","","Barbora/trosecko/prepadeni/hibernovana_cast/jizda_s_ptackem/spusteni_cutsceny.xml"
"M01","prepadeni","trosecko","prepadeni.skipCombatTutorial","skipCombatTutorial","prepadeni","Easy Riders","False","False","True","0","0","0","none","","","","","","","False","","Barbora/trosecko/prepadeni/hibernovana_cast/tabor/serm_s_ptackem.xml"
"M01","prepadeni","trosecko","prepadeni.05_getRing","05_getRing","prepadeni","Easy Riders","False","False","True","0","0","0","none","","","","","","","False","","Barbora/trosecko/prepadeni/hibernovana_cast/tabor/quest_itemy.xml"
"M01","prepadeni","trosecko","prepadeni.misky_s_jidlem.stream","stream","prepadeni","Easy Riders","True","False","True","0","0","0","none","","","","","","","False","","Barbora/trosecko/prepadeni/hibernovana_cast/tabor/misky_s_jidlem.xml"
"M01","prepadeni","trosecko","prepadeni.equipArmor","equipArmor","prepadeni","Easy Riders","False","False","True","0","0","0","none","","","","","","","False","","Barbora/trosecko/prepadeni/hibernovana_cast/tabor/quest_itemy/haste_equip_armor.xml"
"M01","prepadeni","trosecko","prepadeni.showCounter","showCounter","prepadeni","Easy Riders","False","False","True","0","0","0","none","","","","","","","False","","Barbora/trosecko/prepadeni/hibernovana_cast/tabor/serm_s_ptackem/duel_ptacek_vs_jindrich/pocitani_zasahu.xml"
"M02","zachrana","trosecko","zachrana.xxxSubtitles_hagPtacek1","xxxSubtitles_hagPtacek1","zachrana","Fortuna","False","True","False","0","3","3","none","","","","","","","False","","Barbora/trosecko/zachrana/disappearing_subtitles_repro.xml"
"M02","zachrana","trosecko","zachrana.xxxSubtitles_hagPtacek2","xxxSubtitles_hagPtacek2","zachrana","Fortuna","False","True","False","0","1","1","none","","","","","","","False","","Barbora/trosecko/zachrana/disappearing_subtitles_repro.xml"
"M02","zachrana","trosecko","zachrana.xxxSubtitles_hagPtacek3","xxxSubtitles_hagPtacek3","zachrana","Fortuna","False","False","False","0","1","0","none","","","","","","","False","","Barbora/trosecko/zachrana/disappearing_subtitles_repro.xml"
"M02","zachrana","trosecko","zachrana.xxxSubtitles1","xxxSubtitles1","zachrana","Fortuna","False","True","False","0","3","3","none","","","","","","","False","","Barbora/trosecko/zachrana/disappearing_subtitles_repro.xml"
"M02","zachrana","trosecko","zachrana.xxxSubtitles2","xxxSubtitles2","zachrana","Fortuna","False","False","False","0","1","0","ent","own","","","","palceholder_herbs_1","","False","","Barbora/trosecko/zachrana/disappearing_subtitles_repro.xml"
"M02","zachrana","trosecko","zachrana.xxxSubtitles3","xxxSubtitles3","zachrana","Fortuna","False","False","False","0","1","0","ent","own","","","","zachrana_hagGoSit","","False","","Barbora/trosecko/zachrana/disappearing_subtitles_repro.xml"
"M02","zachrana","trosecko","zachrana.chairPermanent","chairPermanent","zachrana","Fortuna","False","False","True","0","0","0","none","","","","","","","False","","Barbora/trosecko/zachrana/zidle_u_henryho_postele.xml"
"M02","zachrana","trosecko","zachrana._init","_init","zachrana","Fortuna","False","True","True","2","0","0","none","","","","","","","False","","Barbora/trosecko/zachrana/hastes.xml"
"M02","zachrana","trosecko","zachrana._init_skipWalkWithPtacek","_init_skipWalkWithPtacek","zachrana","Fortuna","False","True","True","2","0","0","none","","","","","","","False","","Barbora/trosecko/zachrana/hastes.xml"
"M02","zachrana","trosecko","zachrana._init_skipWalkWithPtacekAndDialog","_init_skipWalkWithPtacekAndDialog","zachrana","Fortuna","False","True","True","2","0","0","none","","","","","","","False","","Barbora/trosecko/zachrana/hastes.xml"
"M02","zachrana","trosecko","zachrana.completeQuest","completeQuest","zachrana","Fortuna","False","False","True","0","0","0","none","","","","","","","False","","Barbora/trosecko/zachrana/hastes.xml"
"M02","zachrana","trosecko","zachrana.endPreviousQuest","endPreviousQuest","zachrana","Fortuna","False","True","False","1","0","0","none","","","","","","","False","","Barbora/trosecko/zachrana/hastes.xml"
"M02","zachrana","trosecko","zachrana.endQuest","endQuest","zachrana","Fortuna","False","True","False","4","0","0","none","","","","","","","False","","Barbora/trosecko/zachrana/hastes.xml"
"M02","zachrana","trosecko","zachrana.streamHag","streamHag","zachrana","Fortuna","False","False","True","0","0","0","none","","","","","","","False","","Barbora/trosecko/zachrana/hibernace/cutsceny_na_zacatku_questu.xml"
"M02","zachrana","trosecko","zachrana.zachranaAssault","zachranaAssault","zachrana","Fortuna","False","False","True","0","0","0","none","","","","","","","False","","Barbora/trosecko/zachrana/hibernace/leceni_ptacka__druhy_den.xml"
"M02","zachrana","trosecko","zachrana.zachranaTretiDen","zachranaTretiDen","zachrana","Fortuna","False","False","True","0","0","0","none","","","","","","","False","","Barbora/trosecko/zachrana/hibernace/treti_den.xml"
"M02","zachrana","trosecko","zachrana._init_gamescom","_init_gamescom","zachrana","Fortuna","False","True","True","2","0","0","none","","","","","","","False","","Barbora/trosecko/zachrana/hastes/haste_gamescon.xml"
"M02","zachrana","trosecko","zachrana.gamescom_stats","gamescom_stats","zachrana","Fortuna","False","False","True","0","0","0","none","","","","","","","False","","Barbora/trosecko/zachrana/hastes/haste_gamescon.xml"
"M02","zachrana","trosecko","zachrana.PatchFix_1_1","PatchFix_1_1","zachrana","Fortuna","False","False","True","0","0","0","none","","","","","","","False","","Barbora/trosecko/zachrana/hibernace/cutsceny_na_zacatku_questu/cin_m0210t_zachrana__fall_dream.xml"
"M02","zachrana","trosecko","zachrana.cestaPoBrehuh","cestaPoBrehuh","zachrana","Fortuna","False","True","True","1","0","0","none","","","","","","","False","","Barbora/trosecko/zachrana/hibernace/cutsceny_na_zacatku_questu/cesta_po_brehu.xml"
"M02","zachrana","trosecko","zachrana.walkWIthPtacek_end","walkWIthPtacek_end","zachrana","Fortuna","False","False","True","0","0","0","none","","","","","","","False","","Barbora/trosecko/zachrana/hibernace/cutsceny_na_zacatku_questu/cesta_po_brehu.xml"
"M02","zachrana","trosecko","zachrana.predaniLektvaru","predaniLektvaru","zachrana","Fortuna","False","False","True","0","0","0","none","","","","","","","False","","Barbora/trosecko/zachrana/hibernace/leceni_ptacka__druhy_den/alchemy_tutorial.xml"
"M02","zachrana","trosecko","zachrana.fakeIPL_OFF","fakeIPL_OFF","zachrana","Fortuna","False","False","True","0","0","0","none","","","","","","","False","","Barbora/trosecko/zachrana/hibernace/treti_den/ipl_overlay.xml"
"M02","zachrana","trosecko","zachrana.fakeIPL_ON","fakeIPL_ON","zachrana","Fortuna","False","False","True","0","0","0","none","","","","","","","False","","Barbora/trosecko/zachrana/hibernace/treti_den/ipl_overlay.xml"
"M02","zachrana","trosecko","zachrana.firstChat","firstChat","zachrana","Fortuna","False","False","True","0","0","0","none","","","","","","","False","","Barbora/trosecko/zachrana/hibernace/cutsceny_na_zacatku_questu/cesta_po_brehu/placeholder_testing_chat.xml"
"M02","zachrana","trosecko","zachrana.FourtChat","FourtChat","zachrana","Fortuna","False","False","True","0","0","0","none","","","","","","","False","","Barbora/trosecko/zachrana/hibernace/cutsceny_na_zacatku_questu/cesta_po_brehu/placeholder_testing_chat.xml"
"M02","zachrana","trosecko","zachrana.secondChat","secondChat","zachrana","Fortuna","False","False","True","0","0","0","none","","","","","","","False","","Barbora/trosecko/zachrana/hibernace/cutsceny_na_zacatku_questu/cesta_po_brehu/placeholder_testing_chat.xml"
"M02","zachrana","trosecko","zachrana.ThirdChat","ThirdChat","zachrana","Fortuna","False","False","True","0","0","0","none","","","","","","","False","","Barbora/trosecko/zachrana/hibernace/cutsceny_na_zacatku_questu/cesta_po_brehu/placeholder_testing_chat.xml"
"M02","zachrana","trosecko","zachrana.zachrana_afterStartingDialog","zachrana_afterStartingDialog","zachrana","Fortuna","False","False","True","0","0","0","none","","","","","","","False","","Barbora/trosecko/zachrana/hibernace/leceni_ptacka__druhy_den/druhy_den__rano/s_babkou__zadani_obvazu__jidla__umyti_se.xml"
"M02","zachrana","trosecko","zachrana.giveKytky","giveKytky","zachrana","Fortuna","False","False","True","0","0","0","none","","","","","","","False","","Barbora/trosecko/zachrana/hibernace/leceni_ptacka__druhy_den/hledani_bylin/haste_kytky.xml"
"M02","zachrana","trosecko","zachrana.UnlockAlchemyRecipe","UnlockAlchemyRecipe","zachrana","Fortuna","False","False","True","0","0","0","none","","","","","","","False","","Barbora/trosecko/zachrana/hibernace/leceni_ptacka__druhy_den/alchemy_tutorial/alchemy_tutorial.xml"
"M02","zachrana","trosecko","zachrana.goToSleep_activate","goToSleep_activate","zachrana","Fortuna","False","False","True","0","0","0","none","","","","","","","False","","Barbora/trosecko/zachrana/hibernace/leceni_ptacka__druhy_den/alchemy_tutorial/hrac_jde_spat.xml"
"M03","socky","trosecko","socky.endQuestAndStartOpenWorld","endQuestAndStartOpenWorld","socky","Laboratores","False","True","True","1","0","0","none","","","","","","","False","","Barbora/trosecko/socky.xml"
"M03","socky","trosecko","socky.skillteacher_enable_tvid_huntsmansSon","skillteacher_enable_tvid_huntsmansSon","socky","Laboratores","False","False","True","0","0","0","none","","","","","","","False","","Barbora/trosecko/socky/skillteacher.xml"
"M03","socky","trosecko","socky._initAndStart","_initAndStart","socky","Laboratores","False","True","True","2","0","0","xyz","chain","2342.72","2068.25","112.25","","","True","","Barbora/trosecko/socky/haste.xml"
"M03","socky","trosecko","socky.debug_beggarBarbora","debug_beggarBarbora","socky","Laboratores","False","False","True","0","0","0","none","","","","","","","False","","Barbora/trosecko/socky/haste.xml"
"M03","socky","trosecko","socky.debug_initAndStart","debug_initAndStart","socky","Laboratores","False","True","True","2","0","0","xyz","chain","2342.72","2068.25","112.25","","","False","","Barbora/trosecko/socky/haste.xml"
"M03","socky","trosecko","socky.endPreviousQuest","endPreviousQuest","socky","Laboratores","False","True","False","1","0","0","none","","","","","","","False","","Barbora/trosecko/socky/haste.xml"
"M03","socky","trosecko","socky.endQuest","endQuest","socky","Laboratores","False","True","True","7","0","0","none","","","","","","","False","","Barbora/trosecko/socky/haste.xml"
"M03","socky","trosecko","socky.teleportBeforeEndPreviousQuest","teleportBeforeEndPreviousQuest","socky","Laboratores","False","False","False","0","1","0","xyz","own","2342.72","2068.25","112.25","","","False","","Barbora/trosecko/socky/haste.xml"
"M03","socky","trosecko","socky.start_skirmish_animCheck","start_skirmish_animCheck","socky","Laboratores","False","False","True","0","0","0","none","","","","","","","False","","Barbora/trosecko/socky/hibernable/v_hospode/pytle_a_hadka/treti_faze.xml"
"M05","svatba","trosecko","svatba.01_init","01_init","svatba","Wedding Crashers","False","True","True","1","0","0","none","","","","","","","False","","Barbora/trosecko/svatba.xml"
"M05","svatba","trosecko","svatba.08_MichalaDavid","08_MichalaDavid","svatba","Wedding Crashers","False","False","True","0","0","0","none","","","","","","","False","","Barbora/trosecko/svatba.xml"
"M05","svatba","trosecko","svatba.09_cervenak","09_cervenak","svatba","Wedding Crashers","False","True","True","1","0","0","none","","","","","","","False","","Barbora/trosecko/svatba.xml"
"M05","svatba","trosecko","svatba.10_lovci","10_lovci","svatba","Wedding Crashers","False","False","True","0","0","0","none","","","","","","","False","","Barbora/trosecko/svatba.xml"
"M05","svatba","trosecko","svatba.charisma_boost","charisma_boost","svatba","Wedding Crashers","False","False","True","0","0","0","none","","","","","","","False","","Barbora/trosecko/svatba.xml"
"M05","svatba","trosecko","svatba.endPreviousQuest","endPreviousQuest","svatba","Wedding Crashers","False","True","False","1","0","0","none","","","","","","","False","","Barbora/trosecko/svatba.xml"
"M05","svatba","trosecko","svatba.endQuest","endQuest","svatba","Wedding Crashers","False","True","False","10","0","0","none","","","","","","","False","","Barbora/trosecko/svatba.xml"
"M05","svatba","trosecko","svatba.hibernationDone","hibernationDone","svatba","Wedding Crashers","False","False","True","0","0","0","none","","","","","","","False","","Barbora/trosecko/svatba.xml"
"M05","svatba","trosecko","svatba.npcCountDebug","npcCountDebug","svatba","Wedding Crashers","False","False","False","0","1","0","none","","","","","","","False","","Barbora/trosecko/svatba.xml"
"M05","svatba","trosecko","svatba.02_init_blacksmith","02_init_blacksmith","svatba","Wedding Crashers","False","True","True","1","1","0","ent","own","","","","ttac_blacksmith","","True","","Barbora/trosecko/svatba/pred_svatbou.xml"
"M05","svatba","trosecko","svatba.03_init_concubine","03_init_concubine","svatba","Wedding Crashers","False","True","True","1","1","0","ent","own","","","","tvez_concubine","","True","","Barbora/trosecko/svatba/pred_svatbou.xml"
"M05","svatba","trosecko","svatba.dlg_autoSkip_off","dlg_autoSkip_off","svatba","Wedding Crashers","False","False","False","0","1","0","none","","","","","","","False","","Barbora/trosecko/svatba/pred_svatbou.xml"
"M05","svatba","trosecko","svatba.startFaze_1","startFaze_1","svatba","Wedding Crashers","False","False","True","0","1","0","none","","","","","","","False","","Barbora/trosecko/svatba/pred_svatbou.xml"
"M05","svatba","trosecko","svatba.startFaze_1_dlg_autoskip_off","startFaze_1_dlg_autoskip_off","svatba","Wedding Crashers","False","False","True","0","1","0","none","","","","","","","False","","Barbora/trosecko/svatba/pred_svatbou.xml"
"M05","svatba","trosecko","svatba.cutsceneProfiling_weddingCeremony","cutsceneProfiling_weddingCeremony","svatba","Wedding Crashers","False","True","True","1","0","0","none","","","","","","","False","","Barbora/trosecko/svatba/profilovani_cutscen.xml"
"M05","svatba","trosecko","svatba.startCutsceneCeremony","startCutsceneCeremony","svatba","Wedding Crashers","False","False","True","0","0","0","none","","","","","","","False","","Barbora/trosecko/svatba/hibernovana_cast/cin_m0510t_svatba__wedding_ceremony.xml"
"M05","svatba","trosecko","svatba.nextPhase","nextPhase","svatba","Wedding Crashers","False","False","True","0","0","0","none","","","","","","","False","","Barbora/trosecko/svatba/hibernovana_cast/faze__objectiv_a_logy.xml"
"M05","svatba","trosecko","svatba.startPhase_2","startPhase_2","svatba","Wedding Crashers","False","False","True","0","0","0","none","","","","","","","False","","Barbora/trosecko/svatba/hibernovana_cast/faze__objectiv_a_logy.xml"
"M05","svatba","trosecko","svatba.startPhase_3","startPhase_3","svatba","Wedding Crashers","False","False","True","0","0","0","none","","","","","","","False","","Barbora/trosecko/svatba/hibernovana_cast/faze__objectiv_a_logy.xml"
"M05","svatba","trosecko","svatba.startPhase_4","startPhase_4","svatba","Wedding Crashers","False","False","True","0","0","0","none","","","","","","","False","","Barbora/trosecko/svatba/hibernovana_cast/faze__objectiv_a_logy.xml"
"M05","svatba","trosecko","svatba.startPhase_5","startPhase_5","svatba","Wedding Crashers","False","True","True","1","0","0","none","","","","","","","False","","Barbora/trosecko/svatba/hibernovana_cast/faze__objectiv_a_logy.xml"
"M05","svatba","trosecko","svatba.04_getWine","04_getWine","svatba","Wedding Crashers","False","False","True","0","0","0","none","","","","","","","False","","Barbora/trosecko/svatba/hibernovana_cast/quest_itemy.xml"
"M05","svatba","trosecko","svatba.06_getSpecialFood","06_getSpecialFood","svatba","Wedding Crashers","False","False","True","0","0","0","none","","","","","","","False","","Barbora/trosecko/svatba/hibernovana_cast/quest_itemy.xml"
"M05","svatba","trosecko","svatba.05_getFood","05_getFood","svatba","Wedding Crashers","False","False","True","0","0","0","none","","","","","","","False","","Barbora/trosecko/svatba/hibernovana_cast/chudina/shaneni_jidla.xml"
"M05","svatba","trosecko","svatba.07_getSoup","07_getSoup","svatba","Wedding Crashers","False","False","True","0","0","0","none","","","","","","","False","","Barbora/trosecko/svatba/hibernovana_cast/ztraceny_lovci/opily_hajny.xml"
"M06","naTroskach","trosecko","naTroskach.01_init","01_init","natroskach","For Whom the Bell Tolls","False","True","True","1","0","0","none","","","","","","","False","","Barbora/trosecko/naTroskach.xml"
"M06","naTroskach","trosecko","naTroskach.07_initCSpoprava","07_initCSpoprava","natroskach","For Whom the Bell Tolls","False","True","True","2","0","0","none","","","","","","","False","","Barbora/trosecko/naTroskach.xml"
"M06","naTroskach","trosecko","naTroskach.09_initOutOfPrison","09_initOutOfPrison","natroskach","For Whom the Bell Tolls","False","False","True","0","0","0","none","","","","","","","False","","Barbora/trosecko/naTroskach.xml"
"M06","naTroskach","trosecko","naTroskach.endKorenarkaZachranaQuest","endKorenarkaZachranaQuest","natroskach","For Whom the Bell Tolls","False","True","False","1","0","0","none","","","","","","","False","","Barbora/trosecko/naTroskach.xml"
"M06","naTroskach","trosecko","naTroskach.endPreviousQuest","endPreviousQuest","natroskach","For Whom the Bell Tolls","False","True","False","1","0","0","none","","","","","","","False","","Barbora/trosecko/naTroskach.xml"
"M06","naTroskach","trosecko","naTroskach.endQuest","endQuest","natroskach","For Whom the Bell Tolls","False","True","False","8","0","0","none","","","","","","","False","","Barbora/trosecko/naTroskach.xml"
"M06","naTroskach","trosecko","naTroskach.naTroskach_setDone","naTroskach_setDone","natroskach","For Whom the Bell Tolls","False","False","True","0","0","0","none","","","","","","","False","","Barbora/trosecko/naTroskach.xml"
"M06","naTroskach","trosecko","naTroskach.05_hracCetlFelcarovuKnihu","05_hracCetlFelcarovuKnihu","natroskach","For Whom the Bell Tolls","False","False","True","0","0","0","none","","","","","","","False","","Barbora/trosecko/naTroskach/hledani_leku.xml"
"M06","naTroskach","trosecko","naTroskach.06_pridatMedicinu","06_pridatMedicinu","natroskach","For Whom the Bell Tolls","False","False","True","0","0","0","none","","","","","","","False","","Barbora/trosecko/naTroskach/hledani_leku.xml"
"M06","naTroskach","trosecko","naTroskach.skillteacher_.skillteacher_nikodem_enable","skillteacher_nikodem_enable","natroskach","For Whom the Bell Tolls","True","False","True","0","0","0","none","","","","","","","False","","Barbora/trosecko/naTroskach/skillteacher_.xml"
"M06","naTroskach","trosecko","naTroskach.08_skipFirst10minutes","08_skipFirst10minutes","natroskach","For Whom the Bell Tolls","False","False","True","0","0","0","none","","","","","","","False","","Barbora/trosecko/naTroskach/quest_setting/zastaveni.xml"
"M06","naTroskach","trosecko","naTroskach.03_pytle_donoseny","03_pytle_donoseny","natroskach","For Whom the Bell Tolls","False","False","True","0","0","0","none","","","","","","","False","","Barbora/trosecko/naTroskach/hibernovana_cast/na_vnejsim_dvore/noseni_pytlu.xml"
"M06","naTroskach","trosecko","naTroskach.02_pridat_podkovy","02_pridat_podkovy","natroskach","For Whom the Bell Tolls","False","False","True","0","0","0","none","","","","","","","False","","Barbora/trosecko/naTroskach/hibernovana_cast/na_vnejsim_dvore/kovar_a_podkovy.xml"
"M06","naTroskach","trosecko","naTroskach.10_VujtekDialogActive","10_VujtekDialogActive","natroskach","For Whom the Bell Tolls","False","False","True","0","0","0","none","","","","","","","False","","Barbora/trosecko/naTroskach/hibernovana_cast/na_vnejsim_dvore/vujtek_nenosi_pytle.xml"
"M06","naTroskach","trosecko","naTroskach.11_Vujtek_svatbaSoubojHracVyhral","11_Vujtek_svatbaSoubojHracVyhral","natroskach","For Whom the Bell Tolls","False","False","True","0","0","0","none","","","","","","","False","","Barbora/trosecko/naTroskach/hibernovana_cast/na_vnejsim_dvore/vujtek_nenosi_pytle.xml"
"M06","naTroskach","trosecko","naTroskach.04_presun_ruzenec_k_hraci","04_presun_ruzenec_k_hraci","natroskach","For Whom the Bell Tolls","False","False","True","0","0","0","none","","","","","","","False","","Barbora/trosecko/naTroskach/hibernovana_cast/na_vnitrnim_dvore/pohyb_questitemu_ruzenec.xml"
"M07","nebakovPruzkum","trosecko","nebakovPruzkum._init","_init","nebakovpruzkum","Back in the Saddle","False","True","True","4","0","0","none","","","","","","","False","","Barbora/trosecko/nebakovPruzkum.xml"
"M07","nebakovPruzkum","trosecko","nebakovPruzkum.endPreviousQuest","endPreviousQuest","nebakovpruzkum","Back in the Saddle","False","True","False","1","0","0","none","","","","","","","False","","Barbora/trosecko/nebakovPruzkum.xml"
"M07","nebakovPruzkum","trosecko","nebakovPruzkum.endQuest","endQuest","nebakovpruzkum","Back in the Saddle","False","True","False","9","0","0","none","","","","","","","False","","Barbora/trosecko/nebakovPruzkum.xml"
"M07","nebakovPruzkum","trosecko","nebakovPruzkum.vypnoutVyhazovani","vypnoutVyhazovani","nebakovpruzkum","Back in the Saddle","False","False","True","0","0","0","none","","","","","","","False","","Barbora/trosecko/nebakovPruzkum/kdyz_hrac_dorazi_na_nebakov_pred_prijezdem_s_ptackem_nebo_po_questu.xml"
"M07","nebakovPruzkum","trosecko","nebakovPruzkum.setOwnerHorse","setOwnerHorse","nebakovpruzkum","Back in the Saddle","False","False","True","0","0","0","none","","","","","","","False","","Barbora/trosecko/nebakovPruzkum/prijezd_na_nebakov.xml"
"M07","nebakovPruzkum","trosecko","nebakovPruzkum.skipToNebakovPolylog","skipToNebakovPolylog","nebakovpruzkum","Back in the Saddle","False","True","True","1","0","0","ent","chain","","","","nebakovPruzkum_tagpoint_cutscene_nebakovArrival_playerHorse","","True","","Barbora/trosecko/nebakovPruzkum/prijezd_na_nebakov.xml"
"M07","nebakovPruzkum","trosecko","nebakovPruzkum.giveHerynkIfNoHorse","giveHerynkIfNoHorse","nebakovpruzkum","Back in the Saddle","False","False","True","0","0","0","none","","","","","","","False","","Barbora/trosecko/nebakovPruzkum/hastes.xml"
"M07","nebakovPruzkum","trosecko","nebakovPruzkum.naNebakovFastTravel","naNebakovFastTravel","nebakovpruzkum","Back in the Saddle","False","True","True","1","0","0","none","","","","","","","False","","Barbora/trosecko/nebakovPruzkum/hastes.xml"
"M07","nebakovPruzkum","trosecko","nebakovPruzkum.prepareNebakov","prepareNebakov","nebakovpruzkum","Back in the Saddle","False","True","True","1","1","0","ent","own","","","","nebakovPruzkum_tagpoint_cutscene_nebakovArrival_playerHorse","","True","","Barbora/trosecko/nebakovPruzkum/hastes.xml"
"M07","nebakovPruzkum","trosecko","nebakovPruzkum.skipToNebakov","skipToNebakov","nebakovpruzkum","Back in the Saddle","False","True","True","3","1","0","ent","own","","","","nebakovPruzkum_tagpoint_cutscene_nebakovArrival_playerHorse","","True","","Barbora/trosecko/nebakovPruzkum/hastes.xml"
"M07","nebakovPruzkum","trosecko","nebakovPruzkum.streamHorses","streamHorses","nebakovpruzkum","Back in the Saddle","False","False","True","0","0","0","none","","","","","","","False","","Barbora/trosecko/nebakovPruzkum/hastes.xml"
"M07","nebakovPruzkum","trosecko","nebakovPruzkum.skillteacher_cerny_bartos_enable","skillteacher_cerny_bartos_enable","nebakovpruzkum","Back in the Saddle","False","False","True","0","0","0","none","","","","","","","False","","Barbora/trosecko/nebakovPruzkum/cerny_bartos_skillteacher.xml"
"M07","nebakovPruzkum","trosecko","nebakovPruzkum.checkCombatHistoryWithSoldiers","checkCombatHistoryWithSoldiers","nebakovpruzkum","Back in the Saddle","False","False","True","0","0","0","none","","","","","","","False","","Barbora/trosecko/nebakovPruzkum/na_nebakove/timer_a_ptackova_reakce_na_nasili.xml"
"M07","nebakovPruzkum","trosecko","nebakovPruzkum.__completeActiveGateObjective","__completeActiveGateObjective","nebakovpruzkum","Back in the Saddle","False","False","True","0","0","0","none","","","","","","","False","","Barbora/trosecko/nebakovPruzkum/nebakovpruzkum_konskezavody_utils/CrossCountry_Gate_Objective_GateSpectators.xml"
"M07","nebakovPruzkum","trosecko","nebakovPruzkum.dialogNaKonciZavodu","dialogNaKonciZavodu","nebakovpruzkum","Back in the Saddle","False","False","True","0","0","0","none","","","","","","","False","","Barbora/trosecko/nebakovPruzkum/trosky_a_cesta_na_nebakov/cesta_na_nebakov/na_konci_zavodu.xml"
"M07","nebakovPruzkum","trosecko","nebakovPruzkum.toKaplicka","toKaplicka","nebakovpruzkum","Back in the Saddle","False","True","True","1","0","0","none","","","","","","","False","","Barbora/trosecko/nebakovPruzkum/trosky_a_cesta_na_nebakov/cesta_na_nebakov/na_konci_zavodu.xml"
"M07","nebakovPruzkum","trosecko","nebakovPruzkum.__makeRidersFinish","__makeRidersFinish","nebakovpruzkum","Back in the Saddle","False","False","True","0","0","0","none","","","","","","","False","","Barbora/trosecko/nebakovPruzkum/nebakovpruzkum_konskezavody_utils/CrossCountryContest/NpcRidersControl.xml"
"M07","nebakovPruzkum","trosecko","nebakovPruzkum.endRidersRelaxTimer","endRidersRelaxTimer","nebakovpruzkum","Back in the Saddle","False","False","True","0","0","0","none","","","","","","","False","","Barbora/trosecko/nebakovPruzkum/nebakovpruzkum_konskezavody_utils/CrossCountryContest/NpcRidersControl.xml"
"M07","nebakovPruzkum","trosecko","nebakovPruzkum.__completeFinishGateObjective","__completeFinishGateObjective","nebakovpruzkum","Back in the Saddle","False","False","True","0","0","0","none","","","","","","","False","","Barbora/trosecko/nebakovPruzkum/nebakovpruzkum_konskezavody_utils/CrossCountryContest/CrossCountry_FinishGate_Objective.xml"
"M07","nebakovPruzkum","trosecko","nebakovPruzkum.duel","duel","nebakovpruzkum","Back in the Saddle","False","False","True","0","0","0","none","","","","","","","False","","Barbora/trosecko/nebakovPruzkum/na_nebakove/jindra_na_nebakove/kapitan_strazi_a_obchuzka/intro_a_duel.xml"
"M07","nebakovPruzkum","trosecko","nebakovPruzkum.testZavodStart","testZavodStart","nebakovpruzkum","Back in the Saddle","False","False","True","0","0","0","none","","","","","","","False","","Barbora/trosecko/nebakovPruzkum/na_nebakove/jindra_na_nebakove/kone_objective_a_zavod/zavod_na_konich.xml"
"M07","nebakovPruzkum","trosecko","nebakovPruzkum.sex","sex","nebakovpruzkum","Back in the Saddle","False","False","True","0","0","0","none","","","","","","","False","","Barbora/trosecko/nebakovPruzkum/na_nebakove/jindra_na_nebakove/raneni_a_devecka/sex_a_potom.xml"
"M07","nebakovPruzkum","trosecko","nebakovPruzkum.davajKytky","davajKytky","nebakovpruzkum","Back in the Saddle","False","False","True","0","0","0","none","","","","","","","False","","Barbora/trosecko/nebakovPruzkum/na_nebakove/jindra_na_nebakove/raneni_a_devecka/sber_bylin_a_odevzdani/haste_give_kytky_.xml"
"M07","nebakovPruzkum","trosecko","nebakovPruzkum.streleckaSoutez","streleckaSoutez","nebakovpruzkum","Back in the Saddle","False","False","True","0","0","0","none","","","","","","","False","","Barbora/trosecko/nebakovPruzkum/na_nebakove/jindra_na_nebakove/objective_prozkoumej_tvrz/strelivo_a_strelne_zbrane/strelecka_soutez.xml"
"M08","mucirna","trosecko","mucirna._initWithoutCutscene","_initWithoutCutscene","semin","Necessary Evil","False","False","True","0","0","0","none","","","","","","","False","","Barbora/trosecko/mucirna/haste_init.xml"
"M08","mucirna","trosecko","mucirna.01_initAndStart","01_initAndStart","semin","Necessary Evil","False","True","True","1","0","0","none","","","","","","","False","","Barbora/trosecko/mucirna/haste_init.xml"
"M08","mucirna","trosecko","mucirna.01a_initAndStart_henryDoesntWantToTorture","01a_initAndStart_henryDoesntWantToTorture","semin","Necessary Evil","False","True","False","2","0","0","none","","","","","","","False","","Barbora/trosecko/mucirna/haste_init.xml"
"M08","mucirna","trosecko","mucirna.01b_initAndStart_henryWantsToTortureALittle","01b_initAndStart_henryWantsToTortureALittle","semin","Necessary Evil","False","True","False","2","0","0","none","","","","","","","False","","Barbora/trosecko/mucirna/haste_init.xml"
"M08","mucirna","trosecko","mucirna.01c_initAndStart_henryWantsToTorture","01c_initAndStart_henryWantsToTorture","semin","Necessary Evil","False","True","False","2","0","0","none","","","","","","","False","","Barbora/trosecko/mucirna/haste_init.xml"
"M08","mucirna","trosecko","mucirna.endPreviousQuest","endPreviousQuest","semin","Necessary Evil","False","True","False","1","0","0","none","","","","","","","False","","Barbora/trosecko/mucirna/haste_init.xml"
"M08","mucirna","trosecko","mucirna.endQuest","endQuest","semin","Necessary Evil","False","True","False","7","0","0","none","","","","","","","False","","Barbora/trosecko/mucirna/haste_init.xml"
"M08","mucirna","trosecko","mucirna._instantTourToSeminPositionHenry","_instantTourToSeminPositionHenry","semin","Necessary Evil","False","False","False","0","1","0","xyz","own","2441.97","2641.28","203.36","","","False","","Barbora/trosecko/mucirna/haste_instant_tour_to_semin.xml"
"M08","mucirna","trosecko","mucirna._instantTourToSeminPositionPtacek","_instantTourToSeminPositionPtacek","semin","Necessary Evil","False","False","True","0","0","0","none","","","","","","","False","","Barbora/trosecko/mucirna/haste_instant_tour_to_semin.xml"
"M08","mucirna","trosecko","mucirna.InstantTourToSemin","InstantTourToSemin","semin","Necessary Evil","False","True","False","5","0","0","xyz","chain","2441.97","2641.28","203.36","","","True","","Barbora/trosecko/mucirna/haste_instant_tour_to_semin.xml"
"M08","mucirna","trosecko","mucirna._invertHenryNotWantingToTorture","_invertHenryNotWantingToTorture","semin","Necessary Evil","False","False","True","0","0","0","none","","","","","","","False","","Barbora/trosecko/mucirna/haste_override_reconstruction_dialog_ports.xml"
"M08","mucirna","trosecko","mucirna._invertHenryWantingToTorture","_invertHenryWantingToTorture","semin","Necessary Evil","False","False","True","0","0","0","none","","","","","","","False","","Barbora/trosecko/mucirna/haste_override_reconstruction_dialog_ports.xml"
"M08","mucirna","trosecko","mucirna._invertHenryWantingToTortureALittle","_invertHenryWantingToTortureALittle","semin","Necessary Evil","False","False","True","0","0","0","none","","","","","","","False","","Barbora/trosecko/mucirna/haste_override_reconstruction_dialog_ports.xml"
"M08","mucirna","trosecko","mucirna.02_rideToSemin","02_rideToSemin","semin","Necessary Evil","False","True","True","3","0","0","none","","","","","","","False","","Barbora/trosecko/mucirna/hibernation/mucirna.xml"
"M08","mucirna","trosecko","mucirna.03_SeminArrival","03_SeminArrival","semin","Necessary Evil","False","False","True","0","0","0","none","","","","","","","False","","Barbora/trosecko/mucirna/hibernation/cesta_na_semin.xml"
"M08","mucirna","trosecko","mucirna._playFinishRaidCutscene","_playFinishRaidCutscene","semin","Necessary Evil","False","False","True","0","0","0","none","","","","","","","False","","Barbora/trosecko/mucirna/hibernation/na_semine.xml"
"M08","mucirna","trosecko","mucirna.debug_setTortureDone","debug_setTortureDone","semin","Necessary Evil","False","False","True","0","0","0","none","","","","","","","False","","Barbora/trosecko/mucirna/hibernation/mucirna/muceni_s_ptackem.xml"
"M08","mucirna","trosecko","mucirna.forceTorture","forceTorture","semin","Necessary Evil","False","False","True","0","0","0","none","","","","","","","False","","Barbora/trosecko/mucirna/hibernation/mucirna/muceni_s_ptackem.xml"
"M08","mucirna","trosecko","mucirna._overrideNoSeminDebriefObjective","_overrideNoSeminDebriefObjective","semin","Necessary Evil","False","False","True","0","0","0","none","","","","","","","False","","Barbora/trosecko/mucirna/hibernation/mucirna/debrief_u_bergova.xml"
"M08","mucirna","trosecko","mucirna.60_reportAfterTortureUpperRoom","60_reportAfterTortureUpperRoom","semin","Necessary Evil","False","False","True","0","0","0","none","","","","","","","False","","Barbora/trosecko/mucirna/hibernation/mucirna/debrief_u_bergova.xml"
"M08","mucirna","trosecko","mucirna.65_reportAfterTortureLowerRoom","65_reportAfterTortureLowerRoom","semin","Necessary Evil","False","False","True","0","0","0","none","","","","","","","False","","Barbora/trosecko/mucirna/hibernation/mucirna/debrief_u_bergova.xml"
"M08","mucirna","trosecko","mucirna.debug_setTortureDebriefDone","debug_setTortureDebriefDone","semin","Necessary Evil","False","False","True","0","0","0","none","","","","","","","False","","Barbora/trosecko/mucirna/hibernation/mucirna/debrief_u_bergova.xml"
"M08","mucirna","trosecko","mucirna._activateRideToSeminObjective","_activateRideToSeminObjective","semin","Necessary Evil","False","False","True","0","0","0","none","","","","","","","False","","Barbora/trosecko/mucirna/hibernation/cesta_na_semin/tour_na_semin.xml"
"M08","mucirna","trosecko","mucirna._ptacekStopsLeaningOnRail","_ptacekStopsLeaningOnRail","semin","Necessary Evil","False","False","True","0","0","0","none","","","","","","","False","","Barbora/trosecko/mucirna/hibernation/mucirna/muceni_s_ptackem/tour_s_ptackem_do_mucirny.xml"
"M08","mucirna","trosecko","mucirna._overrideFewMen","_overrideFewMen","semin","Necessary Evil","False","False","True","0","0","0","none","","","","","","","False","","Barbora/trosecko/mucirna/hibernation/mucirna/debrief_u_bergova/haste_override_few_men.xml"
"M08","mucirna","trosecko","mucirna.015_bergovDebriefDialogue","015_bergovDebriefDialogue","semin","Necessary Evil","False","False","True","0","0","0","none","","","","","","","False","","Barbora/trosecko/mucirna/hibernation/mucirna/debrief_u_bergova/haste_debrief.xml"
"M08","mucirna","trosecko","mucirna.016_overrideTalkedAboutSeminBeforeTorture","016_overrideTalkedAboutSeminBeforeTorture","semin","Necessary Evil","False","False","True","0","0","0","none","","","","","","","False","","Barbora/trosecko/mucirna/hibernation/mucirna/debrief_u_bergova/haste_debrief.xml"
"M08","mucirna","trosecko","mucirna.killRandomSoldier","killRandomSoldier","semin","Necessary Evil","False","False","True","0","0","0","none","","","","","","","False","","Barbora/trosecko/mucirna/hibernation/na_semine/bitva/haste__kill_random_soldier.xml"
"M08","mucirna","trosecko","mucirna.killSemins","killSemins","semin","Necessary Evil","False","False","True","0","0","0","none","","","","","","","False","","Barbora/trosecko/mucirna/hibernation/na_semine/efekty_na_semine/haste.xml"
"M08","mucirna","trosecko","mucirna.killSoldiers","killSoldiers","semin","Necessary Evil","False","False","True","0","0","0","none","","","","","","","False","","Barbora/trosecko/mucirna/hibernation/na_semine/efekty_na_semine/haste.xml"
"M08","mucirna","trosecko","mucirna.new_torture_haste.overrideFoundNebakTrue","overrideFoundNebakTrue","semin","Necessary Evil","True","False","True","0","0","0","none","","","","","","","False","","Barbora/trosecko/mucirna/hibernation/mucirna/muceni_s_ptackem/mucici_dialog_new/new_torture_haste.xml"
"M08","mucirna","trosecko","mucirna.new_torture_haste.overrideFoundSuspiciousTrue","overrideFoundSuspiciousTrue","semin","Necessary Evil","True","False","True","0","0","0","none","","","","","","","False","","Barbora/trosecko/mucirna/hibernation/mucirna/muceni_s_ptackem/mucici_dialog_new/new_torture_haste.xml"
"M08","mucirna","trosecko","mucirna.new_torture_haste.overrideIsSuspiciousAboutZizkaTrue","overrideIsSuspiciousAboutZizkaTrue","semin","Necessary Evil","True","False","True","0","0","0","none","","","","","","","False","","Barbora/trosecko/mucirna/hibernation/mucirna/muceni_s_ptackem/mucici_dialog_new/new_torture_haste.xml"
"M08","mucirna","trosecko","mucirna._testFastTravel","_testFastTravel","semin","Necessary Evil","False","False","True","0","0","0","none","","","","","","","False","","Barbora/trosecko/mucirna/hibernation/cesta_na_semin/tour_na_semin/samotny_tour/dialogy.xml"
"M09","utokNaNebakov","trosecko","utokNaNebakov.killVolek","killVolek","utoknanebakov","For Victory!","False","False","True","0","0","0","none","","","","","","","False","","Barbora/trosecko/utokNaNebakov.xml"
"M09","utokNaNebakov","trosecko","utokNaNebakov.endPreviousQuest","endPreviousQuest","utoknanebakov","For Victory!","False","True","False","1","0","0","none","","","","","","","False","","Barbora/trosecko/utokNaNebakov/haste.xml"
"M09","utokNaNebakov","trosecko","utokNaNebakov.endQuest","endQuest","utoknanebakov","For Victory!","False","True","False","7","0","0","none","","","","","","","False","","Barbora/trosecko/utokNaNebakov/haste.xml"
"M09","utokNaNebakov","trosecko","utokNaNebakov.startBattle","startBattle","utoknanebakov","For Victory!","False","True","False","2","0","0","none","","","","","","","False","","Barbora/trosecko/utokNaNebakov/haste.xml"
"M09","utokNaNebakov","trosecko","utokNaNebakov.startBattle_applyAutoPlayCutscene","startBattle_applyAutoPlayCutscene","utoknanebakov","For Victory!","False","False","True","0","0","0","none","","","","","","","False","","Barbora/trosecko/utokNaNebakov/haste.xml"
"M09","utokNaNebakov","trosecko","utokNaNebakov.startQuest","startQuest","utoknanebakov","For Victory!","False","True","True","3","0","0","none","","","","","","","False","","Barbora/trosecko/utokNaNebakov/haste.xml"
"M09","utokNaNebakov","trosecko","utokNaNebakov.startQuest_preparedForDialog","startQuest_preparedForDialog","utoknanebakov","For Victory!","False","True","True","3","1","0","xyz","own","2418.77","2611.34","219.15","","trosecko","True","","Barbora/trosecko/utokNaNebakov/haste.xml"
"M09","utokNaNebakov","trosecko","utokNaNebakov.__showRecordingSettings","__showRecordingSettings","utoknanebakov","For Victory!","False","False","True","0","0","0","none","","","","","","","False","","Barbora/trosecko/utokNaNebakov/nahravani_trackview.xml"
"M09","utokNaNebakov","trosecko","utokNaNebakov.__stopUnstreamSkirmish_group1","__stopUnstreamSkirmish_group1","utoknanebakov","For Victory!","False","False","True","0","0","0","none","","","","","","","False","","Barbora/trosecko/utokNaNebakov/nahravani_trackview/trackview__udoli_vojaci_za_padlymi_stromy.xml"
"M09","utokNaNebakov","trosecko","utokNaNebakov.__stopUnstreamSkirmish_group2","__stopUnstreamSkirmish_group2","utoknanebakov","For Victory!","False","False","True","0","0","0","none","","","","","","","False","","Barbora/trosecko/utokNaNebakov/nahravani_trackview/trackview__udoli_vojaci_za_padlymi_stromy.xml"
"M09","utokNaNebakov","trosecko","utokNaNebakov.__stream_group3","__stream_group3","utoknanebakov","For Victory!","False","False","True","0","0","0","none","","","","","","","False","","Barbora/trosecko/utokNaNebakov/nahravani_trackview/trackview__udoli_vojaci_za_padlymi_stromy.xml"
"M09","utokNaNebakov","trosecko","utokNaNebakov.__streamRunSkirmish_group1","__streamRunSkirmish_group1","utoknanebakov","For Victory!","False","False","True","0","0","0","none","","","","","","","False","","Barbora/trosecko/utokNaNebakov/nahravani_trackview/trackview__udoli_vojaci_za_padlymi_stromy.xml"
"M09","utokNaNebakov","trosecko","utokNaNebakov.__streamRunSkirmish_group2","__streamRunSkirmish_group2","utoknanebakov","For Victory!","False","False","True","0","1","0","xyz","own","2153.86","1450.02","24.05","","","False","","Barbora/trosecko/utokNaNebakov/nahravani_trackview/trackview__udoli_vojaci_za_padlymi_stromy.xml"
"M09","utokNaNebakov","trosecko","utokNaNebakov.__unstream_group3","__unstream_group3","utoknanebakov","For Victory!","False","False","True","0","0","0","none","","","","","","","False","","Barbora/trosecko/utokNaNebakov/nahravani_trackview/trackview__udoli_vojaci_za_padlymi_stromy.xml"
"M09","utokNaNebakov","trosecko","utokNaNebakov.__recordFeastAnimchars_farCastle","__recordFeastAnimchars_farCastle","utoknanebakov","For Victory!","False","False","True","0","0","0","none","","","","","","","False","","Barbora/trosecko/utokNaNebakov/nahravani_trackview/trackview__animchari_v_noci_v_podhradi_na_troskach.xml"
"M09","utokNaNebakov","trosecko","utokNaNebakov.__recordFeastAnimchars_nearCastle","__recordFeastAnimchars_nearCastle","utoknanebakov","For Victory!","False","False","True","0","0","0","none","","","","","","","False","","Barbora/trosecko/utokNaNebakov/nahravani_trackview/trackview__animchari_v_noci_v_podhradi_na_troskach.xml"
"M09","utokNaNebakov","trosecko","utokNaNebakov.__stopRecordFeastAnimchars","__stopRecordFeastAnimchars","utoknanebakov","For Victory!","False","False","True","0","0","0","none","","","","","","","False","","Barbora/trosecko/utokNaNebakov/nahravani_trackview/trackview__animchari_v_noci_v_podhradi_na_troskach.xml"
"M09","utokNaNebakov","trosecko","utokNaNebakov.play_main_cutscene","play_main_cutscene","utoknanebakov","For Victory!","False","True","True","0","2","2","none","","","","","","","False","","Barbora/trosecko/utokNaNebakov/hibernovana_gameplay/cin_m0910t_utoknebakov__nebakov_march.xml"
"M09","utokNaNebakov","trosecko","utokNaNebakov.goto_findWayOut","goto_findWayOut","utoknanebakov","For Victory!","False","False","False","0","1","0","xyz","own","2111.27","1429.44","36.20","","","False","","Barbora/trosecko/utokNaNebakov/hibernovana_gameplay/prepadeni_v_rokli.xml"
"M09","utokNaNebakov","trosecko","utokNaNebakov.valley_ignoreFirstBattleSection","valley_ignoreFirstBattleSection","utoknanebakov","For Victory!","False","True","True","0","5","5","none","","","","","","","False","","Barbora/trosecko/utokNaNebakov/hibernovana_gameplay/prepadeni_v_rokli.xml"
"M09","utokNaNebakov","trosecko","utokNaNebakov.valley_killAllEnemies_terrace","valley_killAllEnemies_terrace","utoknanebakov","For Victory!","False","False","True","0","0","0","none","","","","","","","False","","Barbora/trosecko/utokNaNebakov/hibernovana_gameplay/prepadeni_v_rokli.xml"
"M09","utokNaNebakov","trosecko","utokNaNebakov.changeCaponWeaponPreset","changeCaponWeaponPreset","utoknanebakov","For Victory!","False","False","True","0","0","0","none","","","","","","","False","","Barbora/trosecko/utokNaNebakov/hibernovana_gameplay/zmena_clothing_presetu_u_ptacka.xml"
"M09","utokNaNebakov","trosecko","utokNaNebakov.give_caponsShieldToCapon","give_caponsShieldToCapon","utoknanebakov","For Victory!","False","False","True","0","0","0","none","","","","","","","False","","Barbora/trosecko/utokNaNebakov/hibernovana_gameplay/zmena_clothing_presetu_u_ptacka.xml"
"M09","utokNaNebakov","trosecko","utokNaNebakov._group2_setAnchor_atEnd","_group2_setAnchor_atEnd","utoknanebakov","For Victory!","False","False","True","0","0","0","none","","","","","","","False","","Barbora/trosecko/utokNaNebakov/nahravani_trackview/trackview__udoli_vojaci_za_padlymi_stromy/nastaveni_kotvy.xml"
"M09","utokNaNebakov","trosecko","utokNaNebakov._group2_setAnchor_atStart","_group2_setAnchor_atStart","utoknanebakov","For Victory!","False","False","True","0","0","0","none","","","","","","","False","","Barbora/trosecko/utokNaNebakov/nahravani_trackview/trackview__udoli_vojaci_za_padlymi_stromy/nastaveni_kotvy.xml"
"M09","utokNaNebakov","trosecko","utokNaNebakov._group1_setAnchor_atEnd","_group1_setAnchor_atEnd","utoknanebakov","For Victory!","False","False","True","0","0","0","none","","","","","","","False","","Barbora/trosecko/utokNaNebakov/nahravani_trackview/trackview__udoli_vojaci_za_padlymi_stromy/nastaveni_kotvy_2.xml"
"M09","utokNaNebakov","trosecko","utokNaNebakov._group1_setAnchor_atStart","_group1_setAnchor_atStart","utoknanebakov","For Victory!","False","False","True","0","0","0","none","","","","","","","False","","Barbora/trosecko/utokNaNebakov/nahravani_trackview/trackview__udoli_vojaci_za_padlymi_stromy/nastaveni_kotvy_2.xml"
"M09","utokNaNebakov","trosecko","utokNaNebakov.give_wineForCapon","give_wineForCapon","utoknanebakov","For Victory!","False","False","True","0","0","0","none","","","","","","","False","","Barbora/trosecko/utokNaNebakov/hibernovana_gameplay/na_troskach/v_kuchyni.xml"
"M09","utokNaNebakov","trosecko","utokNaNebakov.kill_Hasek","kill_Hasek","utoknanebakov","For Victory!","False","False","False","0","1","0","none","","","","","","","False","","Barbora/trosecko/utokNaNebakov/hibernovana_gameplay/na_troskach/haste.xml"
"M09","utokNaNebakov","trosecko","utokNaNebakov.kill_Jitka","kill_Jitka","utoknanebakov","For Victory!","False","False","False","0","1","0","none","","","","","","","False","","Barbora/trosecko/utokNaNebakov/hibernovana_gameplay/na_troskach/haste.xml"
"M09","utokNaNebakov","trosecko","utokNaNebakov.run_duel","run_duel","utoknanebakov","For Victory!","False","False","True","0","0","0","none","","","","","","","False","","Barbora/trosecko/utokNaNebakov/hibernovana_gameplay/prepadeni_v_rokli/cesta_k_mlynu.xml"
"M09","utokNaNebakov","trosecko","utokNaNebakov.disableGameOver","disableGameOver","utoknanebakov","For Victory!","False","False","True","0","0","0","none","","","","","","","False","","Barbora/trosecko/utokNaNebakov/hibernovana_gameplay/prepadeni_v_rokli/game_over__ptacek_zemrel.xml"
"M09","utokNaNebakov","trosecko","utokNaNebakov.valley_skipIntroAnim","valley_skipIntroAnim","utoknanebakov","For Victory!","False","False","True","0","0","0","none","","","","","","","False","","Barbora/trosecko/utokNaNebakov/hibernovana_gameplay/prepadeni_v_rokli/po_cutscene_a_zatmivacce.xml"
"M09","utokNaNebakov","trosecko","utokNaNebakov.goto_feast","goto_feast","utoknanebakov","For Victory!","False","False","False","0","1","0","xyz","own","2448.42","2623.10","219.53","","","False","","Barbora/trosecko/utokNaNebakov/hibernovana_gameplay/na_troskach/porada_s_bergovem/haste.xml"
"M09","utokNaNebakov","trosecko","utokNaNebakov.goto_fridusChest","goto_fridusChest","utoknanebakov","For Victory!","False","False","False","0","1","0","xyz","own","2391.67","2567.30","244.07","","","False","","Barbora/trosecko/utokNaNebakov/hibernovana_gameplay/na_troskach/porada_s_bergovem/haste.xml"
"M09","utokNaNebakov","trosecko","utokNaNebakov.valley_killAllEnemies_valley","valley_killAllEnemies_valley","utoknanebakov","For Victory!","False","False","True","0","0","0","none","","","","","","","False","","Barbora/trosecko/utokNaNebakov/hibernovana_gameplay/prepadeni_v_rokli/cesta_k_mlynu/haste__kill_vsech_nepratel.xml"
"M09","utokNaNebakov","trosecko","utokNaNebakov.skipKomori","skipKomori","utoknanebakov","For Victory!","False","False","True","0","0","0","none","","","","","","","False","","Barbora/trosecko/utokNaNebakov/hibernovana_gameplay/prepadeni_v_rokli/prepadeni_ve_skalni_rokli/objective__zachran_komoriho.xml"
"M09","utokNaNebakov","trosecko","utokNaNebakov.florian_duel","florian_duel","utoknanebakov","For Victory!","False","False","True","0","0","0","none","","","","","","","False","","Barbora/trosecko/utokNaNebakov/hibernovana_gameplay/na_troskach/porada_s_bergovem/fridus/duel_s_florianem.xml"
"M09","utokNaNebakov","trosecko","utokNaNebakov.second_day_skiptime","second_day_skiptime","utoknanebakov","For Victory!","False","False","True","0","0","0","none","","","","","","","False","","Barbora/trosecko/utokNaNebakov/hibernovana_gameplay/na_troskach/porada_s_bergovem/skiptime_na_rano/haste__forced_skiptime.xml"
"M09","utokNaNebakov","trosecko","utokNaNebakov.give_someWeapons","give_someWeapons","utoknanebakov","For Victory!","False","False","False","0","2","0","none","","","","","","","False","","Barbora/trosecko/utokNaNebakov/hibernovana_gameplay/na_troskach/druhy_den__komori_pred_branou/odevzdani_vybavy_ptackovi/filtr.xml"
"M09","utokNaNebakov","trosecko","utokNaNebakov.zizka_disableBuff","zizka_disableBuff","utoknanebakov","For Victory!","False","False","True","0","0","0","none","","","","","","","False","","Barbora/trosecko/utokNaNebakov/hibernovana_gameplay/prepadeni_v_rokli/souboj_se_zizkou/duel_s_zizkou/buffy.xml"
"M09","utokNaNebakov","trosecko","utokNaNebakov.zizka_enableBuff","zizka_enableBuff","utoknanebakov","For Victory!","False","False","True","0","0","0","none","","","","","","","False","","Barbora/trosecko/utokNaNebakov/hibernovana_gameplay/prepadeni_v_rokli/souboj_se_zizkou/duel_s_zizkou/buffy.xml"
"M09","utokNaNebakov","trosecko","utokNaNebakov.zizka_heal","zizka_heal","utoknanebakov","For Victory!","False","False","True","0","0","0","none","","","","","","","False","","Barbora/trosecko/utokNaNebakov/hibernovana_gameplay/prepadeni_v_rokli/souboj_se_zizkou/duel_s_zizkou/buffy.xml"
"M10","bohutovaVlozka","trosecko","bohutovaVlozka._killAnceAndKuba","_killAnceAndKuba","bohutovavlozka","Divine Messenger","False","False","True","0","0","0","none","","","","","","","False","","Barbora/trosecko/bohutovaVlozka.xml"
"M10","bohutovaVlozka","trosecko","bohutovaVlozka._test_alcoholism","_test_alcoholism","bohutovavlozka","Divine Messenger","False","False","True","0","0","0","none","","","","","","","False","","Barbora/trosecko/bohutovaVlozka.xml"
"M10","bohutovaVlozka","trosecko","bohutovaVlozka._test_alcoholism1","_test_alcoholism1","bohutovavlozka","Divine Messenger","False","False","True","0","0","0","none","","","","","","","False","","Barbora/trosecko/bohutovaVlozka.xml"
"M10","bohutovaVlozka","trosecko","bohutovaVlozka.00_noReconstruction_initAndStart","00_noReconstruction_initAndStart","bohutovavlozka","Divine Messenger","False","False","True","0","0","0","none","","","","","","","False","","Barbora/trosecko/bohutovaVlozka.xml"
"M10","bohutovaVlozka","trosecko","bohutovaVlozka.setSkippedIntro","setSkippedIntro","bohutovavlozka","Divine Messenger","False","False","True","0","0","0","none","","","","","","","False","","Barbora/trosecko/bohutovaVlozka.xml"
"M10","bohutovaVlozka","trosecko","bohutovaVlozka.pauseTime","pauseTime","bohutovavlozka","Divine Messenger","False","False","True","0","0","0","none","","","","","","","False","","Barbora/trosecko/bohutovaVlozka/haste_weather_and_time_test.xml"
"M10","bohutovaVlozka","trosecko","bohutovaVlozka.weather","weather","bohutovavlozka","Divine Messenger","False","False","True","0","0","0","none","","","","","","","False","","Barbora/trosecko/bohutovaVlozka/haste_weather_and_time_test.xml"
"M10","bohutovaVlozka","trosecko","bohutovaVlozka._gotoLastQuestEndSpot","_gotoLastQuestEndSpot","bohutovavlozka","Divine Messenger","False","False","False","0","1","0","ent","own","","","","bohutovaVlozka_lastQuestStartingSpot","","False","","Barbora/trosecko/bohutovaVlozka/haste_init.xml"
"M10","bohutovaVlozka","trosecko","bohutovaVlozka.01_initAndStart","01_initAndStart","bohutovavlozka","Divine Messenger","False","True","False","3","0","0","ent","chain","","","","bohutovaVlozka_lastQuestStartingSpot","","True","","Barbora/trosecko/bohutovaVlozka/haste_init.xml"
"M10","bohutovaVlozka","trosecko","bohutovaVlozka.endPreviousQuest","endPreviousQuest","bohutovavlozka","Divine Messenger","False","True","False","1","0","0","none","","","","","","","False","","Barbora/trosecko/bohutovaVlozka/haste_init.xml"
"M10","bohutovaVlozka","trosecko","bohutovaVlozka.endQuest","endQuest","bohutovavlozka","Divine Messenger","False","True","False","7","0","0","none","","","","","","","False","","Barbora/trosecko/bohutovaVlozka/haste_init.xml"
"M10","bohutovaVlozka","trosecko","bohutovaVlozka.testOnly_startQuestSkipIntro","testOnly_startQuestSkipIntro","bohutovavlozka","Divine Messenger","False","True","False","3","1","0","ent","own","","","","tzel_vavrinec","","False","","Barbora/trosecko/bohutovaVlozka/haste_init.xml"
"M10","bohutovaVlozka","trosecko","bohutovaVlozka.05_comingToNebakovCutscene","05_comingToNebakovCutscene","bohutovavlozka","Divine Messenger","False","False","True","0","0","0","none","","","","","","","False","","Barbora/trosecko/bohutovaVlozka/hibernation/bohutova_cast.xml"
"M10","bohutovaVlozka","trosecko","bohutovaVlozka.08_henryInPrison","08_henryInPrison","bohutovavlozka","Divine Messenger","False","False","True","0","0","0","none","","","","","","","False","","Barbora/trosecko/bohutovaVlozka/hibernation/henryho_cast.xml"
"M10","bohutovaVlozka","trosecko","bohutovaVlozka.09_finalDialog","09_finalDialog","bohutovavlozka","Divine Messenger","False","True","True","2","0","0","none","","","","","","","False","","Barbora/trosecko/bohutovaVlozka/hibernation/henryho_cast.xml"
"M10","bohutovaVlozka","trosecko","bohutovaVlozka._initialDialog","_initialDialog","bohutovavlozka","Divine Messenger","False","False","True","0","0","0","none","","","","","","","False","","Barbora/trosecko/bohutovaVlozka/hibernation/bohutova_cast/v_zelejove.xml"
"M10","bohutovaVlozka","trosecko","bohutovaVlozka.07_setZizkaAfterFightDialog","07_setZizkaAfterFightDialog","bohutovavlozka","Divine Messenger","False","False","True","0","0","0","none","","","","","","","False","","Barbora/trosecko/bohutovaVlozka/hibernation/bohutova_cast/nebakov.xml"
"M10","bohutovaVlozka","trosecko","bohutovaVlozka.erik.streamErik","streamErik","bohutovavlozka","Divine Messenger","True","False","True","0","0","0","none","","","","","","","False","","Barbora/trosecko/bohutovaVlozka/hibernation/bohutova_cast/erik.xml"
"M10","bohutovaVlozka","trosecko","bohutovaVlozka.erik.unstreamErik","unstreamErik","bohutovavlozka","Divine Messenger","True","False","True","0","0","0","none","","","","","","","False","","Barbora/trosecko/bohutovaVlozka/hibernation/bohutova_cast/erik.xml"
"M10","bohutovaVlozka","trosecko","bohutovaVlozka.02_getToNebakovFields","02_getToNebakovFields","bohutovavlozka","Divine Messenger","False","False","True","0","1","0","ent","own","","","","bohutovaVlozka_hasteValleyBohutaSpot","","False","","Barbora/trosecko/bohutovaVlozka/hibernation/bohutova_cast/cesta_na_nebakov_a_erik/bohuta_jede_k_bojisti.xml"
"M10","bohutovaVlozka","trosecko","bohutovaVlozka.601_killForestBandit1","601_killForestBandit1","bohutovavlozka","Divine Messenger","False","False","True","0","0","0","none","","","","","","","False","","Barbora/trosecko/bohutovaVlozka/hibernation/bohutova_cast/cesta_na_nebakov_a_erik/prvni_dialog_s_erikem.xml"
"M10","bohutovaVlozka","trosecko","bohutovaVlozka.602_killForestBandit2","602_killForestBandit2","bohutovavlozka","Divine Messenger","False","False","True","0","0","0","none","","","","","","","False","","Barbora/trosecko/bohutovaVlozka/hibernation/bohutova_cast/cesta_na_nebakov_a_erik/prvni_dialog_s_erikem.xml"
"M10","bohutovaVlozka","trosecko","bohutovaVlozka.66_eriksFirstDialog","66_eriksFirstDialog","bohutovavlozka","Divine Messenger","False","False","True","0","0","0","none","","","","","","","False","","Barbora/trosecko/bohutovaVlozka/hibernation/bohutova_cast/cesta_na_nebakov_a_erik/prvni_dialog_s_erikem.xml"
"M10","bohutovaVlozka","trosecko","bohutovaVlozka.06_winFightAtNebakov","06_winFightAtNebakov","bohutovavlozka","Divine Messenger","False","False","True","0","0","0","none","","","","","","","False","","Barbora/trosecko/bohutovaVlozka/hibernation/bohutova_cast/nebakov/fight__potlaceni_vzpoury.xml"
"M10","bohutovaVlozka","trosecko","bohutovaVlozka.setTalkToFisherman","setTalkToFisherman","bohutovavlozka","Divine Messenger","False","False","True","0","0","0","none","","","","","","","False","","Barbora/trosecko/bohutovaVlozka/hibernation/bohutova_cast/v_zelejove/uprchlici_ve_stodole/rybar.xml"
"M10","bohutovaVlozka","trosecko","bohutovaVlozka.setTalkToFugitivesActive","setTalkToFugitivesActive","bohutovavlozka","Divine Messenger","False","False","True","0","0","0","none","","","","","","","False","","Barbora/trosecko/bohutovaVlozka/hibernation/bohutova_cast/v_zelejove/uprchlici_ve_stodole/ance_s_kubou.xml"
"M10","bohutovaVlozka","trosecko","bohutovaVlozka.zz_01_polylogSErikem_godwinFriendlyWithBandits","zz_01_polylogSErikem_godwinFriendlyWithBandits","bohutovavlozka","Divine Messenger","False","False","True","0","0","0","none","","","","","","","False","","Barbora/trosecko/bohutovaVlozka/hibernation/bohutova_cast/cesta_na_nebakov_a_erik/lapkove_v_rokli/includes_haste.xml"
"M10","bohutovaVlozka","trosecko","bohutovaVlozka.zz_02_polylogSErikem_godwinFoughtBandits","zz_02_polylogSErikem_godwinFoughtBandits","bohutovavlozka","Divine Messenger","False","False","True","0","0","0","none","","","","","","","False","","Barbora/trosecko/bohutovaVlozka/hibernation/bohutova_cast/cesta_na_nebakov_a_erik/lapkove_v_rokli/includes_haste.xml"
"M10","bohutovaVlozka","trosecko","bohutovaVlozka.03_killBandits","03_killBandits","bohutovavlozka","Divine Messenger","False","False","True","0","0","0","none","","","","","","","False","","Barbora/trosecko/bohutovaVlozka/hibernation/bohutova_cast/cesta_na_nebakov_a_erik/fight_s_lapkama/haste__kill_bandits.xml"
"M10","bohutovaVlozka","trosecko","bohutovaVlozka.killManyEriksMen","killManyEriksMen","bohutovavlozka","Divine Messenger","False","False","True","0","0","0","none","","","","","","","False","","Barbora/trosecko/bohutovaVlozka/hibernation/bohutova_cast/cesta_na_nebakov_a_erik/fight_s_lapkama/haste__kill_many_eriks_men.xml"
"M11","nebakovObrana","trosecko","nebakovObrana.podvecer_1_tutorialStart","podvecer_1_tutorialStart","nebakovobrana","The Finger of God","False","False","True","0","0","0","none","","","","","","","False","","Barbora/trosecko/nebakovObrana/nebakovsky_podvecer.xml"
"M11","nebakovObrana","trosecko","nebakovObrana.podvecer_2_afterTutorial","podvecer_2_afterTutorial","nebakovobrana","The Finger of God","False","False","True","0","0","0","none","","","","","","","False","","Barbora/trosecko/nebakovObrana/nebakovsky_podvecer.xml"
"M11","nebakovObrana","trosecko","nebakovObrana.podvecer_3_CompleteAllOptional","podvecer_3_CompleteAllOptional","nebakovobrana","The Finger of God","False","False","True","0","0","0","none","","","","","","","False","","Barbora/trosecko/nebakovObrana/nebakovsky_podvecer.xml"
"M11","nebakovObrana","trosecko","nebakovObrana.podvecer_4_jitSpat","podvecer_4_jitSpat","nebakovobrana","The Finger of God","False","False","True","0","0","0","none","","","","","","","False","","Barbora/trosecko/nebakovObrana/nebakovsky_podvecer.xml"
"M11","nebakovObrana","trosecko","nebakovObrana.bitva_5_zacatek","bitva_5_zacatek","nebakovobrana","The Finger of God","False","False","True","0","0","0","none","","","","","","","False","","Barbora/trosecko/nebakovObrana/nebakovske_noci_a_rana.xml"
"M11","nebakovObrana","trosecko","nebakovObrana.placeholder_henryHadSexWithBartos","placeholder_henryHadSexWithBartos","nebakovobrana","The Finger of God","False","False","True","0","0","0","none","","","","","","","False","","Barbora/trosecko/nebakovObrana/placeholder.xml"
"M11","nebakovObrana","trosecko","nebakovObrana.placeholder_henryHadSexWithKlara","placeholder_henryHadSexWithKlara","nebakovobrana","The Finger of God","False","False","True","0","0","0","none","","","","","","","False","","Barbora/trosecko/nebakovObrana/placeholder.xml"
"M11","nebakovObrana","trosecko","nebakovObrana.placeholder_henryHelpPalecek","placeholder_henryHelpPalecek","nebakovobrana","The Finger of God","False","False","True","0","0","0","none","","","","","","","False","","Barbora/trosecko/nebakovObrana/placeholder.xml"
"M11","nebakovObrana","trosecko","nebakovObrana.placeholder_henryKnowCverk","placeholder_henryKnowCverk","nebakovobrana","The Finger of God","False","False","True","0","0","0","none","","","","","","","False","","Barbora/trosecko/nebakovObrana/placeholder.xml"
"M11","nebakovObrana","trosecko","nebakovObrana.placeholder_henryKnowKozlik","placeholder_henryKnowKozlik","nebakovobrana","The Finger of God","False","False","True","0","0","0","none","","","","","","","False","","Barbora/trosecko/nebakovObrana/placeholder.xml"
"M11","nebakovObrana","trosecko","nebakovObrana.placeholder_henryKnowMarek","placeholder_henryKnowMarek","nebakovobrana","The Finger of God","False","False","True","0","0","0","none","","","","","","","False","","Barbora/trosecko/nebakovObrana/placeholder.xml"
"M11","nebakovObrana","trosecko","nebakovObrana.placeholder_henryKnowMikes","placeholder_henryKnowMikes","nebakovobrana","The Finger of God","False","False","True","0","0","0","none","","","","","","","False","","Barbora/trosecko/nebakovObrana/placeholder.xml"
"M11","nebakovObrana","trosecko","nebakovObrana.placeholder_henryKnowsAboutBell","placeholder_henryKnowsAboutBell","nebakovobrana","The Finger of God","False","False","True","0","0","0","none","","","","","","","False","","Barbora/trosecko/nebakovObrana/placeholder.xml"
"M11","nebakovObrana","trosecko","nebakovObrana.placeholder_henryKnowVolek","placeholder_henryKnowVolek","nebakovobrana","The Finger of God","False","False","True","0","0","0","none","","","","","","","False","","Barbora/trosecko/nebakovObrana/placeholder.xml"
"M11","nebakovObrana","trosecko","nebakovObrana.placeholder_henryMadeGunpowder","placeholder_henryMadeGunpowder","nebakovobrana","The Finger of God","False","False","True","0","0","0","none","","","","","","","False","","Barbora/trosecko/nebakovObrana/placeholder.xml"
"M11","nebakovObrana","trosecko","nebakovObrana.placeholder_henryTalkedToBartos","placeholder_henryTalkedToBartos","nebakovobrana","The Finger of God","False","False","True","0","0","0","none","","","","","","","False","","Barbora/trosecko/nebakovObrana/placeholder.xml"
"M11","nebakovObrana","trosecko","nebakovObrana.placeholder_henryTalkedToHerman","placeholder_henryTalkedToHerman","nebakovobrana","The Finger of God","False","False","True","0","0","0","none","","","","","","","False","","Barbora/trosecko/nebakovObrana/placeholder.xml"
"M11","nebakovObrana","trosecko","nebakovObrana.placeholder_henryWonHorseRace","placeholder_henryWonHorseRace","nebakovobrana","The Finger of God","False","False","True","0","0","0","none","","","","","","","False","","Barbora/trosecko/nebakovObrana/placeholder.xml"
"M11","nebakovObrana","trosecko","nebakovObrana.placeholder_seminWasBurnt","placeholder_seminWasBurnt","nebakovobrana","The Finger of God","False","False","True","0","0","0","none","","","","","","","False","","Barbora/trosecko/nebakovObrana/placeholder.xml"
"M11","nebakovObrana","trosecko","nebakovObrana.97_nebakovObrana_start","97_nebakovObrana_start","nebakovobrana","The Finger of God","False","True","True","5","1","0","xyz","own","1909.00","1209.00","54.00","","","True","","Barbora/trosecko/nebakovObrana/start__nebakov_obrana.xml"
"M11","nebakovObrana","trosecko","nebakovObrana.98_nebakovObrana_bitva","98_nebakovObrana_bitva","nebakovobrana","The Finger of God","False","True","True","5","1","0","xyz","own","1909.00","1209.00","54.00","","","True","","Barbora/trosecko/nebakovObrana/start__nebakov_obrana.xml"
"M11","nebakovObrana","trosecko","nebakovObrana.99_nebakovObrana_bitva_withFriends","99_nebakovObrana_bitva_withFriends","nebakovobrana","The Finger of God","False","True","True","5","1","0","xyz","own","1909.00","1209.00","54.00","","","True","","Barbora/trosecko/nebakovObrana/start__nebakov_obrana.xml"
"M11","nebakovObrana","trosecko","nebakovObrana.99z_nebakovObrana_bitva_withFriends_fast","99z_nebakovObrana_bitva_withFriends_fast","nebakovobrana","The Finger of God","False","True","True","5","1","0","xyz","own","1909.00","1209.00","54.00","","","True","","Barbora/trosecko/nebakovObrana/start__nebakov_obrana.xml"
"M11","nebakovObrana","trosecko","nebakovObrana.endPreviousQuest","endPreviousQuest","nebakovobrana","The Finger of God","False","True","False","1","0","0","none","","","","","","","False","","Barbora/trosecko/nebakovObrana/start__nebakov_obrana.xml"
"M11","nebakovObrana","trosecko","nebakovObrana.endQuest","endQuest","nebakovobrana","The Finger of God","False","True","True","2","0","0","none","","","","","","","False","","Barbora/trosecko/nebakovObrana/start__nebakov_obrana.xml"
"M11","nebakovObrana","trosecko","nebakovObrana.klara_healingItems","klara_healingItems","nebakovobrana","The Finger of God","False","False","True","0","0","0","none","","","","","","","False","","Barbora/trosecko/nebakovObrana/haste_healing_items.xml"
"M11","nebakovObrana","trosecko","nebakovObrana.zzz_GodFingerCS_only","zzz_GodFingerCS_only","nebakovobrana","The Finger of God","False","False","True","0","0","0","none","","","","","","","False","","Barbora/trosecko/nebakovObrana/last_cs_haste.xml"
"M11","nebakovObrana","trosecko","nebakovObrana.skipTutorial_playerLost","skipTutorial_playerLost","nebakovobrana","The Finger of God","False","False","True","0","0","0","none","","","","","","","False","","Barbora/trosecko/nebakovObrana/nebakovsky_podvecer/tutorial_palne_zbrane.xml"
"M11","nebakovObrana","trosecko","nebakovObrana.skipTutorial_playerWon","skipTutorial_playerWon","nebakovobrana","The Finger of God","False","False","True","0","0","0","none","","","","","","","False","","Barbora/trosecko/nebakovObrana/nebakovsky_podvecer/tutorial_palne_zbrane.xml"
"M11","nebakovObrana","trosecko","nebakovObrana.bitva_6_zebrikyOdrazeny","bitva_6_zebrikyOdrazeny","nebakovobrana","The Finger of God","False","False","True","0","0","0","none","","","","","","","False","","Barbora/trosecko/nebakovObrana/bitva_o_tvrz_nebakov/celni_ztec_na_zebriky.xml"
"M11","nebakovObrana","trosecko","nebakovObrana.bitva_6a_finishFirstTimer","bitva_6a_finishFirstTimer","nebakovobrana","The Finger of God","False","False","True","0","0","0","none","","","","","","","False","","Barbora/trosecko/nebakovObrana/bitva_o_tvrz_nebakov/utok_na_branu.xml"
"M11","nebakovObrana","trosecko","nebakovObrana.bitva_6b_finishSecondTimer","bitva_6b_finishSecondTimer","nebakovobrana","The Finger of God","False","False","True","0","0","0","none","","","","","","","False","","Barbora/trosecko/nebakovObrana/bitva_o_tvrz_nebakov/utok_na_branu.xml"
"M11","nebakovObrana","trosecko","nebakovObrana.bitva_7_branaOdrazeno","bitva_7_branaOdrazeno","nebakovobrana","The Finger of God","False","False","True","0","0","0","none","","","","","","","False","","Barbora/trosecko/nebakovObrana/bitva_o_tvrz_nebakov/utok_na_branu.xml"
"M11","nebakovObrana","trosecko","nebakovObrana.podvecer_kecalFight_Playerlose","podvecer_kecalFight_Playerlose","nebakovobrana","The Finger of God","False","False","True","0","0","0","none","","","","","","","False","","Barbora/trosecko/nebakovObrana/nebakovsky_podvecer/nova_spojenectvi_gp/kecal/pomoc_s_vozem/fist_fight_s_kecalem.xml"
"M11","nebakovObrana","trosecko","nebakovObrana.podvecer_kecalFight_Playerwin","podvecer_kecalFight_Playerwin","nebakovobrana","The Finger of God","False","False","True","0","0","0","none","","","","","","","False","","Barbora/trosecko/nebakovObrana/nebakovsky_podvecer/nova_spojenectvi_gp/kecal/pomoc_s_vozem/fist_fight_s_kecalem.xml"
"M11","nebakovObrana","trosecko","nebakovObrana.healing_all","healing_all","nebakovobrana","The Finger of God","False","False","True","0","0","0","none","","","","","","","False","","Barbora/trosecko/nebakovObrana/nebakovsky_podvecer/nova_spojenectvi_gp/klara/_v_lazaretu/osetreni.xml"
"M11","nebakovObrana","trosecko","nebakovObrana.podvecer_ziskatPodkovy","podvecer_ziskatPodkovy","nebakovobrana","The Finger of God","False","False","True","0","0","0","none","","","","","","","False","","Barbora/trosecko/nebakovObrana/nebakovsky_podvecer/nova_spojenectvi_gp/pelcl/pelcl_a_podkovy/haste_horseshoe.xml"
"M11","nebakovObrana","trosecko","nebakovObrana.podvecer_opravitItemy","podvecer_opravitItemy","nebakovobrana","The Finger of God","False","False","True","0","0","0","none","","","","","","","False","","Barbora/trosecko/nebakovObrana/nebakovsky_podvecer/nova_spojenectvi_gp/bejk/bejk_a_kovarna/placeholder_bejk_itemy.xml"
"M11","nebakovObrana","trosecko","nebakovObrana.podvecer_bejkFight_Playerlose","podvecer_bejkFight_Playerlose","nebakovobrana","The Finger of God","False","False","True","0","0","0","none","","","","","","","False","","Barbora/trosecko/nebakovObrana/nebakovsky_podvecer/nova_spojenectvi_gp/bejk/bejk_a_kovarna/fist_fight_s_be.xml"
"M11","nebakovObrana","trosecko","nebakovObrana.podvecer_bejkFight_Playerwin","podvecer_bejkFight_Playerwin","nebakovobrana","The Finger of God","False","False","True","0","0","0","none","","","","","","","False","","Barbora/trosecko/nebakovObrana/nebakovsky_podvecer/nova_spojenectvi_gp/bejk/bejk_a_kovarna/fist_fight_s_be.xml"
"M11","nebakovObrana","trosecko","nebakovObrana.podvecer_PaskoFight_playerLose","podvecer_PaskoFight_playerLose","nebakovobrana","The Finger of God","False","False","True","0","0","0","none","","","","","","","False","","Barbora/trosecko/nebakovObrana/nebakovsky_podvecer/nova_spojenectvi_gp/klara/_v_lazaretu/hadka/fistfight_v_lazaretu.xml"
"M11","nebakovObrana","trosecko","nebakovObrana.podvecer_PaskoFight_playerWin","podvecer_PaskoFight_playerWin","nebakovobrana","The Finger of God","False","False","True","0","0","0","none","","","","","","","False","","Barbora/trosecko/nebakovObrana/nebakovsky_podvecer/nova_spojenectvi_gp/klara/_v_lazaretu/hadka/fistfight_v_lazaretu.xml"
"M11","nebakovObrana","trosecko","nebakovObrana.basic_healing_marek","basic_healing_marek","nebakovobrana","The Finger of God","False","False","True","0","0","0","none","","","","","","","False","","Barbora/trosecko/nebakovObrana/nebakovsky_podvecer/nova_spojenectvi_gp/klara/_v_lazaretu/osetreni/zraneny_marek.xml"
"M11","nebakovObrana","trosecko","nebakovObrana.diagnose_marek","diagnose_marek","nebakovobrana","The Finger of God","False","False","True","0","0","0","none","","","","","","","False","","Barbora/trosecko/nebakovObrana/nebakovsky_podvecer/nova_spojenectvi_gp/klara/_v_lazaretu/osetreni/zraneny_marek.xml"
"M11","nebakovObrana","trosecko","nebakovObrana.healing_marek_done","healing_marek_done","nebakovobrana","The Finger of God","False","False","True","0","0","0","none","","","","","","","False","","Barbora/trosecko/nebakovObrana/nebakovsky_podvecer/nova_spojenectvi_gp/klara/_v_lazaretu/osetreni/zraneny_marek.xml"
"M11","nebakovObrana","trosecko","nebakovObrana.basic_healing_kozlik","basic_healing_kozlik","nebakovobrana","The Finger of God","False","False","True","0","0","0","none","","","","","","","False","","Barbora/trosecko/nebakovObrana/nebakovsky_podvecer/nova_spojenectvi_gp/klara/_v_lazaretu/osetreni/zraneny_kozlik.xml"
"M11","nebakovObrana","trosecko","nebakovObrana.diagnose_kozlik","diagnose_kozlik","nebakovobrana","The Finger of God","False","False","True","0","0","0","none","","","","","","","False","","Barbora/trosecko/nebakovObrana/nebakovsky_podvecer/nova_spojenectvi_gp/klara/_v_lazaretu/osetreni/zraneny_kozlik.xml"
"M11","nebakovObrana","trosecko","nebakovObrana.healing_kozlik_done","healing_kozlik_done","nebakovobrana","The Finger of God","False","False","True","0","0","0","none","","","","","","","False","","Barbora/trosecko/nebakovObrana/nebakovsky_podvecer/nova_spojenectvi_gp/klara/_v_lazaretu/osetreni/zraneny_kozlik.xml"
"M11","nebakovObrana","trosecko","nebakovObrana.basic_healing_cverk","basic_healing_cverk","nebakovobrana","The Finger of God","False","False","True","0","0","0","none","","","","","","","False","","Barbora/trosecko/nebakovObrana/nebakovsky_podvecer/nova_spojenectvi_gp/klara/_v_lazaretu/osetreni/zraneny_cverk.xml"
"M11","nebakovObrana","trosecko","nebakovObrana.diagnose_cverk","diagnose_cverk","nebakovobrana","The Finger of God","False","False","True","0","0","0","none","","","","","","","False","","Barbora/trosecko/nebakovObrana/nebakovsky_podvecer/nova_spojenectvi_gp/klara/_v_lazaretu/osetreni/zraneny_cverk.xml"
"M11","nebakovObrana","trosecko","nebakovObrana.healing_cverk_done","healing_cverk_done","nebakovobrana","The Finger of God","False","False","True","0","0","0","none","","","","","","","False","","Barbora/trosecko/nebakovObrana/nebakovsky_podvecer/nova_spojenectvi_gp/klara/_v_lazaretu/osetreni/zraneny_cverk.xml"
"M12","vezniNaTroskach","trosecko","vezniNaTroskach.closeTrosky","closeTrosky","vezninatroskach","Storm","False","False","True","0","0","0","none","","","","","","","False","","Barbora/trosecko/vezniNaTroskach.xml"
"M12","vezniNaTroskach","trosecko","vezniNaTroskach.streamQuestCharacters","streamQuestCharacters","vezninatroskach","Storm","False","True","False","5","0","0","none","","","","","","","False","","Barbora/trosecko/vezniNaTroskach.xml"
"M12","vezniNaTroskach","trosecko","vezniNaTroskach.unstreamApolenaCastleSettling","unstreamApolenaCastleSettling","vezninatroskach","Storm","False","False","True","0","0","0","none","","","","","","","False","","Barbora/trosecko/vezniNaTroskach.xml"
"M12","vezniNaTroskach","trosecko","vezniNaTroskach.unstreamQuestCharacters","unstreamQuestCharacters","vezninatroskach","Storm","False","False","True","0","0","0","none","","","","","","","False","","Barbora/trosecko/vezniNaTroskach.xml"
"M12","vezniNaTroskach","trosecko","vezniNaTroskach.setCastleGameplay","setCastleGameplay","vezninatroskach","Storm","False","False","True","0","0","0","none","","","","","","","False","","Barbora/trosecko/vezniNaTroskach/hibernable.xml"
"M12","vezniNaTroskach","trosecko","vezniNaTroskach.01_initAndStart","01_initAndStart","vezninatroskach","Storm","False","True","True","4","0","0","xyz","chain","1940.78","1126.36","54.04","","trosecko","True","","Barbora/trosecko/vezniNaTroskach/vezni_hastes.xml"
"M12","vezniNaTroskach","trosecko","vezniNaTroskach.addNighthawks","addNighthawks","vezninatroskach","Storm","False","False","True","0","0","0","none","","","","","","","False","","Barbora/trosecko/vezniNaTroskach/vezni_hastes.xml"
"M12","vezniNaTroskach","trosecko","vezniNaTroskach.endPreviousQuest","endPreviousQuest","vezninatroskach","Storm","False","True","False","1","0","0","none","","","","","","","False","","Barbora/trosecko/vezniNaTroskach/vezni_hastes.xml"
"M12","vezniNaTroskach","trosecko","vezniNaTroskach.endQuest","endQuest","vezninatroskach","Storm","False","True","False","15","0","0","none","","","","","","","False","","Barbora/trosecko/vezniNaTroskach/vezni_hastes.xml"
"M12","vezniNaTroskach","trosecko","vezniNaTroskach.gotoInitCSLocation","gotoInitCSLocation","vezninatroskach","Storm","False","False","False","0","1","0","xyz","own","1940.78","1126.36","54.04","","trosecko","False","","Barbora/trosecko/vezniNaTroskach/vezni_hastes.xml"
"M12","vezniNaTroskach","trosecko","vezniNaTroskach.instaDone","instaDone","vezninatroskach","Storm","False","True","True","1","0","0","none","","","","","","","False","","Barbora/trosecko/vezniNaTroskach/vezni_hastes.xml"
"M12","vezniNaTroskach","trosecko","vezniNaTroskach.forbidSwitchLevel","forbidSwitchLevel","vezninatroskach","Storm","False","False","True","0","0","0","none","","","","","","","False","","Barbora/trosecko/vezniNaTroskach/zmena_levelu.xml"
"M12","vezniNaTroskach","trosecko","vezniNaTroskach.destroyQuestItems","destroyQuestItems","vezninatroskach","Storm","False","False","True","0","0","0","none","","","","","","","False","","Barbora/trosecko/vezniNaTroskach/quest_items.xml"
"M12","vezniNaTroskach","trosecko","vezniNaTroskach.xsettling._CastleStart","_CastleStart","vezninatroskach","Storm","True","True","True","7","0","0","xyz","chain","1940.78","1126.36","54.04","","trosecko","False","","Barbora/trosecko/vezniNaTroskach/xsettling.xml"
"M12","vezniNaTroskach","trosecko","vezniNaTroskach.xsettling.forbidGameplay","forbidGameplay","vezninatroskach","Storm","True","False","True","0","0","0","none","","","","","","","False","","Barbora/trosecko/vezniNaTroskach/xsettling.xml"
"M12","vezniNaTroskach","trosecko","vezniNaTroskach.xsettling.gotoEntranceApolena","gotoEntranceApolena","vezninatroskach","Storm","True","False","False","0","1","0","none","","","","","","","False","","Barbora/trosecko/vezniNaTroskach/xsettling.xml"
"M12","vezniNaTroskach","trosecko","vezniNaTroskach.xsettling.gotoExitApolena","gotoExitApolena","vezninatroskach","Storm","True","False","False","0","1","0","none","","","","","","","False","","Barbora/trosecko/vezniNaTroskach/xsettling.xml"
"M12","vezniNaTroskach","trosecko","vezniNaTroskach.xsettling.gotoPistaIntroCS","gotoPistaIntroCS","vezninatroskach","Storm","True","False","False","0","1","0","xyz","own","2388.95","2572.15","239.54","","","False","","Barbora/trosecko/vezniNaTroskach/xsettling.xml"
"M12","vezniNaTroskach","trosecko","vezniNaTroskach.xsettling.preparePistaDefeatCS","preparePistaDefeatCS","vezninatroskach","Storm","True","True","True","2","0","0","none","","","","","","","False","","Barbora/trosecko/vezniNaTroskach/xsettling.xml"
"M12","vezniNaTroskach","trosecko","vezniNaTroskach.xsettling.preparePistaIntroCS","preparePistaIntroCS","vezninatroskach","Storm","True","True","False","1","0","0","none","","","","","","","False","","Barbora/trosecko/vezniNaTroskach/xsettling.xml"
"M12","vezniNaTroskach","trosecko","vezniNaTroskach.xsettling.runPistaIntroCS","runPistaIntroCS","vezninatroskach","Storm","True","True","False","2","0","0","xyz","chain","2388.95","2572.15","239.54","","","False","","Barbora/trosecko/vezniNaTroskach/xsettling.xml"
"M12","vezniNaTroskach","trosecko","vezniNaTroskach.disableGOs","disableGOs","vezninatroskach","Storm","False","False","True","0","0","0","none","","","","","","","False","","Barbora/trosecko/vezniNaTroskach/hibernable/game_overs.xml"
"M12","vezniNaTroskach","trosecko","vezniNaTroskach.unlockAllTorturingSequences","unlockAllTorturingSequences","vezninatroskach","Storm","False","False","True","0","0","0","none","","","","","","","False","","Barbora/trosecko/vezniNaTroskach/hibernable/v_mucirne/custom_dialog__muceni.xml"
"M12","vezniNaTroskach","trosecko","vezniNaTroskach.prohledejStasheNaBabe","prohledejStasheNaBabe","vezninatroskach","Storm","False","False","True","0","0","0","none","","","","","","","False","","Barbora/trosecko/vezniNaTroskach/hibernable/trosky_pred_bouri/baba.xml"
"M12","vezniNaTroskach","trosecko","vezniNaTroskach.playPolylogInSecretPassage","playPolylogInSecretPassage","vezninatroskach","Storm","False","False","True","0","0","0","none","","","","","","","False","","Barbora/trosecko/vezniNaTroskach/hibernable/tajna_chodba/u_vratek.xml"
"M12","vezniNaTroskach","trosecko","vezniNaTroskach.startApolenaGameplay","startApolenaGameplay","vezninatroskach","Storm","False","False","True","0","0","0","none","","","","","","","False","","Barbora/trosecko/vezniNaTroskach/hibernable/tajna_chodba/objective_dojdi_na_konec_chodby.xml"
"M12","vezniNaTroskach","trosecko","vezniNaTroskach.startLastApolenaObjective","startLastApolenaObjective","vezninatroskach","Storm","False","False","True","0","0","0","none","","","","","","","False","","Barbora/trosecko/vezniNaTroskach/hibernable/apolena/venku.xml"
"M12","vezniNaTroskach","trosecko","vezniNaTroskach.enablePistaIntroCSTrigger","enablePistaIntroCSTrigger","vezninatroskach","Storm","False","False","True","0","0","0","none","","","","","","","False","","Barbora/trosecko/vezniNaTroskach/hibernable/trosky_pred_bouri/baba/pista.xml"
"M12","vezniNaTroskach","trosecko","vezniNaTroskach.seberRozkazy","seberRozkazy","vezninatroskach","Storm","False","True","True","0","1","1","none","","","","","","","False","","Barbora/trosecko/vezniNaTroskach/hibernable/trosky_pred_bouri/panna/objective_najdi_rozkazy_na_panne.xml"
"M12","vezniNaTroskach","trosecko","vezniNaTroskach.triggerLastCS","triggerLastCS","vezninatroskach","Storm","False","False","True","0","0","0","none","","","","","","","False","","Barbora/trosecko/vezniNaTroskach/hibernable/apolena/venku/jindra_na_konci_apoleny.xml"
"M12","vezniNaTroskach","trosecko","vezniNaTroskach.runPistaDefeatCS_combat","runPistaDefeatCS_combat","vezninatroskach","Storm","False","False","True","0","0","0","none","","","","","","","False","","Barbora/trosecko/vezniNaTroskach/hibernable/trosky_pred_bouri/baba/pista/cin_m1250t_vezninatroskach__pista_defeat.xml"
"M12","vezniNaTroskach","trosecko","vezniNaTroskach.runPistaDefeatCS_noCombat","runPistaDefeatCS_noCombat","vezninatroskach","Storm","False","False","True","0","0","0","none","","","","","","","False","","Barbora/trosecko/vezniNaTroskach/hibernable/trosky_pred_bouri/baba/pista/cin_m1250t_vezninatroskach__pista_defeat.xml"
"M12","vezniNaTroskach","trosecko","vezniNaTroskach.seberEquip","seberEquip","vezninatroskach","Storm","False","True","True","0","1","1","none","","","","","","","False","","Barbora/trosecko/vezniNaTroskach/hibernable/trosky_pred_bouri/baba/pista/prohledavani_stashe/objective_najdi_zabavene_veci_a_klice.xml"
"M30","posledniPomazani","kutnohorsko","posledniPomazani.01_initAndStart","01_initAndStart","poslednipomazani","Last Rites","False","False","True","0","0","0","none","","","","","","","False","","Barbora/kutnohorsko/posledniPomazani.xml"
"M30","posledniPomazani","kutnohorsko","posledniPomazani.storySwitchToTrosecko","storySwitchToTrosecko","poslednipomazani","Last Rites","False","False","True","0","0","0","none","","","","","","","False","","Barbora/kutnohorsko/posledniPomazani.xml"
"M30","posledniPomazani","kutnohorsko","posledniPomazani.completeQuest","completeQuest","poslednipomazani","Last Rites","False","True","False","0","5","5","none","","","","","","","False","","Barbora/kutnohorsko/posledniPomazani/hibernable.xml"
"M31","prijezdNaSuchdol","kutnohorsko","prijezdNaSuchdol.01_initAndStart","01_initAndStart","prijezdnasuchdol","The Sword and the Quill","False","True","True","4","1","1","ent","chain","","","","prijezdNaSuchdol_startFirstChat","","True","","Barbora/kutnohorsko/prijezdNaSuchdol.xml"
"M31","prijezdNaSuchdol","kutnohorsko","prijezdNaSuchdol.endQuest","endQuest","prijezdnasuchdol","The Sword and the Quill","False","True","False","7","0","0","none","","","","","","","False","","Barbora/kutnohorsko/prijezdNaSuchdol.xml"
"M31","prijezdNaSuchdol","kutnohorsko","prijezdNaSuchdol.questDone","questDone","prijezdnasuchdol","The Sword and the Quill","False","False","True","0","0","0","none","","","","","","","False","","Barbora/kutnohorsko/prijezdNaSuchdol.xml"
"M31","prijezdNaSuchdol","kutnohorsko","prijezdNaSuchdol.teleportBeforeEndPreviousQuest","teleportBeforeEndPreviousQuest","prijezdnasuchdol","The Sword and the Quill","False","False","False","0","1","0","ent","own","","","","prijezdNaSuchdol_startFirstChat","","False","","Barbora/kutnohorsko/prijezdNaSuchdol.xml"
"M31","prijezdNaSuchdol","kutnohorsko","prijezdNaSuchdol.unpauseTime","unpauseTime","prijezdnasuchdol","The Sword and the Quill","False","False","True","0","0","0","none","","","","","","","False","","Barbora/kutnohorsko/prijezdNaSuchdol/pausetime.xml"
"M31","prijezdNaSuchdol","kutnohorsko","prijezdNaSuchdol.skillteacher_frenczl_enable","skillteacher_frenczl_enable","prijezdnasuchdol","The Sword and the Quill","False","False","True","0","0","0","none","","","","","","","False","","Barbora/kutnohorsko/prijezdNaSuchdol/skillteacher_frenczl_.xml"
"M31","prijezdNaSuchdol","kutnohorsko","prijezdNaSuchdol.rentRoom_enable","rentRoom_enable","prijezdnasuchdol","The Sword and the Quill","False","False","True","0","0","0","none","","","","","","","False","","Barbora/kutnohorsko/prijezdNaSuchdol/rentroom.xml"
"M31","prijezdNaSuchdol","kutnohorsko","prijezdNaSuchdol.disableInputFilter","disableInputFilter","prijezdnasuchdol","The Sword and the Quill","False","False","True","0","0","0","none","","","","","","","False","","Barbora/kutnohorsko/prijezdNaSuchdol/prijezd/cin_m3110k_prijezdnasuchdol__arrival_suchdol.xml"
"M31","prijezdNaSuchdol","kutnohorsko","prijezdNaSuchdol.skipTravel","skipTravel","prijezdnasuchdol","The Sword and the Quill","False","False","True","0","0","0","none","","","","","","","False","","Barbora/kutnohorsko/prijezdNaSuchdol/prijezd/cin_m3110k_prijezdnasuchdol__arrival_suchdol/leave_arrival_area_trigger.xml"
"M31","prijezdNaSuchdol","kutnohorsko","prijezdNaSuchdol.hitPlayer","hitPlayer","prijezdnasuchdol","The Sword and the Quill","False","False","True","0","0","0","none","","","","","","","False","","Barbora/kutnohorsko/prijezdNaSuchdol/na_tvrzi/katerina/vyzva_kateriny/haste.xml"
"M32","sedmStatecnych","kutnohorsko","sedmStatecnych.01_initAndStart","01_initAndStart","sedmstatecnych","Speak of the Devil","False","True","True","1","1","0","ent","own","","","","sedmStatecnych_playerStartQuest","","True","","Barbora/kutnohorsko/sedmStatecnych/haste.xml"
"M32","sedmStatecnych","kutnohorsko","sedmStatecnych.endPreviousQuest","endPreviousQuest","sedmstatecnych","Speak of the Devil","False","True","False","1","0","0","none","","","","","","","False","","Barbora/kutnohorsko/sedmStatecnych/haste.xml"
"M32","sedmStatecnych","kutnohorsko","sedmStatecnych.endQuest","endQuest","sedmstatecnych","Speak of the Devil","False","True","False","8","0","0","none","","","","","","","False","","Barbora/kutnohorsko/sedmStatecnych/haste.xml"
"M32","sedmStatecnych","kutnohorsko","sedmStatecnych.goto_certovka","goto_certovka","sedmstatecnych","Speak of the Devil","False","False","False","0","1","0","xyz","own","2885.25","2919.93","108.43","","","False","","Barbora/kutnohorsko/sedmStatecnych/haste.xml"
"M32","sedmStatecnych","kutnohorsko","sedmStatecnych.goto_kubenka","goto_kubenka","sedmstatecnych","Speak of the Devil","False","False","False","0","1","0","ent","own","","","","kcer_kubenka","","False","","Barbora/kutnohorsko/sedmStatecnych/haste.xml"
"M32","sedmStatecnych","kutnohorsko","sedmStatecnych.goto_zizka","goto_zizka","sedmstatecnych","Speak of the Devil","False","False","False","0","1","0","ent","own","","","","tneb_zizka","","False","","Barbora/kutnohorsko/sedmStatecnych/haste.xml"
"M32","sedmStatecnych","kutnohorsko","sedmStatecnych.weaponStash","weaponStash","sedmstatecnych","Speak of the Devil","False","False","True","0","0","0","none","","","","","","","False","","Barbora/kutnohorsko/sedmStatecnych/streaming__weapon_stash.xml"
"M32","sedmStatecnych","kutnohorsko","sedmStatecnych.debug_dialogOnHorse","debug_dialogOnHorse","sedmstatecnych","Speak of the Devil","False","False","True","0","0","0","none","","","","","","","False","","Barbora/kutnohorsko/sedmStatecnych/h/zachrana_certa.xml"
"M32","sedmStatecnych","kutnohorsko","sedmStatecnych.fastTravelToCertovka","fastTravelToCertovka","sedmstatecnych","Speak of the Devil","False","False","True","0","0","0","none","","","","","","","False","","Barbora/kutnohorsko/sedmStatecnych/h/do_certovky/zizka_jede_do_certovky.xml"
"M32","sedmStatecnych","kutnohorsko","sedmStatecnych.meetingWithKubenkaCS","meetingWithKubenkaCS","sedmstatecnych","Speak of the Devil","False","False","True","0","0","0","none","","","","","","","False","","Barbora/kutnohorsko/sedmStatecnych/h/prijezd_do_certovky/cin_m3210k_sedmstatecnych__meet_kubenka.xml"
"M32","sedmStatecnych","kutnohorsko","sedmStatecnych.test_streamKubenka","test_streamKubenka","sedmstatecnych","Speak of the Devil","False","False","True","0","0","0","none","","","","","","","False","","Barbora/kutnohorsko/sedmStatecnych/h/prijezd_do_certovky/cin_m3210k_sedmstatecnych__meet_kubenka.xml"
"M32","sedmStatecnych","kutnohorsko","sedmStatecnych.sedmStatecnych_kubenkaZachranen","sedmStatecnych_kubenkaZachranen","sedmstatecnych","Speak of the Devil","False","False","True","0","0","0","none","","","","","","","False","","Barbora/kutnohorsko/sedmStatecnych/h/prijezd_do_certovky/bitka_s_kubenkou.xml"
"M32","sedmStatecnych","kutnohorsko","sedmStatecnych.test_promluvSiSZizkouCertDone","test_promluvSiSZizkouCertDone","sedmstatecnych","Speak of the Devil","False","False","True","0","0","0","none","","","","","","","False","","Barbora/kutnohorsko/sedmStatecnych/h/zachrana_certa/presun_a_priprava_na_prepadeni.xml"
"M32","sedmStatecnych","kutnohorsko","sedmStatecnych.test_zachrana","test_zachrana","sedmstatecnych","Speak of the Devil","False","True","True","1","0","0","none","","","","","","","False","","Barbora/kutnohorsko/sedmStatecnych/h/zachrana_certa/presun_a_priprava_na_prepadeni.xml"
"M32","sedmStatecnych","kutnohorsko","sedmStatecnych.certZachranen","certZachranen","sedmstatecnych","Speak of the Devil","False","False","True","0","0","0","none","","","","","","","False","","Barbora/kutnohorsko/sedmStatecnych/h/zachrana_certa/masivni_bitka_o_zachranu_certa.xml"
"M32","sedmStatecnych","kutnohorsko","sedmStatecnych.test_weapon","test_weapon","sedmstatecnych","Speak of the Devil","False","False","True","0","0","0","none","","","","","","","False","","Barbora/kutnohorsko/sedmStatecnych/h/pro_kvery/kubenka_hleda_stash/sledovani_bundleofweapons.xml"
"M32","sedmStatecnych","kutnohorsko","sedmStatecnych.streamAlliesProfiles","streamAlliesProfiles","sedmstatecnych","Speak of the Devil","False","False","True","0","0","0","none","","","","","","","False","","Barbora/kutnohorsko/sedmStatecnych/h/zachrana_certa/presun_a_priprava_na_prepadeni/profily_pro_zachranu_certa.xml"
"M32","sedmStatecnych","kutnohorsko","sedmStatecnych.leaderHorse_profile","leaderHorse_profile","sedmstatecnych","Speak of the Devil","False","False","True","0","0","0","none","","","","","","","False","","Barbora/kutnohorsko/sedmStatecnych/h/zachrana_certa/jindra_vyjednava/streamovani.xml"
"M33","hledaniLichtenstejna","kutnohorsko","hledaniLichtenstejna.endPreviousQuest","endPreviousQuest","hledanilichtenstejna","Into the Underworld","False","True","False","1","0","0","none","","","","","","","False","","Barbora/kutnohorsko/hledaniLichtenstejna.xml"
"M33","hledaniLichtenstejna","kutnohorsko","hledaniLichtenstejna.endQuest","endQuest","hledanilichtenstejna","Into the Underworld","False","True","False","4","0","0","none","","","","","","","False","","Barbora/kutnohorsko/hledaniLichtenstejna.xml"
"M33","hledaniLichtenstejna","kutnohorsko","hledaniLichtenstejna.lida_saty","lida_saty","hledanilichtenstejna","Into the Underworld","False","False","True","0","0","0","none","","","","","","","False","","Barbora/kutnohorsko/hledaniLichtenstejna.xml"
"M33","hledaniLichtenstejna","kutnohorsko","hledaniLichtenstejna.stream_licht_sam","stream_licht_sam","hledanilichtenstejna","Into the Underworld","False","False","True","0","0","0","none","","","","","","","False","","Barbora/kutnohorsko/hledaniLichtenstejna.xml"
"M33","hledaniLichtenstejna","kutnohorsko","hledaniLichtenstejna.03___complete_talkToKaterina","03___complete_talkToKaterina","hledanilichtenstejna","Into the Underworld","False","False","True","0","0","0","none","","","","","","","False","","Barbora/kutnohorsko/hledaniLichtenstejna/rande_s_katerinou.xml"
"M33","hledaniLichtenstejna","kutnohorsko","hledaniLichtenstejna.04___progress_searchForKozina_spelunka","04___progress_searchForKozina_spelunka","hledanilichtenstejna","Into the Underworld","False","False","True","0","0","0","none","","","","","","","False","","Barbora/kutnohorsko/hledaniLichtenstejna/hledani_koziny.xml"
"M33","hledaniLichtenstejna","kutnohorsko","hledaniLichtenstejna.05___complete_searchForKozina_baths","05___complete_searchForKozina_baths","hledanilichtenstejna","Into the Underworld","False","False","True","0","0","0","none","","","","","","","False","","Barbora/kutnohorsko/hledaniLichtenstejna/hledani_koziny.xml"
"M33","hledaniLichtenstejna","kutnohorsko","hledaniLichtenstejna.02___start_quest","02___start_quest","hledanilichtenstejna","Into the Underworld","False","False","True","0","0","0","none","","","","","","","False","","Barbora/kutnohorsko/hledaniLichtenstejna/quest_progress_script.xml"
"M33","hledaniLichtenstejna","kutnohorsko","hledaniLichtenstejna.08___complete_quest","08___complete_quest","hledanilichtenstejna","Into the Underworld","False","False","True","0","0","0","none","","","","","","","False","","Barbora/kutnohorsko/hledaniLichtenstejna/quest_progress_script.xml"
"M33","hledaniLichtenstejna","kutnohorsko","hledaniLichtenstejna.30___skip_to_searchForKozina_spelunka","30___skip_to_searchForKozina_spelunka","hledanilichtenstejna","Into the Underworld","False","True","False","0","2","2","none","","","","","","","False","","Barbora/kutnohorsko/hledaniLichtenstejna/haste_script.xml"
"M33","hledaniLichtenstejna","kutnohorsko","hledaniLichtenstejna.31___skip_to_searchForKozina_baths","31___skip_to_searchForKozina_baths","hledanilichtenstejna","Into the Underworld","False","True","False","0","2","2","none","","","","","","","False","","Barbora/kutnohorsko/hledaniLichtenstejna/haste_script.xml"
"M33","hledaniLichtenstejna","kutnohorsko","hledaniLichtenstejna.32___skip_to_dealingWithSamuel_introduction","32___skip_to_dealingWithSamuel_introduction","hledanilichtenstejna","Into the Underworld","False","True","False","0","2","2","none","","","","","","","False","","Barbora/kutnohorsko/hledaniLichtenstejna/haste_script.xml"
"M33","hledaniLichtenstejna","kutnohorsko","hledaniLichtenstejna.60___teleport_katerina","60___teleport_katerina","hledanilichtenstejna","Into the Underworld","False","False","False","0","1","0","xyz","own","3165.71","653.04","53.63","","","False","","Barbora/kutnohorsko/hledaniLichtenstejna/haste_script.xml"
"M33","hledaniLichtenstejna","kutnohorsko","hledaniLichtenstejna.61___teleport_dira","61___teleport_dira","hledanilichtenstejna","Into the Underworld","False","False","False","0","1","0","xyz","own","3212.29","463.48","38.70","","","False","","Barbora/kutnohorsko/hledaniLichtenstejna/haste_script.xml"
"M33","hledaniLichtenstejna","kutnohorsko","hledaniLichtenstejna.62___teleport_baths","62___teleport_baths","hledanilichtenstejna","Into the Underworld","False","False","False","0","1","0","xyz","own","2904.62","766.23","63.24","","","False","","Barbora/kutnohorsko/hledaniLichtenstejna/haste_script.xml"
"M33","hledaniLichtenstejna","kutnohorsko","hledaniLichtenstejna.63___teleport_kozinasHideout","63___teleport_kozinasHideout","hledanilichtenstejna","Into the Underworld","False","False","False","0","1","0","xyz","own","2961.42","836.29","63.94","","","False","","Barbora/kutnohorsko/hledaniLichtenstejna/haste_script.xml"
"M33","hledaniLichtenstejna","kutnohorsko","hledaniLichtenstejna.64___teleport_synagogue","64___teleport_synagogue","hledanilichtenstejna","Into the Underworld","False","False","False","0","1","0","xyz","own","3316.69","794.52","48.79","","","False","","Barbora/kutnohorsko/hledaniLichtenstejna/haste_script.xml"
"M33","hledaniLichtenstejna","kutnohorsko","hledaniLichtenstejna.65___teleport_kraleSalamouna","65___teleport_kraleSalamouna","hledanilichtenstejna","Into the Underworld","False","False","False","0","1","0","xyz","own","3243.21","851.32","51.39","","","False","","Barbora/kutnohorsko/hledaniLichtenstejna/haste_script.xml"
"M33","hledaniLichtenstejna","kutnohorsko","hledaniLichtenstejna.66___teleport_samuelsTrap","66___teleport_samuelsTrap","hledanilichtenstejna","Into the Underworld","False","False","False","0","1","0","xyz","own","3257.94","683.62","51.50","","","False","","Barbora/kutnohorsko/hledaniLichtenstejna/haste_script.xml"
"M33","hledaniLichtenstejna","kutnohorsko","hledaniLichtenstejna.80___drink_cocktail","80___drink_cocktail","hledanilichtenstejna","Into the Underworld","False","False","True","0","0","0","none","","","","","","","False","","Barbora/kutnohorsko/hledaniLichtenstejna/haste_script.xml"
"M33","hledaniLichtenstejna","kutnohorsko","hledaniLichtenstejna.81___make_player_drunk","81___make_player_drunk","hledanilichtenstejna","Into the Underworld","False","False","True","0","0","0","none","","","","","","","False","","Barbora/kutnohorsko/hledaniLichtenstejna/haste_script.xml"
"M33","hledaniLichtenstejna","kutnohorsko","hledaniLichtenstejna.initAndStart","initAndStart","hledanilichtenstejna","Into the Underworld","False","True","False","0","2","2","xyz","chain","3165.71","653.04","53.63","","","True","","Barbora/kutnohorsko/hledaniLichtenstejna/haste_script.xml"
"M33","hledaniLichtenstejna","kutnohorsko","hledaniLichtenstejna.Doors_Closed","Doors_Closed","hledanilichtenstejna","Into the Underworld","False","False","True","0","0","0","none","","","","","","","False","","Barbora/kutnohorsko/hledaniLichtenstejna/streaming_envira.xml"
"M33","hledaniLichtenstejna","kutnohorsko","hledaniLichtenstejna.Doors_Open","Doors_Open","hledanilichtenstejna","Into the Underworld","False","False","True","0","0","0","none","","","","","","","False","","Barbora/kutnohorsko/hledaniLichtenstejna/streaming_envira.xml"
"M33","hledaniLichtenstejna","kutnohorsko","hledaniLichtenstejna.gateClosed","gateClosed","hledanilichtenstejna","Into the Underworld","False","False","True","0","0","0","none","","","","","","","False","","Barbora/kutnohorsko/hledaniLichtenstejna/streaming_envira.xml"
"M33","hledaniLichtenstejna","kutnohorsko","hledaniLichtenstejna.gateOpen","gateOpen","hledanilichtenstejna","Into the Underworld","False","False","True","0","0","0","none","","","","","","","False","","Barbora/kutnohorsko/hledaniLichtenstejna/streaming_envira.xml"
"M33","hledaniLichtenstejna","kutnohorsko","hledaniLichtenstejna.streamDialogLights","streamDialogLights","hledanilichtenstejna","Into the Underworld","False","False","True","0","0","0","none","","","","","","","False","","Barbora/kutnohorsko/hledaniLichtenstejna/streaming_envira.xml"
"M33","hledaniLichtenstejna","kutnohorsko","hledaniLichtenstejna.unstreamDialogLights","unstreamDialogLights","hledanilichtenstejna","Into the Underworld","False","False","True","0","0","0","none","","","","","","","False","","Barbora/kutnohorsko/hledaniLichtenstejna/streaming_envira.xml"
"M33","hledaniLichtenstejna","kutnohorsko","hledaniLichtenstejna.zebrik_stream","zebrik_stream","hledanilichtenstejna","Into the Underworld","False","False","True","0","0","0","none","","","","","","","False","","Barbora/kutnohorsko/hledaniLichtenstejna/streaming_envira.xml"
"M33","hledaniLichtenstejna","kutnohorsko","hledaniLichtenstejna.zebrik_unstream","zebrik_unstream","hledanilichtenstejna","Into the Underworld","False","False","True","0","0","0","none","","","","","","","False","","Barbora/kutnohorsko/hledaniLichtenstejna/streaming_envira.xml"
"M33","hledaniLichtenstejna","kutnohorsko","hledaniLichtenstejna.lichtenstejn_cutscene","lichtenstejn_cutscene","hledanilichtenstejna","Into the Underworld","False","False","True","0","0","0","none","","","","","","","False","","Barbora/kutnohorsko/hledaniLichtenstejna/samuel/nalezeni_lichtenstejna.xml"
"M33","hledaniLichtenstejna","kutnohorsko","hledaniLichtenstejna.skillteacher_kozina_enable","skillteacher_kozina_enable","hledanilichtenstejna","Into the Underworld","False","False","True","0","0","0","none","","","","","","","False","","Barbora/kutnohorsko/hledaniLichtenstejna/contexty/skillteacher.xml"
"M33","hledaniLichtenstejna","kutnohorsko","hledaniLichtenstejna.chat_monolog_test","chat_monolog_test","hledanilichtenstejna","Into the Underworld","False","False","True","0","1","0","xyz","own","2890.83","802.89","65.79","","kutnohorsko","False","","Barbora/kutnohorsko/hledaniLichtenstejna/hledani_koziny/okolo_lazni/opily_cech.xml"
"M33","hledaniLichtenstejna","kutnohorsko","hledaniLichtenstejna.Prepadnuti_nemce","Prepadnuti_nemce","hledanilichtenstejna","Into the Underworld","False","True","True","1","0","0","none","","","","","","","False","","Barbora/kutnohorsko/hledaniLichtenstejna/hledani_koziny/okolo_lazni/loupeznik_kozina_prepada_opilce/prepadeni_nemce.xml"
"M33","hledaniLichtenstejna","kutnohorsko","hledaniLichtenstejna.06___win_scuffleWithSamuelsMen","06___win_scuffleWithSamuelsMen","hledanilichtenstejna","Into the Underworld","False","False","True","0","0","0","none","","","","","","","False","","Barbora/kutnohorsko/hledaniLichtenstejna/samuel/opusteny_dvorek/hrac_prichazi_do_pasti/sarvatka_s_pohunky.xml"
"M33","hledaniLichtenstejna","kutnohorsko","hledaniLichtenstejna.07___lose_scuffleWithSamuelsMen","07___lose_scuffleWithSamuelsMen","hledanilichtenstejna","Into the Underworld","False","False","True","0","0","0","none","","","","","","","False","","Barbora/kutnohorsko/hledaniLichtenstejna/samuel/opusteny_dvorek/hrac_prichazi_do_pasti/sarvatka_s_pohunky.xml"
"M34","kralovskeStribro","kutnohorsko","kralovskeStribro.01_initAndStart","01_initAndStart","kralovskestribro","Via Argentum","False","True","True","1","1","0","xyz","own","3228.60","852.93","51.55","","kutnohorsko","True","","Barbora/kutnohorsko/kralovskeStribro.xml"
"M34","kralovskeStribro","kutnohorsko","kralovskeStribro.endPreviousQuest","endPreviousQuest","kralovskestribro","Via Argentum","False","True","False","1","0","0","none","","","","","","","False","","Barbora/kutnohorsko/kralovskeStribro.xml"
"M34","kralovskeStribro","kutnohorsko","kralovskeStribro.endQuest","endQuest","kralovskestribro","Via Argentum","False","True","True","6","0","0","none","","","","","","","False","","Barbora/kutnohorsko/kralovskeStribro.xml"
"M34","kralovskeStribro","kutnohorsko","kralovskeStribro.02_startMines","02_startMines","kralovskestribro","Via Argentum","False","True","True","3","1","0","xyz","own","2913.14","2226.35","118.37","","","True","","Barbora/kutnohorsko/kralovskeStribro/main_hibernable.xml"
"M34","kralovskeStribro","kutnohorsko","kralovskeStribro.finishQuest","finishQuest","kralovskestribro","Via Argentum","False","False","True","0","0","0","none","","","","","","","False","","Barbora/kutnohorsko/kralovskeStribro/main_hibernable.xml"
"M34","kralovskeStribro","kutnohorsko","kralovskeStribro.gotoRuthardka","gotoRuthardka","kralovskestribro","Via Argentum","False","False","False","0","1","0","xyz","own","3013.35","692.88","52.44","","","False","","Barbora/kutnohorsko/kralovskeStribro/main_hibernable.xml"
"M34","kralovskeStribro","kutnohorsko","kralovskeStribro.start_gatherEvidence","start_gatherEvidence","kralovskestribro","Via Argentum","False","False","True","0","0","0","none","","","","","","","False","","Barbora/kutnohorsko/kralovskeStribro/main_hibernable.xml"
"M34","kralovskeStribro","kutnohorsko","kralovskeStribro.complete_findRuthard","complete_findRuthard","kralovskestribro","Via Argentum","False","False","True","0","0","0","none","","","","","","","False","","Barbora/kutnohorsko/kralovskeStribro/main_hibernable/sidlo_ruthardovcu.xml"
"M34","kralovskeStribro","kutnohorsko","kralovskeStribro.goSeeKristian_done","goSeeKristian_done","kralovskestribro","Via Argentum","False","False","True","0","0","0","none","","","","","","","False","","Barbora/kutnohorsko/kralovskeStribro/main_hibernable/seznameni_s_kristianem.xml"
"M34","kralovskeStribro","kutnohorsko","kralovskeStribro.03_gatheredNumbers","03_gatheredNumbers","kralovskestribro","Via Argentum","False","True","True","7","1","0","xyz","own","2943.04","2259.88","115.10","","","True","","Barbora/kutnohorsko/kralovskeStribro/main_hibernable/doly.xml"
"M34","kralovskeStribro","kutnohorsko","kralovskeStribro.04_goToSmelter","04_goToSmelter","kralovskestribro","Via Argentum","False","True","True","1","1","0","xyz","own","2931.86","2239.91","115.27","","","True","","Barbora/kutnohorsko/kralovskeStribro/main_hibernable/doly.xml"
"M34","kralovskeStribro","kutnohorsko","kralovskeStribro.enable_kristianAdditionalTopics","enable_kristianAdditionalTopics","kralovskestribro","Via Argentum","False","False","True","0","0","0","none","","","","","","","False","","Barbora/kutnohorsko/kralovskeStribro/main_hibernable/doly.xml"
"M34","kralovskeStribro","kutnohorsko","kralovskeStribro.05_goToSecretMint","05_goToSecretMint","kralovskestribro","Via Argentum","False","True","True","2","1","0","xyz","own","3555.39","1797.44","107.00","","","True","","Barbora/kutnohorsko/kralovskeStribro/main_hibernable/hute.xml"
"M34","kralovskeStribro","kutnohorsko","kralovskeStribro.setHenrysMinesStatus_scholar","setHenrysMinesStatus_scholar","kralovskestribro","Via Argentum","False","False","True","0","0","0","none","","","","","","","False","","Barbora/kutnohorsko/kralovskeStribro/main_hibernable/doly/zacatek_patrani_v_dole_1.xml"
"M34","kralovskeStribro","kutnohorsko","kralovskeStribro.washToImpressBures","washToImpressBures","kralovskestribro","Via Argentum","False","False","False","0","1","0","none","","","","","","","False","","Barbora/kutnohorsko/kralovskeStribro/main_hibernable/hute/players_appearance_scan.xml"
"M34","kralovskeStribro","kutnohorsko","kralovskeStribro.unstreamVokrakDeterrentArea","unstreamVokrakDeterrentArea","kralovskestribro","Via Argentum","False","False","True","0","0","0","none","","","","","","","False","","Barbora/kutnohorsko/kralovskeStribro/main_hibernable/hute/vokrak.xml"
"M34","kralovskeStribro","kutnohorsko","kralovskeStribro.complete_minesShift1","complete_minesShift1","kralovskestribro","Via Argentum","False","False","True","0","0","0","none","","","","","","","False","","Barbora/kutnohorsko/kralovskeStribro/main_hibernable/doly/hornici__smeny/prvni_smena_horniku.xml"
"M34","kralovskeStribro","kutnohorsko","kralovskeStribro.complete_minesShift2","complete_minesShift2","kralovskestribro","Via Argentum","False","False","True","0","0","0","none","","","","","","","False","","Barbora/kutnohorsko/kralovskeStribro/main_hibernable/doly/hornici__smeny/druha_smena_horniku.xml"
"M34","kralovskeStribro","kutnohorsko","kralovskeStribro.complete_minesShift3","complete_minesShift3","kralovskestribro","Via Argentum","False","False","True","0","0","0","none","","","","","","","False","","Barbora/kutnohorsko/kralovskeStribro/main_hibernable/doly/hornici__smeny/treti_smena_horniku.xml"
"M35","zachranaPtacka","kutnohorsko","zachranaPtacka.01_initAndStart","01_initAndStart","zachranaptacka","Taking French Leave","False","True","True","2","0","0","ent","chain","","","","zachranaPtacka_guardWaitingSpotArea","","True","","Barbora/kutnohorsko/zachranaPtacka.xml"
"M35","zachranaPtacka","kutnohorsko","zachranaPtacka.endPreviousQuest","endPreviousQuest","zachranaptacka","Taking French Leave","False","True","False","1","0","0","none","","","","","","","False","","Barbora/kutnohorsko/zachranaPtacka/rekonstrukce.xml"
"M35","zachranaPtacka","kutnohorsko","zachranaPtacka.endQuest","endQuest","zachranaptacka","Taking French Leave","False","True","True","11","0","0","none","","","","","","","False","","Barbora/kutnohorsko/zachranaPtacka/rekonstrukce.xml"
"M35","zachranaPtacka","kutnohorsko","zachranaPtacka.gotoQuestStart","gotoQuestStart","zachranaptacka","Taking French Leave","False","False","False","0","1","0","ent","own","","","","zachranaPtacka_guardWaitingSpotArea","","False","","Barbora/kutnohorsko/zachranaPtacka/rekonstrukce.xml"
"M35","zachranaPtacka","kutnohorsko","zachranaPtacka.skilltecher_hastal_enable_stealth","skilltecher_hastal_enable_stealth","zachranaptacka","Taking French Leave","False","False","True","0","0","0","none","","","","","","","False","","Barbora/kutnohorsko/zachranaPtacka/skillteacher_hastal_12.xml"
"M35","zachranaPtacka","kutnohorsko","zachranaPtacka.autotestSetup","autotestSetup","zachranaptacka","Taking French Leave","False","False","True","0","0","0","none","","","","","","","False","","Barbora/kutnohorsko/zachranaPtacka/autotest.xml"
"M35","zachranaPtacka","kutnohorsko","zachranaPtacka.02_afterTalkWithRuthard","02_afterTalkWithRuthard","zachranaptacka","Taking French Leave","False","False","True","0","1","0","ent","own","","","","kkut_rozaRuthard","","False","","Barbora/kutnohorsko/zachranaPtacka/uvod_v_kutne_hore/uvodni_polylogova_smrst.xml"
"M35","zachranaPtacka","kutnohorsko","zachranaPtacka.03_afterDialogueWithRoza","03_afterDialogueWithRoza","zachranaptacka","Taking French Leave","False","True","True","1","1","0","ent","own","","","","kmal_hastal","","True","","Barbora/kutnohorsko/zachranaPtacka/uvod_v_kutne_hore/u_rozy.xml"
"M35","zachranaPtacka","kutnohorsko","zachranaPtacka.04_afterDialogueWithHorseman","04_afterDialogueWithHorseman","zachranaptacka","Taking French Leave","False","False","True","0","1","0","xyz","own","466.64","573.74","97.70","","kutnohorsko","False","","Barbora/kutnohorsko/zachranaPtacka/cesta_na_malesov_a_hledani_chodby/u_konaka_hastala.xml"
"M35","zachranaPtacka","kutnohorsko","zachranaPtacka.05_digSecretPassage","05_digSecretPassage","zachranaptacka","Taking French Leave","False","False","True","0","0","0","none","","","","","","","False","","Barbora/kutnohorsko/zachranaPtacka/cesta_na_malesov_a_hledani_chodby/hledani_tajny_chodbice/hledani_a_vykopavani_chodby.xml"
"M35","zachranaPtacka","kutnohorsko","zachranaPtacka.toSecretPassageEntry","toSecretPassageEntry","zachranaptacka","Taking French Leave","False","False","False","0","1","0","xyz","own","466.64","573.74","97.70","","kutnohorsko","False","","Barbora/kutnohorsko/zachranaPtacka/cesta_na_malesov_a_hledani_chodby/hledani_tajny_chodbice/hledani_a_vykopavani_chodby.xml"
"M35","zachranaPtacka","kutnohorsko","zachranaPtacka.07_startMalesovMeetupCutscene","07_startMalesovMeetupCutscene","zachranaptacka","Taking French Leave","False","False","True","0","0","0","none","","","","","","","False","","Barbora/kutnohorsko/zachranaPtacka/cesta_na_malesov_a_hledani_chodby/hledani_tajny_chodbice/cesta_chodbou.xml"
"M35","zachranaPtacka","kutnohorsko","zachranaPtacka.09_ptacekBrabantMeeting","09_ptacekBrabantMeeting","zachranaptacka","Taking French Leave","False","False","True","0","0","0","none","","","","","","","False","","Barbora/kutnohorsko/zachranaPtacka/vysvobozeni_ptacka/malesov/mission_possible_capon_liberation.xml"
"M35","zachranaPtacka","kutnohorsko","zachranaPtacka.playCrowingSound","playCrowingSound","zachranaptacka","Taking French Leave","False","False","True","0","0","0","none","","","","","","","False","","Barbora/kutnohorsko/zachranaPtacka/vysvobozeni_ptacka/malesov/rizeni_casu.xml"
"M35","zachranaPtacka","kutnohorsko","zachranaPtacka.06_disassembleSecretPassageWall","06_disassembleSecretPassageWall","zachranaptacka","Taking French Leave","False","False","True","0","0","0","none","","","","","","","False","","Barbora/kutnohorsko/zachranaPtacka/cesta_na_malesov_a_hledani_chodby/hledani_tajny_chodbice/cesta_chodbou/rozebrani_zdi.xml"
"M35","zachranaPtacka","kutnohorsko","zachranaPtacka.08_killAllMalesovSoldiers","08_killAllMalesovSoldiers","zachranaptacka","Taking French Leave","False","False","True","0","0","0","none","","","","","","","False","","Barbora/kutnohorsko/zachranaPtacka/vysvobozeni_ptacka/malesov/stealth_a_crime_na_malesove/dc_vojaku.xml"
"M35","zachranaPtacka","kutnohorsko","zachranaPtacka.banePoison","banePoison","zachranaptacka","Taking French Leave","False","False","True","0","0","0","none","","","","","","","False","","Barbora/kutnohorsko/zachranaPtacka/vysvobozeni_ptacka/malesov/stealth_a_crime_na_malesove/dc_vojaku.xml"
"M35","zachranaPtacka","kutnohorsko","zachranaPtacka.raiseAlarm","raiseAlarm","zachranaptacka","Taking French Leave","False","False","True","0","0","0","none","","","","","","","False","","Barbora/kutnohorsko/zachranaPtacka/vysvobozeni_ptacka/malesov/stealth_a_crime_na_malesove/poplach.xml"
"M35","zachranaPtacka","kutnohorsko","zachranaPtacka.11_openMalesovGate","11_openMalesovGate","zachranaptacka","Taking French Leave","False","False","True","0","0","0","none","","","","","","","False","","Barbora/kutnohorsko/zachranaPtacka/vysvobozeni_ptacka/malesov/s_ptackem_a_brabantem_na_malesove/brana_a_jeji_otevreni.xml"
"M35","zachranaPtacka","kutnohorsko","zachranaPtacka.10_ptacekBrabantToHorses","10_ptacekBrabantToHorses","zachranaptacka","Taking French Leave","False","False","True","0","0","0","none","","","","","","","False","","Barbora/kutnohorsko/zachranaPtacka/vysvobozeni_ptacka/malesov/s_ptackem_a_brabantem_na_malesove/haste.xml"
"M35","zachranaPtacka","kutnohorsko","zachranaPtacka.skipTowerCommands","skipTowerCommands","zachranaptacka","Taking French Leave","False","False","True","0","0","0","none","","","","","","","False","","Barbora/kutnohorsko/zachranaPtacka/vysvobozeni_ptacka/malesov/mission_possible_capon_liberation/divadla/velitel_dava_rozkazy__u_veze.xml"
"M37a","setkaniVRatbori1","kutnohorsko","setkaniVRatbori1.02_initAndStart_cutscene","02_initAndStart_cutscene","setkanivratbori1","The King's Gambit","False","True","True","2","0","0","ent","chain","","","","setkaniVRatbori1_start_cutscene","","True","","Barbora/kutnohorsko/setkaniVRatbori1/quest_init.xml"
"M37a","setkaniVRatbori1","kutnohorsko","setkaniVRatbori1.startRecording","startRecording","setkanivratbori1","The King's Gambit","False","False","True","0","0","0","none","","","","","","","False","","Barbora/kutnohorsko/setkaniVRatbori1/quest_init.xml"
"M37a","setkaniVRatbori1","kutnohorsko","setkaniVRatbori1.teleportBeforeEndPreviousQuest","teleportBeforeEndPreviousQuest","setkanivratbori1","The King's Gambit","False","False","False","0","1","0","ent","own","","","","setkaniVRatbori1_start_cutscene","","False","","Barbora/kutnohorsko/setkaniVRatbori1/quest_init.xml"
"M37a","setkaniVRatbori1","kutnohorsko","setkaniVRatbori1.zz_rozinaKnihaAktivni","zz_rozinaKnihaAktivni","setkanivratbori1","The King's Gambit","False","False","True","0","0","0","none","","","","","","","False","","Barbora/kutnohorsko/setkaniVRatbori1/rozina_kniha_placeholder_interface.xml"
"M37a","setkaniVRatbori1","kutnohorsko","setkaniVRatbori1.zz_ZikmundAulitzEnd","zz_ZikmundAulitzEnd","setkanivratbori1","The King's Gambit","False","False","True","0","0","0","none","","","","","","","False","","Barbora/kutnohorsko/setkaniVRatbori1/rozina_kniha_placeholder_interface.xml"
"M37a","setkaniVRatbori1","kutnohorsko","setkaniVRatbori1.zz_betaProhrala","zz_betaProhrala","setkanivratbori1","The King's Gambit","False","False","True","0","0","0","none","","","","","","","False","","Barbora/kutnohorsko/setkaniVRatbori1/haste.xml"
"M37a","setkaniVRatbori1","kutnohorsko","setkaniVRatbori1.zz_betaVyhrala","zz_betaVyhrala","setkanivratbori1","The King's Gambit","False","False","True","0","0","0","none","","","","","","","False","","Barbora/kutnohorsko/setkaniVRatbori1/haste.xml"
"M37a","setkaniVRatbori1","kutnohorsko","setkaniVRatbori1.zz_bohunoviceVypaleny","zz_bohunoviceVypaleny","setkanivratbori1","The King's Gambit","False","False","True","0","0","0","none","","","","","","","False","","Barbora/kutnohorsko/setkaniVRatbori1/haste.xml"
"M37a","setkaniVRatbori1","kutnohorsko","setkaniVRatbori1.zz_eldrisZnaJindru","zz_eldrisZnaJindru","setkanivratbori1","The King's Gambit","False","False","True","0","0","0","none","","","","","","","False","","Barbora/kutnohorsko/setkaniVRatbori1/haste.xml"
"M37a","setkaniVRatbori1","kutnohorsko","setkaniVRatbori1.zz_havelZnaJindru","zz_havelZnaJindru","setkanivratbori1","The King's Gambit","False","False","True","0","0","0","none","","","","","","","False","","Barbora/kutnohorsko/setkaniVRatbori1/haste.xml"
"M37a","setkaniVRatbori1","kutnohorsko","setkaniVRatbori1.zz_jindraBojovalZaFiflehoAProhral","zz_jindraBojovalZaFiflehoAProhral","setkanivratbori1","The King's Gambit","False","False","True","0","0","0","none","","","","","","","False","","Barbora/kutnohorsko/setkaniVRatbori1/haste.xml"
"M37a","setkaniVRatbori1","kutnohorsko","setkaniVRatbori1.zz_jindraBojovalZaFiflehoAVyhral","zz_jindraBojovalZaFiflehoAVyhral","setkanivratbori1","The King's Gambit","False","False","True","0","0","0","none","","","","","","","False","","Barbora/kutnohorsko/setkaniVRatbori1/haste.xml"
"M37a","setkaniVRatbori1","kutnohorsko","setkaniVRatbori1.zz_jindraNaDuelNedorazilNeboUtekl","zz_jindraNaDuelNedorazilNeboUtekl","setkanivratbori1","The King's Gambit","False","False","True","0","0","0","none","","","","","","","False","","Barbora/kutnohorsko/setkaniVRatbori1/haste.xml"
"M37a","setkaniVRatbori1","kutnohorsko","setkaniVRatbori1.zz_menhartMistr","zz_menhartMistr","setkanivratbori1","The King's Gambit","False","False","True","0","0","0","none","","","","","","","False","","Barbora/kutnohorsko/setkaniVRatbori1/haste.xml"
"M37a","setkaniVRatbori1","kutnohorsko","setkaniVRatbori1.zz_mikulasMistr","zz_mikulasMistr","setkanivratbori1","The King's Gambit","False","False","True","0","0","0","none","","","","","","","False","","Barbora/kutnohorsko/setkaniVRatbori1/haste.xml"
"M37a","setkaniVRatbori1","kutnohorsko","setkaniVRatbori1.zz_probehlaSabotazLazni","zz_probehlaSabotazLazni","setkanivratbori1","The King's Gambit","False","False","True","0","0","0","none","","","","","","","False","","Barbora/kutnohorsko/setkaniVRatbori1/haste.xml"
"M37a","setkaniVRatbori1","kutnohorsko","setkaniVRatbori1.endPreviousQuest","endPreviousQuest","setkanivratbori1","The King's Gambit","False","True","False","1","0","0","none","","","","","","","False","","Barbora/kutnohorsko/setkaniVRatbori1/rekonstrukce.xml"
"M37a","setkaniVRatbori1","kutnohorsko","setkaniVRatbori1.endQuest","endQuest","setkanivratbori1","The King's Gambit","False","True","True","4","0","0","none","","","","","","","False","","Barbora/kutnohorsko/setkaniVRatbori1/rekonstrukce.xml"
"M37a","setkaniVRatbori1","kutnohorsko","setkaniVRatbori1.xxDialogPrep","xxDialogPrep","setkanivratbori1","The King's Gambit","False","False","True","0","1","0","ent","own","","","","setkaniVRatbori1_startPosition_11","","False","","Barbora/kutnohorsko/setkaniVRatbori1/quest_init/cin_m3710k_setkaniratbor__rattay_gathering.xml"
"M37a","setkaniVRatbori1","kutnohorsko","setkaniVRatbori1.01_initAndStart_noCutscene_noDialog","01_initAndStart_noCutscene_noDialog","setkanivratbori1","The King's Gambit","False","True","True","1","1","1","none","","","","","","","False","","Barbora/kutnohorsko/setkaniVRatbori1/quest_init/haste_01__no_cutscene.xml"
"M37a","setkaniVRatbori1","kutnohorsko","setkaniVRatbori1.07_getDisguise","07_getDisguise","setkanivratbori1","The King's Gambit","False","False","True","0","0","0","none","","","","","","","False","","Barbora/kutnohorsko/setkaniVRatbori1/h/vniknuti_na_kutnohorskou_radu.xml"
"M37a","setkaniVRatbori1","kutnohorsko","setkaniVRatbori1.04_setTimeTo21","04_setTimeTo21","setkanivratbori1","The King's Gambit","False","True","False","0","2","1","ent","own","","","","setkaniVRatbori1_test_playerTeleport","","True","","Barbora/kutnohorsko/setkaniVRatbori1/h/casovy_limit.xml"
"M37a","setkaniVRatbori1","kutnohorsko","setkaniVRatbori1.19_kh1_finishTalking","19_kh1_finishTalking","setkanivratbori1","The King's Gambit","False","False","True","0","0","0","none","","","","","","","False","","Barbora/kutnohorsko/setkaniVRatbori1/h/kunohorsky_snem_1.xml"
"M37a","setkaniVRatbori1","kutnohorsko","setkaniVRatbori1.30_kh2_switchToTownHall","30_kh2_switchToTownHall","setkanivratbori1","The King's Gambit","False","False","True","0","0","0","none","","","","","","","False","","Barbora/kutnohorsko/setkaniVRatbori1/h/bohuta_na_ratbori.xml"
"M37a","setkaniVRatbori1","kutnohorsko","setkaniVRatbori1.09_gotoFranta","09_gotoFranta","setkanivratbori1","The King's Gambit","False","False","False","0","1","0","ent","own","","","","setkaniVRatbori1_frantaKudlanu","","False","","Barbora/kutnohorsko/setkaniVRatbori1/h/haste.xml"
"M37a","setkaniVRatbori1","kutnohorsko","setkaniVRatbori1.zz_getClean","zz_getClean","setkanivratbori1","The King's Gambit","False","False","True","0","0","0","none","","","","","","","False","","Barbora/kutnohorsko/setkaniVRatbori1/h/haste.xml"
"M37a","setkaniVRatbori1","kutnohorsko","setkaniVRatbori1.zz_getDirty","zz_getDirty","setkanivratbori1","The King's Gambit","False","False","True","0","0","0","none","","","","","","","False","","Barbora/kutnohorsko/setkaniVRatbori1/h/haste.xml"
"M37a","setkaniVRatbori1","kutnohorsko","setkaniVRatbori1.zz_getDrunk","zz_getDrunk","setkanivratbori1","The King's Gambit","False","False","True","0","0","0","none","","","","","","","False","","Barbora/kutnohorsko/setkaniVRatbori1/h/haste.xml"
"M37a","setkaniVRatbori1","kutnohorsko","setkaniVRatbori1.zz_takeDamage","zz_takeDamage","setkanivratbori1","The King's Gambit","False","False","True","0","0","0","none","","","","","","","False","","Barbora/kutnohorsko/setkaniVRatbori1/h/haste.xml"
"M37a","setkaniVRatbori1","kutnohorsko","setkaniVRatbori1.90_toggleKuttenbergFeast","90_toggleKuttenbergFeast","setkanivratbori1","The King's Gambit","False","False","True","0","0","0","none","","","","","","","False","","Barbora/kutnohorsko/setkaniVRatbori1/awake/radnice_v_kutne_hore_location.xml"
"M37a","setkaniVRatbori1","kutnohorsko","setkaniVRatbori1.91_turnKuttenbergFeastOn","91_turnKuttenbergFeastOn","setkanivratbori1","The King's Gambit","False","False","True","0","0","0","none","","","","","","","False","","Barbora/kutnohorsko/setkaniVRatbori1/awake/radnice_v_kutne_hore_location.xml"
"M37a","setkaniVRatbori1","kutnohorsko","setkaniVRatbori1.Bohuta_teleportOnHorse","Bohuta_teleportOnHorse","setkanivratbori1","The King's Gambit","False","False","True","0","0","0","none","","","","","","","False","","Barbora/kutnohorsko/setkaniVRatbori1/quest_init/racekhanusbohutaptacek__polylog_na_konich/enable_mount.xml"
"M37a","setkaniVRatbori1","kutnohorsko","setkaniVRatbori1.03_VavakCompleted","03_VavakCompleted","setkanivratbori1","The King's Gambit","False","False","True","0","0","0","none","","","","","","","False","","Barbora/kutnohorsko/setkaniVRatbori1/h/vniknuti_na_kutnohorskou_radu/vavak.xml"
"M37a","setkaniVRatbori1","kutnohorsko","setkaniVRatbori1.06_getDocument","06_getDocument","setkanivratbori1","The King's Gambit","False","False","True","0","0","0","none","","","","","","","False","","Barbora/kutnohorsko/setkaniVRatbori1/h/vniknuti_na_kutnohorskou_radu/glejt.xml"
"M37a","setkaniVRatbori1","kutnohorsko","setkaniVRatbori1.11_kh1_startCouncil","11_kh1_startCouncil","setkanivratbori1","The King's Gambit","False","False","True","0","0","0","none","","","","","","","False","","Barbora/kutnohorsko/setkaniVRatbori1/h/vniknuti_na_kutnohorskou_radu/majordomus.xml"
"M37a","setkaniVRatbori1","kutnohorsko","setkaniVRatbori1.83_getAdamDrunk","83_getAdamDrunk","setkanivratbori1","The King's Gambit","False","False","True","0","0","0","none","","","","","","","False","","Barbora/kutnohorsko/setkaniVRatbori1/h/kunohorsky_snem_1/paralel_feast_control.xml"
"M37a","setkaniVRatbori1","kutnohorsko","setkaniVRatbori1.09_streamEntitiesForCouncil","09_streamEntitiesForCouncil","setkanivratbori1","The King's Gambit","False","False","True","0","0","0","none","","","","","","","False","","Barbora/kutnohorsko/setkaniVRatbori1/h/kunohorsky_snem_1/stream_entities_for_council.xml"
"M37a","setkaniVRatbori1","kutnohorsko","setkaniVRatbori1.20_rat1_switchToBohuta","20_rat1_switchToBohuta","setkanivratbori1","The King's Gambit","False","False","True","0","0","0","none","","","","","","","False","","Barbora/kutnohorsko/setkaniVRatbori1/h/bohuta_na_ratbori/cin_m3730k_setkaniratbor__transfer_ratbor.xml"
"M37a","setkaniVRatbori1","kutnohorsko","setkaniVRatbori1.25_snapToSecondHalf","25_snapToSecondHalf","setkanivratbori1","The King's Gambit","False","False","True","0","0","0","none","","","","","","","False","","Barbora/kutnohorsko/setkaniVRatbori1/h/bohuta_na_ratbori/shaneni_podpory_.xml"
"M37a","setkaniVRatbori1","kutnohorsko","setkaniVRatbori1.29_rat1_runFinalGodwinCutscenes","29_rat1_runFinalGodwinCutscenes","setkanivratbori1","The King's Gambit","False","False","True","0","0","0","none","","","","","","","False","","Barbora/kutnohorsko/setkaniVRatbori1/h/bohuta_na_ratbori/cin_m3750k_setkaniratbor__rattay_leaving.xml"
"M37a","setkaniVRatbori1","kutnohorsko","setkaniVRatbori1.31_streamZikmundIn","31_streamZikmundIn","setkanivratbori1","The King's Gambit","False","False","True","0","0","0","none","","","","","","","False","","Barbora/kutnohorsko/setkaniVRatbori1/h/kunohorsky_snem_2/cin_m3760k_setkaniratbor__transfer_council.xml"
"M37a","setkaniVRatbori1","kutnohorsko","setkaniVRatbori1.z81_triggerCouncillorsLeavingAudio","z81_triggerCouncillorsLeavingAudio","setkanivratbori1","The King's Gambit","False","False","True","0","0","0","none","","","","","","","False","","Barbora/kutnohorsko/setkaniVRatbori1/h/kunohorsky_snem_2/ukonceni_rady.xml"
"M37a","setkaniVRatbori1","kutnohorsko","setkaniVRatbori1.38_skipToEndOfZikmundGameplay","38_skipToEndOfZikmundGameplay","setkanivratbori1","The King's Gambit","False","False","True","0","0","0","none","","","","","","","False","","Barbora/kutnohorsko/setkaniVRatbori1/h/kunohorsky_snem_2/o_samote_s_kralem.xml"
"M37a","setkaniVRatbori1","kutnohorsko","setkaniVRatbori1.39_endQuest","39_endQuest","setkanivratbori1","The King's Gambit","False","False","True","0","0","0","none","","","","","","","False","","Barbora/kutnohorsko/setkaniVRatbori1/h/kunohorsky_snem_2/o_samote_s_kralem.xml"
"M37a","setkaniVRatbori1","kutnohorsko","setkaniVRatbori1.08_dressUp","08_dressUp","setkanivratbori1","The King's Gambit","False","False","True","0","0","0","none","","","","","","","False","","Barbora/kutnohorsko/setkaniVRatbori1/h/haste/dressup.xml"
"M37a","setkaniVRatbori1","kutnohorsko","setkaniVRatbori1.95_disableOwFeatures","95_disableOwFeatures","setkanivratbori1","The King's Gambit","False","False","True","0","0","0","none","","","","","","","False","","Barbora/kutnohorsko/setkaniVRatbori1/h/effects_during_kh_feasts/haste__prepare_feast.xml"
"M37a","setkaniVRatbori1","kutnohorsko","setkaniVRatbori1.10_kh1_noTimeSkip","10_kh1_noTimeSkip","setkanivratbori1","The King's Gambit","False","True","True","3","0","0","none","","","","","","","False","","Barbora/kutnohorsko/setkaniVRatbori1/h/kunohorsky_snem_1/get_everyone_ready/haste_feast_no_timeskip.xml"
"M37a","setkaniVRatbori1","kutnohorsko","setkaniVRatbori1.13_kh1_switchToEnderlin","13_kh1_switchToEnderlin","setkanivratbori1","The King's Gambit","False","False","True","0","0","0","none","","","","","","","False","","Barbora/kutnohorsko/setkaniVRatbori1/h/kunohorsky_snem_1/paralel_feast_control/first_phase.xml"
"M37a","setkaniVRatbori1","kutnohorsko","setkaniVRatbori1.26_bocekSkipToLastDialog","26_bocekSkipToLastDialog","setkanivratbori1","The King's Gambit","False","False","True","0","0","0","none","","","","","","","False","","Barbora/kutnohorsko/setkaniVRatbori1/h/bohuta_na_ratbori/shaneni_podpory_/bocek_z_kunstatu.xml"
"M37a","setkaniVRatbori1","kutnohorsko","setkaniVRatbori1.85_zikmundDialog","85_zikmundDialog","setkanivratbori1","The King's Gambit","False","True","True","3","0","0","none","","","","","","","False","","Barbora/kutnohorsko/setkaniVRatbori1/h/kunohorsky_snem_2/cin_m3760k_setkaniratbor__transfer_council/haste_zikmund_kara_konsele_dialog.xml"
"M37a","setkaniVRatbori1","kutnohorsko","setkaniVRatbori1.36_jumpToZikmundAulitzGameplay","36_jumpToZikmundAulitzGameplay","setkanivratbori1","The King's Gambit","False","True","True","3","1","0","ent","own","","","","setkaniVRatbori1_councillorsLeaving_playerPoint","","True","","Barbora/kutnohorsko/setkaniVRatbori1/h/kunohorsky_snem_2/ukonceni_rady/haste_final_talk_with_zikmund.xml"
"M37a","setkaniVRatbori1","kutnohorsko","setkaniVRatbori1.21_startOderinFight","21_startOderinFight","setkanivratbori1","The King's Gambit","False","False","True","0","0","0","none","","","","","","","False","","Barbora/kutnohorsko/setkaniVRatbori1/h/bohuta_na_ratbori/shaneni_podpory_/haman_adler_a_oderin/duel_s_krystofem_oderinem.xml"
"M37a","setkaniVRatbori1","kutnohorsko","setkaniVRatbori1.23_BohutaWonKrystofDuel","23_BohutaWonKrystofDuel","setkanivratbori1","The King's Gambit","False","False","True","0","0","0","none","","","","","","","False","","Barbora/kutnohorsko/setkaniVRatbori1/h/bohuta_na_ratbori/shaneni_podpory_/haman_adler_a_oderin/duel_s_krystofem_oderinem.xml"
"M37b","setkaniVRatbori2","kutnohorsko","setkaniVRatbori2.SetFailedSkillcheckWithHorsetrader","SetFailedSkillcheckWithHorsetrader","setkanivratbori2","The Feast","False","False","True","0","0","0","none","","","","","","","False","","Barbora/kutnohorsko/setkaniVRatbori2/hibernable.xml"
"M37b","setkaniVRatbori2","kutnohorsko","setkaniVRatbori2.01_init","01_init","setkanivratbori2","The Feast","False","True","True","3","0","0","xyz","chain","1423.10","3820.92","126.57","","","True","","Barbora/kutnohorsko/setkaniVRatbori2/haste.xml"
"M37b","setkaniVRatbori2","kutnohorsko","setkaniVRatbori2.endPreviousQuest","endPreviousQuest","setkanivratbori2","The Feast","False","True","False","1","0","0","none","","","","","","","False","","Barbora/kutnohorsko/setkaniVRatbori2/haste.xml"
"M37b","setkaniVRatbori2","kutnohorsko","setkaniVRatbori2.endQuest","endQuest","setkanivratbori2","The Feast","False","True","True","9","0","0","none","","","","","","","False","","Barbora/kutnohorsko/setkaniVRatbori2/haste.xml"
"M37b","setkaniVRatbori2","kutnohorsko","setkaniVRatbori2.teleportBeforeEndPreviousQuest","teleportBeforeEndPreviousQuest","setkanivratbori2","The Feast","False","False","False","0","1","0","xyz","own","1423.10","3820.92","126.57","","","False","","Barbora/kutnohorsko/setkaniVRatbori2/haste.xml"
"M37b","setkaniVRatbori2","kutnohorsko","setkaniVRatbori2.vykuchAfterBattle","vykuchAfterBattle","setkanivratbori2","The Feast","False","False","True","0","0","0","none","","","","","","","False","","Barbora/kutnohorsko/setkaniVRatbori2/deadbodies_handling.xml"
"M37b","setkaniVRatbori2","kutnohorsko","setkaniVRatbori2.VykuchOff","VykuchOff","setkanivratbori2","The Feast","False","False","True","0","0","0","none","","","","","","","False","","Barbora/kutnohorsko/setkaniVRatbori2/deadbodies_handling.xml"
"M37b","setkaniVRatbori2","kutnohorsko","setkaniVRatbori2.VykuchOn","VykuchOn","setkanivratbori2","The Feast","False","False","True","0","0","0","none","","","","","","","False","","Barbora/kutnohorsko/setkaniVRatbori2/deadbodies_handling.xml"
"M37b","setkaniVRatbori2","kutnohorsko","setkaniVRatbori2.makeRestSoldiersVulnerable","makeRestSoldiersVulnerable","setkanivratbori2","The Feast","False","False","True","0","0","0","none","","","","","","","False","","Barbora/kutnohorsko/setkaniVRatbori2/hibernable/immortality.xml"
"M37b","setkaniVRatbori2","kutnohorsko","setkaniVRatbori2.02_bezProVino","02_bezProVino","setkanivratbori2","The Feast","False","False","True","0","0","0","none","","","","","","","False","","Barbora/kutnohorsko/setkaniVRatbori2/hibernable/zacatek_na_party.xml"
"M37b","setkaniVRatbori2","kutnohorsko","setkaniVRatbori2.killAllEnemies","killAllEnemies","setkanivratbori2","The Feast","False","True","True","2","0","0","none","","","","","","","False","","Barbora/kutnohorsko/setkaniVRatbori2/hibernable/bitva_za_jindru/haste.xml"
"M37b","setkaniVRatbori2","kutnohorsko","setkaniVRatbori2.makeFirstWaveSoldiersVulnerable","makeFirstWaveSoldiersVulnerable","setkanivratbori2","The Feast","False","False","True","0","0","0","none","","","","","","","False","","Barbora/kutnohorsko/setkaniVRatbori2/hibernable/bitva_za_jindru/haste.xml"
"M37b","setkaniVRatbori2","kutnohorsko","setkaniVRatbori2.killHalfEnemies","killHalfEnemies","setkanivratbori2","The Feast","False","False","True","0","0","0","none","","","","","","","False","","Barbora/kutnohorsko/setkaniVRatbori2/hibernable/nocni_bitva/haste.xml"
"M37b","setkaniVRatbori2","kutnohorsko","setkaniVRatbori2.equipLongsword","equipLongsword","setkanivratbori2","The Feast","False","False","True","0","0","0","none","","","","","","","False","","Barbora/kutnohorsko/setkaniVRatbori2/hibernable/nocni_bitva/drawing_weapon.xml"
"M37b","setkaniVRatbori2","kutnohorsko","setkaniVRatbori2.pickWineSkip","pickWineSkip","setkanivratbori2","The Feast","False","False","True","0","0","0","none","","","","","","","False","","Barbora/kutnohorsko/setkaniVRatbori2/hibernable/zacatek_na_party/bohuta_jde_pro_vino.xml"
"M37b","setkaniVRatbori2","kutnohorsko","setkaniVRatbori2.predatHraciMrkev","predatHraciMrkev","setkanivratbori2","The Feast","False","False","True","0","0","0","none","","","","","","","False","","Barbora/kutnohorsko/setkaniVRatbori2/hibernable/zacatek_na_party/party_dialogy_s_bohutou/cert__vyzva_na_kostky.xml"
"M38","sedmStatecnych2","kutnohorsko","sedmStatecnych2.stream_komar","stream_komar","sedmstatecnych2","The Devil's Pack","False","False","True","0","0","0","none","","","","","","","False","","Barbora/kutnohorsko/sedmStatecnych2.xml"
"M38","sedmStatecnych2","kutnohorsko","sedmStatecnych2.stream_mikesKozlik","stream_mikesKozlik","sedmstatecnych2","The Devil's Pack","False","False","True","0","0","0","none","","","","","","","False","","Barbora/kutnohorsko/sedmStatecnych2.xml"
"M38","sedmStatecnych2","kutnohorsko","sedmStatecnych2._hracPlni_hledaniLichta","_hracPlni_hledaniLichta","sedmstatecnych2","The Devil's Pack","False","False","True","0","0","0","none","","","","","","","False","","Barbora/kutnohorsko/sedmStatecnych2/haste.xml"
"M38","sedmStatecnych2","kutnohorsko","sedmStatecnych2.01_initAndStart","01_initAndStart","sedmstatecnych2","The Devil's Pack","False","True","True","1","1","0","ent","own","","","","kcer_kubenka","","True","","Barbora/kutnohorsko/sedmStatecnych2/haste.xml"
"M38","sedmStatecnych2","kutnohorsko","sedmStatecnych2.endPreviousQuest","endPreviousQuest","sedmstatecnych2","The Devil's Pack","False","True","False","1","0","0","none","","","","","","","False","","Barbora/kutnohorsko/sedmStatecnych2/haste.xml"
"M38","sedmStatecnych2","kutnohorsko","sedmStatecnych2.endQuest","endQuest","sedmstatecnych2","The Devil's Pack","False","True","False","9","0","0","none","","","","","","","False","","Barbora/kutnohorsko/sedmStatecnych2/haste.xml"
"M38","sedmStatecnych2","kutnohorsko","sedmStatecnych2.skillteacher_matous_enable","skillteacher_matous_enable","sedmstatecnych2","The Devil's Pack","False","False","True","0","0","0","none","","","","","","","False","","Barbora/kutnohorsko/sedmStatecnych2/skillteacher_matous.xml"
"M38","sedmStatecnych2","kutnohorsko","sedmStatecnych2.mikesKozlik_certovka","mikesKozlik_certovka","sedmstatecnych2","The Devil's Pack","False","False","True","0","0","0","none","","","","","","","False","","Barbora/kutnohorsko/sedmStatecnych2/mk_linka_setkani_s_mk_na_certovce.xml"
"M38","sedmStatecnych2","kutnohorsko","sedmStatecnych2.mikesKozlik_suchdol","mikesKozlik_suchdol","sedmstatecnych2","The Devil's Pack","False","False","True","0","0","0","none","","","","","","","False","","Barbora/kutnohorsko/sedmStatecnych2/mk_linka_setkani_s_mk_na_certovce.xml"
"M38","sedmStatecnych2","kutnohorsko","sedmStatecnych2.skillteacher_hans_enable","skillteacher_hans_enable","sedmstatecnych2","The Devil's Pack","False","False","True","0","0","0","none","","","","","","","False","","Barbora/kutnohorsko/sedmStatecnych2/skillteacher_hans_z_uher.xml"
"M38","sedmStatecnych2","kutnohorsko","sedmStatecnych2.goto_pritoky_bailiff","goto_pritoky_bailiff","sedmstatecnych2","The Devil's Pack","False","False","False","0","1","0","ent","own","","","","kpri_bailiff","","False","","Barbora/kutnohorsko/sedmStatecnych2/haste/pritoky__komar.xml"
"M38","sedmStatecnych2","kutnohorsko","sedmStatecnych2.goto_pritoky_butchersWife","goto_pritoky_butchersWife","sedmstatecnych2","The Devil's Pack","False","False","False","0","1","0","ent","own","","","","kpri_butchersWife","","False","","Barbora/kutnohorsko/sedmStatecnych2/haste/pritoky__komar.xml"
"M38","sedmStatecnych2","kutnohorsko","sedmStatecnych2.goto_pritoky_hospodsky","goto_pritoky_hospodsky","sedmstatecnych2","The Devil's Pack","False","False","False","0","1","0","ent","own","","","","kpri_innkeeper","","False","","Barbora/kutnohorsko/sedmStatecnych2/haste/pritoky__komar.xml"
"M38","sedmStatecnych2","kutnohorsko","sedmStatecnych2.goto_pritoky_paloucek","goto_pritoky_paloucek","sedmstatecnych2","The Devil's Pack","False","False","False","0","1","0","xyz","own","2499.34","1490.79","134.14","","","False","","Barbora/kutnohorsko/sedmStatecnych2/haste/pritoky__komar.xml"
"M38","sedmStatecnych2","kutnohorsko","sedmStatecnych2.goto_grunta_borut","goto_grunta_borut","sedmstatecnych2","The Devil's Pack","False","False","False","0","1","0","ent","own","","","","kgru_borut","","False","","Barbora/kutnohorsko/sedmStatecnych2/haste/grunta__borut.xml"
"M38","sedmStatecnych2","kutnohorsko","sedmStatecnych2.goto_grunta_hospodsky","goto_grunta_hospodsky","sedmstatecnych2","The Devil's Pack","False","False","False","0","1","0","ent","own","","","","kgru_gros","","False","","Barbora/kutnohorsko/sedmStatecnych2/haste/grunta__borut.xml"
"M38","sedmStatecnych2","kutnohorsko","sedmStatecnych2.goto_miskovice_hans","goto_miskovice_hans","sedmstatecnych2","The Devil's Pack","False","False","False","0","1","0","ent","own","","","","kmis_hansZUher","","False","","Barbora/kutnohorsko/sedmStatecnych2/haste/miskovice__hans_z_uher.xml"
"M38","sedmStatecnych2","kutnohorsko","sedmStatecnych2.goto_miskovice_injured","goto_miskovice_injured","sedmstatecnych2","The Devil's Pack","False","False","False","0","1","0","ent","own","","","","kmis_injured","","False","","Barbora/kutnohorsko/sedmStatecnych2/haste/miskovice__hans_z_uher.xml"
"M38","sedmStatecnych2","kutnohorsko","sedmStatecnych2.goto_miskovice_innkeeper","goto_miskovice_innkeeper","sedmstatecnych2","The Devil's Pack","False","False","False","0","1","0","ent","own","","","","kmis_innkeeper","","False","","Barbora/kutnohorsko/sedmStatecnych2/haste/miskovice__hans_z_uher.xml"
"M38","sedmStatecnych2","kutnohorsko","sedmStatecnych2.goto_miskovice_rychtar","goto_miskovice_rychtar","sedmstatecnych2","The Devil's Pack","False","False","False","0","1","0","ent","own","","","","kmis_bailiff","","False","","Barbora/kutnohorsko/sedmStatecnych2/haste/miskovice__hans_z_uher.xml"
"M38","sedmStatecnych2","kutnohorsko","sedmStatecnych2.keyPillory","keyPillory","sedmstatecnych2","The Devil's Pack","False","False","True","0","0","0","none","","","","","","","False","","Barbora/kutnohorsko/sedmStatecnych2/haste/miskovice__hans_z_uher.xml"
"M38","sedmStatecnych2","kutnohorsko","sedmStatecnych2.goto_bylansko_innkeeper","goto_bylansko_innkeeper","sedmstatecnych2","The Devil's Pack","False","False","False","0","1","0","ent","own","","","","kbyl_innkeeper","","False","","Barbora/kutnohorsko/sedmStatecnych2/haste/bylany__hraci_kostek.xml"
"M38","sedmStatecnych2","kutnohorsko","sedmStatecnych2.goto_bylansko_player_1","goto_bylansko_player_1","sedmstatecnych2","The Devil's Pack","False","False","False","0","1","0","ent","own","","","","kbyl_player_1","","False","","Barbora/kutnohorsko/sedmStatecnych2/haste/bylany__hraci_kostek.xml"
"M38","sedmStatecnych2","kutnohorsko","sedmStatecnych2.goto_event","goto_event","sedmstatecnych2","The Devil's Pack","False","False","False","0","1","0","xyz","own","723.90","2671.31","215.72","","","False","","Barbora/kutnohorsko/sedmStatecnych2/haste/kopec_vysoka__bandita.xml"
"M38","sedmStatecnych2","kutnohorsko","sedmStatecnych2.goto_event_2","goto_event_2","sedmstatecnych2","The Devil's Pack","False","False","False","0","1","0","xyz","own","1412.34","2430.04","171.71","","","False","","Barbora/kutnohorsko/sedmStatecnych2/haste/kopec_vysoka__bandita.xml"
"M38","sedmStatecnych2","kutnohorsko","sedmStatecnych2.goto_cert","goto_cert","sedmstatecnych2","The Devil's Pack","False","False","False","0","1","0","ent","own","","","","kcer_suchyCert","","False","","Barbora/kutnohorsko/sedmStatecnych2/haste/certovka__cert.xml"
"M38","sedmStatecnych2","kutnohorsko","sedmStatecnych2.bandage","bandage","sedmstatecnych2","The Devil's Pack","False","False","True","0","0","0","none","","","","","","","False","","Barbora/kutnohorsko/sedmStatecnych2/haste/leceni.xml"
"M38","sedmStatecnych2","kutnohorsko","sedmStatecnych2.potion_chamomile","potion_chamomile","sedmstatecnych2","The Devil's Pack","False","False","True","0","0","0","none","","","","","","","False","","Barbora/kutnohorsko/sedmStatecnych2/haste/leceni.xml"
"M38","sedmStatecnych2","kutnohorsko","sedmStatecnych2.potion_forPain","potion_forPain","sedmstatecnych2","The Devil's Pack","False","False","True","0","0","0","none","","","","","","","False","","Barbora/kutnohorsko/sedmStatecnych2/haste/leceni.xml"
"M38","sedmStatecnych2","kutnohorsko","sedmStatecnych2.potion_marigold","potion_marigold","sedmstatecnych2","The Devil's Pack","False","False","True","0","0","0","none","","","","","","","False","","Barbora/kutnohorsko/sedmStatecnych2/haste/leceni.xml"
"M38","sedmStatecnych2","kutnohorsko","sedmStatecnych2.potion_stamina","potion_stamina","sedmstatecnych2","The Devil's Pack","False","False","True","0","0","0","none","","","","","","","False","","Barbora/kutnohorsko/sedmStatecnych2/haste/leceni.xml"
"M38","sedmStatecnych2","kutnohorsko","sedmStatecnych2._gamescom_activatePoint","_gamescom_activatePoint","sedmstatecnych2","The Devil's Pack","False","True","True","6","1","0","xyz","own","1737.77","1198.99","108.56","","","False","","Barbora/kutnohorsko/sedmStatecnych2/haste/gamescom.xml"
"M38","sedmStatecnych2","kutnohorsko","sedmStatecnych2._gamescom_preset_combat","_gamescom_preset_combat","sedmstatecnych2","The Devil's Pack","False","False","True","0","0","0","none","","","","","","","False","","Barbora/kutnohorsko/sedmStatecnych2/haste/gamescom.xml"
"M38","sedmStatecnych2","kutnohorsko","sedmStatecnych2._gamescom_preset_stealth","_gamescom_preset_stealth","sedmstatecnych2","The Devil's Pack","False","False","True","0","0","0","none","","","","","","","False","","Barbora/kutnohorsko/sedmStatecnych2/haste/gamescom.xml"
"M38","sedmStatecnych2","kutnohorsko","sedmStatecnych2._horse_streamUnstream","_horse_streamUnstream","sedmstatecnych2","The Devil's Pack","False","False","True","0","0","0","none","","","","","","","False","","Barbora/kutnohorsko/sedmStatecnych2/haste/gamescom.xml"
"M38","sedmStatecnych2","kutnohorsko","sedmStatecnych2.gamescom_horse_streamOnly","gamescom_horse_streamOnly","sedmstatecnych2","The Devil's Pack","False","False","True","0","0","0","none","","","","","","","False","","Barbora/kutnohorsko/sedmStatecnych2/haste/gamescom.xml"
"M38","sedmStatecnych2","kutnohorsko","sedmStatecnych2.vyptejSeKubenky","vyptejSeKubenky","sedmstatecnych2","The Devil's Pack","False","False","True","0","0","0","none","","","","","","","False","","Barbora/kutnohorsko/sedmStatecnych2/h/zadani_s_kubenkou.xml"
"M38","sedmStatecnych2","kutnohorsko","sedmStatecnych2.promluvSiSBorutem","promluvSiSBorutem","sedmstatecnych2","The Devil's Pack","False","False","True","0","0","0","none","","","","","","","False","","Barbora/kutnohorsko/sedmStatecnych2/h/napraveny_borut.xml"
"M38","sedmStatecnych2","kutnohorsko","sedmStatecnych2.vyptejSeNaKomara","vyptejSeNaKomara","sedmstatecnych2","The Devil's Pack","False","False","True","0","0","0","none","","","","","","","False","","Barbora/kutnohorsko/sedmStatecnych2/h/hospodsti_pritoky_a_bylany.xml"
"M38","sedmStatecnych2","kutnohorsko","sedmStatecnych2.vyptejSeNaRankaVHospode","vyptejSeNaRankaVHospode","sedmstatecnych2","The Devil's Pack","False","False","True","0","0","0","none","","","","","","","False","","Barbora/kutnohorsko/sedmStatecnych2/h/hospodsti_pritoky_a_bylany.xml"
"M38","sedmStatecnych2","kutnohorsko","sedmStatecnych2.start_party","start_party","sedmstatecnych2","The Devil's Pack","False","False","True","0","0","0","none","","","","","","","False","","Barbora/kutnohorsko/sedmStatecnych2/h/s_certem.xml"
"M38","sedmStatecnych2","kutnohorsko","sedmStatecnych2.hans_free","hans_free","sedmstatecnych2","The Devil's Pack","False","False","True","0","0","0","none","","","","","","","False","","Barbora/kutnohorsko/sedmStatecnych2/h/hans_z_uher/hans_je_na_pranyri_a_klic.xml"
"M38","sedmStatecnych2","kutnohorsko","sedmStatecnych2.advancedHealing","advancedHealing","sedmstatecnych2","The Devil's Pack","False","False","True","0","0","0","none","","","","","","","False","","Barbora/kutnohorsko/sedmStatecnych2/h/hans_z_uher/leceni_zraneneho_vesnicana.xml"
"M38","sedmStatecnych2","kutnohorsko","sedmStatecnych2.basicHealing","basicHealing","sedmstatecnych2","The Devil's Pack","False","False","True","0","0","0","none","","","","","","","False","","Barbora/kutnohorsko/sedmStatecnych2/h/hans_z_uher/leceni_zraneneho_vesnicana.xml"
"M38","sedmStatecnych2","kutnohorsko","sedmStatecnych2.diagnose","diagnose","sedmstatecnych2","The Devil's Pack","False","False","True","0","0","0","none","","","","","","","False","","Barbora/kutnohorsko/sedmStatecnych2/h/hans_z_uher/leceni_zraneneho_vesnicana.xml"
"M38","sedmStatecnych2","kutnohorsko","sedmStatecnych2.sedmStatecnych2_leceniDone","sedmStatecnych2_leceniDone","sedmstatecnych2","The Devil's Pack","False","False","True","0","0","0","none","","","","","","","False","","Barbora/kutnohorsko/sedmStatecnych2/h/hans_z_uher/leceni_zraneneho_vesnicana.xml"
"M38","sedmStatecnych2","kutnohorsko","sedmStatecnych2.scenka","scenka","sedmstatecnych2","The Devil's Pack","False","False","True","0","1","0","none","","","","","","","False","","Barbora/kutnohorsko/sedmStatecnych2/h/komar/na_paloucku/streamovani_profilu.xml"
"M38","sedmStatecnych2","kutnohorsko","sedmStatecnych2.sedmStatecnych2_hracePristihliJakZabilZenu","sedmStatecnych2_hracePristihliJakZabilZenu","sedmstatecnych2","The Devil's Pack","False","False","True","0","0","0","none","","","","","","","False","","Barbora/kutnohorsko/sedmStatecnych2/h/komar/na_paloucku/reznikova_zena_deadoralive.xml"
"M42","pogrom","kutnohorsko","pogrom.endPreviousQuest","endPreviousQuest","pogrom","Exodus","False","True","False","1","0","0","none","","","","","","","False","","Barbora/kutnohorsko/pogrom.xml"
"M42","pogrom","kutnohorsko","pogrom.endQuest","endQuest","pogrom","Exodus","False","True","False","9","0","0","none","","","","","","","False","","Barbora/kutnohorsko/pogrom.xml"
"M42","pogrom","kutnohorsko","pogrom.questDone","questDone","pogrom","Exodus","False","False","True","0","0","0","none","","","","","","","False","","Barbora/kutnohorsko/pogrom.xml"
"M42","pogrom","kutnohorsko","pogrom._init_noDialogue","_init_noDialogue","pogrom","Exodus","False","True","True","5","0","0","ent","chain","","","","pogrom_startPointPlayer","","True","","Barbora/kutnohorsko/pogrom/PogromHaste.xml"
"M42","pogrom","kutnohorsko","pogrom._init_recording","_init_recording","pogrom","Exodus","False","False","True","0","0","0","none","","","","","","","False","","Barbora/kutnohorsko/pogrom/PogromHaste.xml"
"M42","pogrom","kutnohorsko","pogrom._initAndStart","_initAndStart","pogrom","Exodus","False","True","True","5","0","0","ent","chain","","","","pogrom_startPointPlayer","","True","","Barbora/kutnohorsko/pogrom/PogromHaste.xml"
"M42","pogrom","kutnohorsko","pogrom.killDefendersInGates","killDefendersInGates","pogrom","Exodus","False","False","True","0","0","0","none","","","","","","","False","","Barbora/kutnohorsko/pogrom/PogromHaste.xml"
"M42","pogrom","kutnohorsko","pogrom.teleportBeforePreviousQuest","teleportBeforePreviousQuest","pogrom","Exodus","False","False","False","0","1","0","ent","own","","","","pogrom_startPointPlayer","","False","","Barbora/kutnohorsko/pogrom/PogromHaste.xml"
"M42","pogrom","kutnohorsko","pogrom.teleportToBackyardHouse","teleportToBackyardHouse","pogrom","Exodus","False","False","False","0","1","0","xyz","own","3309.80","811.09","48.49","","","False","","Barbora/kutnohorsko/pogrom/PogromHaste.xml"
"M42","pogrom","kutnohorsko","pogrom.teleportToBar","teleportToBar","pogrom","Exodus","False","False","False","0","1","0","xyz","own","3228.15","867.30","50.22","","","False","","Barbora/kutnohorsko/pogrom/PogromHaste.xml"
"M42","pogrom","kutnohorsko","pogrom.teleportToGates","teleportToGates","pogrom","Exodus","False","False","False","0","1","0","xyz","own","3256.40","835.95","50.94","","","False","","Barbora/kutnohorsko/pogrom/PogromHaste.xml"
"M42","pogrom","kutnohorsko","pogrom.teleportToUnderground","teleportToUnderground","pogrom","Exodus","False","False","False","0","1","0","xyz","own","3252.42","844.14","41.02","","","False","","Barbora/kutnohorsko/pogrom/PogromHaste.xml"
"M42","pogrom","kutnohorsko","pogrom.01_fromRatboreToKH","01_fromRatboreToKH","pogrom","Exodus","False","False","True","0","0","0","none","","","","","","","False","","Barbora/kutnohorsko/pogrom/hibernace.xml"
"M42","pogrom","kutnohorsko","pogrom.02_toKuttenbergPart","02_toKuttenbergPart","pogrom","Exodus","False","False","True","0","0","0","none","","","","","","","False","","Barbora/kutnohorsko/pogrom/hibernace.xml"
"M42","pogrom","kutnohorsko","pogrom.03_toMotherPart","03_toMotherPart","pogrom","Exodus","False","False","True","0","0","0","none","","","","","","","False","","Barbora/kutnohorsko/pogrom/hibernace.xml"
"M42","pogrom","kutnohorsko","pogrom.04_toProtectSynagoguePart","04_toProtectSynagoguePart","pogrom","Exodus","False","False","True","0","0","0","none","","","","","","","False","","Barbora/kutnohorsko/pogrom/hibernace.xml"
"M42","pogrom","kutnohorsko","pogrom.02c_killPublooters","02c_killPublooters","pogrom","Exodus","False","False","True","0","0","0","none","","","","","","","False","","Barbora/kutnohorsko/pogrom/hibernace/prunik_do_kutne_hory.xml"
"M42","pogrom","kutnohorsko","pogrom.04a_cutscene_blockadeFire","04a_cutscene_blockadeFire","pogrom","Exodus","False","False","True","0","0","0","none","","","","","","","False","","Barbora/kutnohorsko/pogrom/hibernace/synagoga_a_jine_hity.xml"
"M42","pogrom","kutnohorsko","pogrom.01a_fastTravelToKH","01a_fastTravelToKH","pogrom","Exodus","False","False","True","0","0","0","none","","","","","","","False","","Barbora/kutnohorsko/pogrom/hibernace/cesta_z_ratbore/cesta_na_voze.xml"
"M42","pogrom","kutnohorsko","pogrom.01b_polylogAfterFastTravel","01b_polylogAfterFastTravel","pogrom","Exodus","False","False","True","0","0","0","none","","","","","","","False","","Barbora/kutnohorsko/pogrom/hibernace/cesta_z_ratbore/polylog_po_sesednuti.xml"
"M42","pogrom","kutnohorsko","pogrom.02a_dialogWithLicht","02a_dialogWithLicht","pogrom","Exodus","False","False","True","0","0","0","none","","","","","","","False","","Barbora/kutnohorsko/pogrom/hibernace/prunik_do_kutne_hory/licht__chovani_v_tunelu_a_hospode.xml"
"M42","pogrom","kutnohorsko","pogrom.03a_trialogWithMother","03a_trialogWithMother","pogrom","Exodus","False","False","True","0","0","0","none","","","","","","","False","","Barbora/kutnohorsko/pogrom/hibernace/k_matce_a_s_matkou/u_matky_doma.xml"
"M42","pogrom","kutnohorsko","pogrom.03b_completeMothersPart","03b_completeMothersPart","pogrom","Exodus","False","False","True","0","0","0","none","","","","","","","False","","Barbora/kutnohorsko/pogrom/hibernace/k_matce_a_s_matkou/utek_pres_dum.xml"
"M42","pogrom","kutnohorsko","pogrom.trackview_showBehindCombatNearSynagogue_load","trackview_showBehindCombatNearSynagogue_load","pogrom","Exodus","False","False","True","0","0","0","none","","","","","","","False","","Barbora/kutnohorsko/pogrom/hibernace/trackview/nataceni_davu_behem_combatu.xml"
"M42","pogrom","kutnohorsko","pogrom.trackview_showBehindCombatNearSynagogue_start","trackview_showBehindCombatNearSynagogue_start","pogrom","Exodus","False","False","True","0","0","0","none","","","","","","","False","","Barbora/kutnohorsko/pogrom/hibernace/trackview/nataceni_davu_behem_combatu.xml"
"M42","pogrom","kutnohorsko","pogrom.trackview_showBehindCombatNearSynagogue_stop","trackview_showBehindCombatNearSynagogue_stop","pogrom","Exodus","False","False","True","0","0","0","none","","","","","","","False","","Barbora/kutnohorsko/pogrom/hibernace/trackview/nataceni_davu_behem_combatu.xml"
"M42","pogrom","kutnohorsko","pogrom.trackview_combatBehindWagon_load","trackview_combatBehindWagon_load","pogrom","Exodus","False","False","True","0","0","0","none","","","","","","","False","","Barbora/kutnohorsko/pogrom/hibernace/trackview/nataceni_fight_za_vozem.xml"
"M42","pogrom","kutnohorsko","pogrom.trackview_combatBehindWagon_start","trackview_combatBehindWagon_start","pogrom","Exodus","False","False","True","0","0","0","none","","","","","","","False","","Barbora/kutnohorsko/pogrom/hibernace/trackview/nataceni_fight_za_vozem.xml"
"M42","pogrom","kutnohorsko","pogrom.trackview_combatBehindWagon_stop","trackview_combatBehindWagon_stop","pogrom","Exodus","False","False","True","0","0","0","none","","","","","","","False","","Barbora/kutnohorsko/pogrom/hibernace/trackview/nataceni_fight_za_vozem.xml"
"M42","pogrom","kutnohorsko","pogrom.trackview_panicOnStreet_load","trackview_panicOnStreet_load","pogrom","Exodus","False","False","True","0","0","0","none","","","","","","","False","","Barbora/kutnohorsko/pogrom/hibernace/trackview/nataceni_panic_na_zidovske.xml"
"M42","pogrom","kutnohorsko","pogrom.trackview_panicOnStreet_start","trackview_panicOnStreet_start","pogrom","Exodus","False","False","True","0","0","0","none","","","","","","","False","","Barbora/kutnohorsko/pogrom/hibernace/trackview/nataceni_panic_na_zidovske.xml"
"M42","pogrom","kutnohorsko","pogrom.trackview_panicOnStreet_stop","trackview_panicOnStreet_stop","pogrom","Exodus","False","False","True","0","0","0","none","","","","","","","False","","Barbora/kutnohorsko/pogrom/hibernace/trackview/nataceni_panic_na_zidovske.xml"
"M42","pogrom","kutnohorsko","pogrom.trackview_panicOnStreetSecond_start","trackview_panicOnStreetSecond_start","pogrom","Exodus","False","False","True","0","0","0","none","","","","","","","False","","Barbora/kutnohorsko/pogrom/hibernace/trackview/nataceni_panic_na_zidovske.xml"
"M42","pogrom","kutnohorsko","pogrom.trackview_enemiesBehindGate_load","trackview_enemiesBehindGate_load","pogrom","Exodus","False","False","True","0","0","0","none","","","","","","","False","","Barbora/kutnohorsko/pogrom/hibernace/trackview/nataceni_neprtiele_za_branou.xml"
"M42","pogrom","kutnohorsko","pogrom.trackview_enemiesBehindGate_start","trackview_enemiesBehindGate_start","pogrom","Exodus","False","False","True","0","0","0","none","","","","","","","False","","Barbora/kutnohorsko/pogrom/hibernace/trackview/nataceni_neprtiele_za_branou.xml"
"M42","pogrom","kutnohorsko","pogrom.trackview_enemiesBehindGate_stop","trackview_enemiesBehindGate_stop","pogrom","Exodus","False","False","True","0","0","0","none","","","","","","","False","","Barbora/kutnohorsko/pogrom/hibernace/trackview/nataceni_neprtiele_za_branou.xml"
"M42","pogrom","kutnohorsko","pogrom.trackview_enemiesInFightNearSynagogue_load","trackview_enemiesInFightNearSynagogue_load","pogrom","Exodus","False","False","True","0","0","0","none","","","","","","","False","","Barbora/kutnohorsko/pogrom/hibernace/trackview/nataceni_davu_v_combatu.xml"
"M42","pogrom","kutnohorsko","pogrom.trackview_enemiesInFightNearSynagogue_start","trackview_enemiesInFightNearSynagogue_start","pogrom","Exodus","False","False","True","0","0","0","none","","","","","","","False","","Barbora/kutnohorsko/pogrom/hibernace/trackview/nataceni_davu_v_combatu.xml"
"M42","pogrom","kutnohorsko","pogrom.trackview_enemiesInFightNearSynagogue_stop","trackview_enemiesInFightNearSynagogue_stop","pogrom","Exodus","False","False","True","0","0","0","none","","","","","","","False","","Barbora/kutnohorsko/pogrom/hibernace/trackview/nataceni_davu_v_combatu.xml"
"M42","pogrom","kutnohorsko","pogrom.02b_trialogInBar","02b_trialogInBar","pogrom","Exodus","False","False","True","0","0","0","none","","","","","","","False","","Barbora/kutnohorsko/pogrom/hibernace/prunik_do_kutne_hory/cisteni_salamouna/trialog_v_hospode.xml"
"M44a","zikmunduvTabor","kutnohorsko","zikmunduvTabor.debug_Done","debug_Done","zikmunduvtabor","The Lion's Den","False","False","True","0","0","0","none","","","","","","","False","","Barbora/kutnohorsko/zikmunduvTabor.xml"
"M44a","zikmunduvTabor","kutnohorsko","zikmunduvTabor.defectors_questItemDebug","defectors_questItemDebug","zikmunduvtabor","The Lion's Den","False","False","True","0","0","0","none","","","","","","","False","","Barbora/kutnohorsko/zikmunduvTabor.xml"
"M44a","zikmunduvTabor","kutnohorsko","zikmunduvTabor.handOutEvidence","handOutEvidence","zikmunduvtabor","The Lion's Den","False","False","True","0","0","0","none","","","","","","","False","","Barbora/kutnohorsko/zikmunduvTabor.xml"
"M44a","zikmunduvTabor","kutnohorsko","zikmunduvTabor._afterM42SamStreaming24hTimer","_afterM42SamStreaming24hTimer","zikmunduvtabor","The Lion's Den","False","True","False","1","0","0","none","","","","","","","False","","Barbora/kutnohorsko/zikmunduvTabor/hastes.xml"
"M44a","zikmunduvTabor","kutnohorsko","zikmunduvTabor._fakeSamsComback","_fakeSamsComback","zikmunduvtabor","The Lion's Den","False","True","False","1","0","0","none","","","","","","","False","","Barbora/kutnohorsko/zikmunduvTabor/hastes.xml"
"M44a","zikmunduvTabor","kutnohorsko","zikmunduvTabor.01_InitAndStart","01_InitAndStart","zikmunduvtabor","The Lion's Den","False","True","True","3","0","0","none","","","","","","","False","","Barbora/kutnohorsko/zikmunduvTabor/hastes.xml"
"M44a","zikmunduvTabor","kutnohorsko","zikmunduvTabor.02_makeMonsterPolylogueAvailable","02_makeMonsterPolylogueAvailable","zikmunduvtabor","The Lion's Den","False","True","False","0","2","2","none","","","","","","","False","","Barbora/kutnohorsko/zikmunduvTabor/hastes.xml"
"M44a","zikmunduvTabor","kutnohorsko","zikmunduvTabor.completelyAbandon","completelyAbandon","zikmunduvtabor","The Lion's Den","False","True","False","1","0","0","none","","","","","","","False","","Barbora/kutnohorsko/zikmunduvTabor/hastes.xml"
"M44a","zikmunduvTabor","kutnohorsko","zikmunduvTabor.defectors_spawnPotion","defectors_spawnPotion","zikmunduvtabor","The Lion's Den","False","False","True","0","0","0","none","","","","","","","False","","Barbora/kutnohorsko/zikmunduvTabor/hastes.xml"
"M44a","zikmunduvTabor","kutnohorsko","zikmunduvTabor.endPreviousQuest","endPreviousQuest","zikmunduvtabor","The Lion's Den","False","True","False","1","0","0","none","","","","","","","False","","Barbora/kutnohorsko/zikmunduvTabor/hastes.xml"
"M44a","zikmunduvTabor","kutnohorsko","zikmunduvTabor.endQuest","endQuest","zikmunduvtabor","The Lion's Den","False","True","True","12","0","0","none","","","","","","","False","","Barbora/kutnohorsko/zikmunduvTabor/hastes.xml"
"M44a","zikmunduvTabor","kutnohorsko","zikmunduvTabor.goto_Certovka","goto_Certovka","zikmunduvtabor","The Lion's Den","False","False","False","0","1","0","xyz","own","2904.81","2917.05","107.43","","","False","","Barbora/kutnohorsko/zikmunduvTabor/hastes.xml"
"M44a","zikmunduvTabor","kutnohorsko","zikmunduvTabor.goto_katerina","goto_katerina","zikmunduvtabor","The Lion's Den","False","False","False","0","1","0","ent","own","","","","ttro_katerina","","False","","Barbora/kutnohorsko/zikmunduvTabor/hastes.xml"
"M44a","zikmunduvTabor","kutnohorsko","zikmunduvTabor.goto_KaterinesTent","goto_KaterinesTent","zikmunduvtabor","The Lion's Den","False","False","False","0","1","0","none","","","","","","","False","","Barbora/kutnohorsko/zikmunduvTabor/hastes.xml"
"M44a","zikmunduvTabor","kutnohorsko","zikmunduvTabor.goto_SigismudCamp_CommandLevel","goto_SigismudCamp_CommandLevel","zikmunduvtabor","The Lion's Den","False","False","False","0","1","0","xyz","own","1617.63","2783.25","193.57","","","False","","Barbora/kutnohorsko/zikmunduvTabor/hastes.xml"
"M44a","zikmunduvTabor","kutnohorsko","zikmunduvTabor.goto_SigismudCamp_Entrance","goto_SigismudCamp_Entrance","zikmunduvtabor","The Lion's Den","False","False","False","0","1","0","xyz","own","1722.80","2848.82","174.14","","","False","","Barbora/kutnohorsko/zikmunduvTabor/hastes.xml"
"M44a","zikmunduvTabor","kutnohorsko","zikmunduvTabor.goto_zizka","goto_zizka","zikmunduvtabor","The Lion's Den","False","False","False","0","1","0","ent","own","","","","tneb_zizka","","False","","Barbora/kutnohorsko/zikmunduvTabor/hastes.xml"
"M44a","zikmunduvTabor","kutnohorsko","zikmunduvTabor.killOffEnenemies","killOffEnenemies","zikmunduvtabor","The Lion's Den","False","False","True","0","0","0","none","","","","","","","False","","Barbora/kutnohorsko/zikmunduvTabor/hastes.xml"
"M44a","zikmunduvTabor","kutnohorsko","zikmunduvTabor.prepareForStalker","prepareForStalker","zikmunduvtabor","The Lion's Den","False","True","False","0","1","1","none","","","","","","","False","","Barbora/kutnohorsko/zikmunduvTabor/hastes.xml"
"M44a","zikmunduvTabor","kutnohorsko","zikmunduvTabor.test_diceTabel","test_diceTabel","zikmunduvtabor","The Lion's Den","False","False","True","0","0","0","none","","","","","","","False","","Barbora/kutnohorsko/zikmunduvTabor/hastes.xml"
"M44a","zikmunduvTabor","kutnohorsko","zikmunduvTabor.closeHQ","closeHQ","zikmunduvtabor","The Lion's Den","False","False","True","0","0","0","none","","","","","","","False","","Barbora/kutnohorsko/zikmunduvTabor/bariera_kolem_hq.xml"
"M44a","zikmunduvTabor","kutnohorsko","zikmunduvTabor.openHQ","openHQ","zikmunduvtabor","The Lion's Den","False","False","True","0","0","0","none","","","","","","","False","","Barbora/kutnohorsko/zikmunduvTabor/bariera_kolem_hq.xml"
"M44a","zikmunduvTabor","kutnohorsko","zikmunduvTabor.skillteacher_musa_enable","skillteacher_musa_enable","zikmunduvtabor","The Lion's Den","False","False","True","0","0","0","none","","","","","","","False","","Barbora/kutnohorsko/zikmunduvTabor/skillteacher_musa.xml"
"M44a","zikmunduvTabor","kutnohorsko","zikmunduvTabor.roomRent_disable_safehouse","roomRent_disable_safehouse","zikmunduvtabor","The Lion's Den","False","False","True","0","0","0","none","","","","","","","False","","Barbora/kutnohorsko/zikmunduvTabor/safehouse_roomrenting.xml"
"M44a","zikmunduvTabor","kutnohorsko","zikmunduvTabor.roomRent_enable_safehouse","roomRent_enable_safehouse","zikmunduvtabor","The Lion's Den","False","False","True","0","0","0","none","","","","","","","False","","Barbora/kutnohorsko/zikmunduvTabor/safehouse_roomrenting.xml"
"M44a","zikmunduvTabor","kutnohorsko","zikmunduvTabor.05_dezerteri_start","05_dezerteri_start","zikmunduvtabor","The Lion's Den","False","False","True","0","0","0","none","","","","","","","False","","Barbora/kutnohorsko/zikmunduvTabor/hib/verbung_u_desatnika.xml"
"M44a","zikmunduvTabor","kutnohorsko","zikmunduvTabor.deserters_forceEnd","deserters_forceEnd","zikmunduvtabor","The Lion's Den","False","False","True","0","0","0","none","","","","","","","False","","Barbora/kutnohorsko/zikmunduvTabor/hib/musa_a_dezerteri.xml"
"M44a","zikmunduvTabor","kutnohorsko","zikmunduvTabor.deserters_getItem","deserters_getItem","zikmunduvtabor","The Lion's Den","False","False","True","0","0","0","none","","","","","","","False","","Barbora/kutnohorsko/zikmunduvTabor/hib/musa_a_dezerteri.xml"
"M44a","zikmunduvTabor","kutnohorsko","zikmunduvTabor.06_storyJump_murderCS","06_storyJump_murderCS","zikmunduvtabor","The Lion's Den","False","False","True","0","0","0","none","","","","","","","False","","Barbora/kutnohorsko/zikmunduvTabor/hib/chlastacka__vrazda.xml"
"M44a","zikmunduvTabor","kutnohorsko","zikmunduvTabor.DiceGame_start","DiceGame_start","zikmunduvtabor","The Lion's Den","False","False","True","0","0","0","none","","","","","","","False","","Barbora/kutnohorsko/zikmunduvTabor/hib/chlastacka__vrazda.xml"
"M44a","zikmunduvTabor","kutnohorsko","zikmunduvTabor.streamCherthanMurderGuards","streamCherthanMurderGuards","zikmunduvtabor","The Lion's Den","False","False","True","0","0","0","none","","","","","","","False","","Barbora/kutnohorsko/zikmunduvTabor/streaming/straze_pro_vysetrovani_brazdy.xml"
"M44a","zikmunduvTabor","kutnohorsko","zikmunduvTabor.tour_start","tour_start","zikmunduvtabor","The Lion's Den","False","False","True","0","0","0","none","","","","","","","False","","Barbora/kutnohorsko/zikmunduvTabor/prochazka_po_tabore_s_musou/prochazka.xml"
"M44a","zikmunduvTabor","kutnohorsko","zikmunduvTabor._fakeCompleteM38","_fakeCompleteM38","zikmunduvtabor","The Lion's Den","False","False","True","0","0","0","none","","","","","","","False","","Barbora/kutnohorsko/zikmunduvTabor/hib/zacatek_na_certovce/uvodni_dialog_se_zizkou.xml"
"M44a","zikmunduvTabor","kutnohorsko","zikmunduvTabor.03_skipMonsterPolylogue","03_skipMonsterPolylogue","zikmunduvtabor","The Lion's Den","False","True","True","1","0","0","none","","","","","","","False","","Barbora/kutnohorsko/zikmunduvTabor/hib/zacatek_na_certovce/uvodni_polylog_misto_cs.xml"
"M44a","zikmunduvTabor","kutnohorsko","zikmunduvTabor.04_skipKatherineDialogue","04_skipKatherineDialogue","zikmunduvtabor","The Lion's Den","False","False","True","0","0","0","none","","","","","","","False","","Barbora/kutnohorsko/zikmunduvTabor/hib/faze_katerina/katerina_a_lazne.xml"
"M44a","zikmunduvTabor","kutnohorsko","zikmunduvTabor.deserters_DialogWithMusaDone","deserters_DialogWithMusaDone","zikmunduvtabor","The Lion's Den","False","False","True","0","0","0","none","","","","","","","False","","Barbora/kutnohorsko/zikmunduvTabor/hib/musa_a_dezerteri/rozhovor_s_musou_a_leceni_.xml"
"M44a","zikmunduvTabor","kutnohorsko","zikmunduvTabor.deserters_findLocation","deserters_findLocation","zikmunduvtabor","The Lion's Den","False","False","True","0","0","0","none","","","","","","","False","","Barbora/kutnohorsko/zikmunduvTabor/hib/musa_a_dezerteri/hledani_dezerteru_.xml"
"M44a","zikmunduvTabor","kutnohorsko","zikmunduvTabor._debug_getGambeson","_debug_getGambeson","zikmunduvtabor","The Lion's Den","False","False","True","0","0","0","none","","","","","","","False","","Barbora/kutnohorsko/zikmunduvTabor/hib/musa_a_dezerteri/ditrich__hlaseni_dezerteru.xml"
"M44a","zikmunduvTabor","kutnohorsko","zikmunduvTabor.sitDitrichMusaInTent","sitDitrichMusaInTent","zikmunduvtabor","The Lion's Den","False","False","True","0","0","0","none","","","","","","","False","","Barbora/kutnohorsko/zikmunduvTabor/hib/chlastacka__vrazda/musa_s_ditrichem_jsou_ve_stanu.xml"
"M44a","zikmunduvTabor","kutnohorsko","zikmunduvTabor.07_StabbingEvidenceFound","07_StabbingEvidenceFound","zikmunduvtabor","The Lion's Den","False","False","True","0","0","0","none","","","","","","","False","","Barbora/kutnohorsko/zikmunduvTabor/hib/chlastacka__vrazda/vysetrovani_pobodani.xml"
"M44a","zikmunduvTabor","kutnohorsko","zikmunduvTabor.09_murder_getIncriminatingEvidence","09_murder_getIncriminatingEvidence","zikmunduvtabor","The Lion's Den","False","False","True","0","0","0","none","","","","","","","False","","Barbora/kutnohorsko/zikmunduvTabor/hib/vysetrovani/faze_2.xml"
"M44a","zikmunduvTabor","kutnohorsko","zikmunduvTabor.enableNoBoomCS","enableNoBoomCS","zikmunduvtabor","The Lion's Den","False","False","True","0","0","0","none","","","","","","","False","","Barbora/kutnohorsko/zikmunduvTabor/hib/odjezd_a_prepadeni/cin_m4430k_zikmundtabor__ambush_praguers.xml"
"M44a","zikmunduvTabor","kutnohorsko","zikmunduvTabor.11_skipToAmbush","11_skipToAmbush","zikmunduvtabor","The Lion's Den","False","True","True","1","0","0","none","","","","","","","False","","Barbora/kutnohorsko/zikmunduvTabor/hib/odjezd_a_prepadeni/odjezd.xml"
"M44a","zikmunduvTabor","kutnohorsko","zikmunduvTabor._ambush_KnockOutAllies","_ambush_KnockOutAllies","zikmunduvtabor","The Lion's Den","False","False","True","0","0","0","none","","","","","","","False","","Barbora/kutnohorsko/zikmunduvTabor/hib/odjezd_a_prepadeni/boj.xml"
"M44a","zikmunduvTabor","kutnohorsko","zikmunduvTabor.tour_musaInHospital","tour_musaInHospital","zikmunduvtabor","The Lion's Den","False","False","True","0","0","0","none","","","","","","","False","","Barbora/kutnohorsko/zikmunduvTabor/prochazka_po_tabore_s_musou/prochazka/jindra_zacina_prochazku.xml"
"M44a","zikmunduvTabor","kutnohorsko","zikmunduvTabor.deserters_MysekHealed","deserters_MysekHealed","zikmunduvtabor","The Lion's Den","False","False","True","0","0","0","none","","","","","","","False","","Barbora/kutnohorsko/zikmunduvTabor/hib/musa_a_dezerteri/rozhovor_s_musou_a_leceni_/leceni.xml"
"M44a","zikmunduvTabor","kutnohorsko","zikmunduvTabor.08_poisonIdentified","08_poisonIdentified","zikmunduvtabor","The Lion's Den","False","False","True","0","0","0","none","","","","","","","False","","Barbora/kutnohorsko/zikmunduvTabor/hib/vysetrovani/faze_1/poisonInfo.xml"
"M44a","zikmunduvTabor","kutnohorsko","zikmunduvTabor.10_startTrial","10_startTrial","zikmunduvtabor","The Lion's Den","False","False","True","0","0","0","none","","","","","","","False","","Barbora/kutnohorsko/zikmunduvTabor/hib/vysetrovani/faze_2/soud_s_musou.xml"
"M44a","zikmunduvTabor","kutnohorsko","zikmunduvTabor.MusaGuard_katherineDistraction","MusaGuard_katherineDistraction","zikmunduvtabor","The Lion's Den","False","False","True","0","0","0","none","","","","","","","False","","Barbora/kutnohorsko/zikmunduvTabor/hib/vysetrovani/faze_1/poisonInfo/odlakani_musovy_straze/katerina_odlakava_strazneho.xml"
"M44a","zikmunduvTabor","kutnohorsko","zikmunduvTabor.MusaGuard_startBathing","MusaGuard_startBathing","zikmunduvtabor","The Lion's Den","False","False","True","0","0","0","none","","","","","","","False","","Barbora/kutnohorsko/zikmunduvTabor/hib/vysetrovani/faze_1/poisonInfo/odlakani_musovy_straze/katerina_odlakava_strazneho.xml"
"M44b","utokNaMalesov","kutnohorsko","utokNaMalesov.burnMalesovDonjon","burnMalesovDonjon","utok_na_malesov","Dancing with the Devil","False","False","True","0","0","0","none","","","","","","","False","","Barbora/kutnohorsko/utokNaMalesov/haste.xml"
"M44b","utokNaMalesov","kutnohorsko","utokNaMalesov.debugStreamBergov","debugStreamBergov","utok_na_malesov","Dancing with the Devil","False","True","False","2","0","0","none","","","","","","","False","","Barbora/kutnohorsko/utokNaMalesov/haste.xml"
"M44b","utokNaMalesov","kutnohorsko","utokNaMalesov.init","init","utok_na_malesov","Dancing with the Devil","False","True","True","4","0","0","ent","chain","","","","utokNaMalesov_playerInitialCertovkaPosition","","True","","Barbora/kutnohorsko/utokNaMalesov/haste.xml"
"M44b","utokNaMalesov","kutnohorsko","utokNaMalesov.startCertovkaPolylog","startCertovkaPolylog","utok_na_malesov","Dancing with the Devil","False","True","False","2","1","1","none","","","","","","","False","","Barbora/kutnohorsko/utokNaMalesov/haste.xml"
"M44b","utokNaMalesov","kutnohorsko","utokNaMalesov.startProfiling","startProfiling","utok_na_malesov","Dancing with the Devil","False","False","True","0","0","0","none","","","","","","","False","","Barbora/kutnohorsko/utokNaMalesov/haste.xml"
"M44b","utokNaMalesov","kutnohorsko","utokNaMalesov.streamAllRelevantNPCs","streamAllRelevantNPCs","utok_na_malesov","Dancing with the Devil","False","False","False","0","0","0","none","","","","","","","False","Function:joinarrays11.Array","Barbora/kutnohorsko/utokNaMalesov/haste.xml"
"M44b","utokNaMalesov","kutnohorsko","utokNaMalesov.burnMalesovVillage","burnMalesovVillage","utok_na_malesov","Dancing with the Devil","False","True","False","2","0","0","none","","","","","","","False","","Barbora/kutnohorsko/utokNaMalesov/rekonstrukce.xml"
"M44b","utokNaMalesov","kutnohorsko","utokNaMalesov.conquerMalesovFortress","conquerMalesovFortress","utok_na_malesov","Dancing with the Devil","False","True","False","1","0","0","none","","","","","","","False","","Barbora/kutnohorsko/utokNaMalesov/rekonstrukce.xml"
"M44b","utokNaMalesov","kutnohorsko","utokNaMalesov.endPreviousQuest","endPreviousQuest","utok_na_malesov","Dancing with the Devil","False","True","False","1","0","0","none","","","","","","","False","","Barbora/kutnohorsko/utokNaMalesov/rekonstrukce.xml"
"M44b","utokNaMalesov","kutnohorsko","utokNaMalesov.endQuest","endQuest","utok_na_malesov","Dancing with the Devil","False","True","True","24","0","0","none","","","","","","","False","","Barbora/kutnohorsko/utokNaMalesov/rekonstrukce.xml"
"M44b","utokNaMalesov","kutnohorsko","utokNaMalesov.restoreMalesovFortress","restoreMalesovFortress","utok_na_malesov","Dancing with the Devil","False","True","False","1","0","0","none","","","","","","","False","","Barbora/kutnohorsko/utokNaMalesov/rekonstrukce.xml"
"M44b","utokNaMalesov","kutnohorsko","utokNaMalesov.restoreMalesovVillage","restoreMalesovVillage","utok_na_malesov","Dancing with the Devil","False","True","False","1","0","0","none","","","","","","","False","","Barbora/kutnohorsko/utokNaMalesov/rekonstrukce.xml"
"M44b","utokNaMalesov","kutnohorsko","utokNaMalesov.teleportBeforeEndPreviousQuest","teleportBeforeEndPreviousQuest","utok_na_malesov","Dancing with the Devil","False","False","False","0","1","0","ent","own","","","","utokNaMalesov_playerInitialCertovkaPosition","","False","","Barbora/kutnohorsko/utokNaMalesov/rekonstrukce.xml"
"M44b","utokNaMalesov","kutnohorsko","utokNaMalesov.teleportRelevantNPCs","teleportRelevantNPCs","utok_na_malesov","Dancing with the Devil","False","False","True","0","0","0","none","","","","","","","False","","Barbora/kutnohorsko/utokNaMalesov/rekonstrukce.xml"
"M44b","utokNaMalesov","kutnohorsko","utokNaMalesov.teleportZizka","teleportZizka","utok_na_malesov","Dancing with the Devil","False","False","True","0","0","0","none","","","","","","","False","","Barbora/kutnohorsko/utokNaMalesov/rekonstrukce.xml"
"M44b","utokNaMalesov","kutnohorsko","utokNaMalesov.recordMalesovTowerShooters","recordMalesovTowerShooters","utok_na_malesov","Dancing with the Devil","False","False","True","0","0","0","none","","","","","","","False","","Barbora/kutnohorsko/utokNaMalesov/nahravani.xml"
"M44b","utokNaMalesov","kutnohorsko","utokNaMalesov.recordOuterCourtyardBurnedVillageReinforcementShooters","recordOuterCourtyardBurnedVillageReinforcementShooters","utok_na_malesov","Dancing with the Devil","False","False","True","0","0","0","none","","","","","","","False","","Barbora/kutnohorsko/utokNaMalesov/nahravani.xml"
"M44b","utokNaMalesov","kutnohorsko","utokNaMalesov.recordOuterCourtyardReinforcementShooters","recordOuterCourtyardReinforcementShooters","utok_na_malesov","Dancing with the Devil","False","False","True","0","0","0","none","","","","","","","False","","Barbora/kutnohorsko/utokNaMalesov/nahravani.xml"
"M44b","utokNaMalesov","kutnohorsko","utokNaMalesov.setupRecording","setupRecording","utok_na_malesov","Dancing with the Devil","False","True","False","3","0","0","none","","","","","","","False","","Barbora/kutnohorsko/utokNaMalesov/nahravani.xml"
"M44b","utokNaMalesov","kutnohorsko","utokNaMalesov.startMalesovTowerShootersBehavior","startMalesovTowerShootersBehavior","utok_na_malesov","Dancing with the Devil","False","False","True","0","0","0","none","","","","","","","False","","Barbora/kutnohorsko/utokNaMalesov/nahravani.xml"
"M44b","utokNaMalesov","kutnohorsko","utokNaMalesov.startOuterCourtyardBurnedVillageReinforcementShootersBehavior","startOuterCourtyardBurnedVillageReinforcementShootersBehavior","utok_na_malesov","Dancing with the Devil","False","False","True","0","0","0","none","","","","","","","False","","Barbora/kutnohorsko/utokNaMalesov/nahravani.xml"
"M44b","utokNaMalesov","kutnohorsko","utokNaMalesov.startOuterCourtyardReinforcementShootersBehavior","startOuterCourtyardReinforcementShootersBehavior","utok_na_malesov","Dancing with the Devil","False","False","True","0","0","0","none","","","","","","","False","","Barbora/kutnohorsko/utokNaMalesov/nahravani.xml"
"M44b","utokNaMalesov","kutnohorsko","utokNaMalesov.stealthPolylogKamery.withoutVillageAttack","withoutVillageAttack","utok_na_malesov","Dancing with the Devil","True","False","True","0","0","0","none","","","","","","","False","","Barbora/kutnohorsko/utokNaMalesov/stealthPolylogKamery.xml"
"M44b","utokNaMalesov","kutnohorsko","utokNaMalesov.stealthPolylogKamery.withVillageAttack","withVillageAttack","utok_na_malesov","Dancing with the Devil","True","False","True","0","0","0","none","","","","","","","False","","Barbora/kutnohorsko/utokNaMalesov/stealthPolylogKamery.xml"
"M44b","utokNaMalesov","kutnohorsko","utokNaMalesov.streamOuterCourtyardCrew","streamOuterCourtyardCrew","utok_na_malesov","Dancing with the Devil","False","False","True","0","0","0","none","","","","","","","False","","Barbora/kutnohorsko/utokNaMalesov/nehibernovana_cast/posadka_na_vnejsim_nadvori.xml"
"M44b","utokNaMalesov","kutnohorsko","utokNaMalesov.streamInnerCourtyardCrew","streamInnerCourtyardCrew","utok_na_malesov","Dancing with the Devil","False","False","True","0","0","0","none","","","","","","","False","","Barbora/kutnohorsko/utokNaMalesov/nehibernovana_cast/posadka_na_vnitrnim_nadvori.xml"
"M44b","utokNaMalesov","kutnohorsko","utokNaMalesov.certovkaSetup","certovkaSetup","utok_na_malesov","Dancing with the Devil","False","False","True","0","0","0","none","","","","","","","False","","Barbora/kutnohorsko/utokNaMalesov/hibernovana_cast/certovka/haste.xml"
"M44b","utokNaMalesov","kutnohorsko","utokNaMalesov.travelToMalesov","travelToMalesov","utok_na_malesov","Dancing with the Devil","False","False","True","0","2","0","none","","","","","","","False","","Barbora/kutnohorsko/utokNaMalesov/hibernovana_cast/certovka/haste.xml"
"M44b","utokNaMalesov","kutnohorsko","utokNaMalesov.startCertovkaPolylogAndBehaviors","startCertovkaPolylogAndBehaviors","utok_na_malesov","Dancing with the Devil","False","False","True","0","1","0","none","","","","","","","False","","Barbora/kutnohorsko/utokNaMalesov/hibernovana_cast/certovka/chovani_v_polylog_haste.xml"
"M44b","utokNaMalesov","kutnohorsko","utokNaMalesov.killAllVillageReinforcements","killAllVillageReinforcements","utok_na_malesov","Dancing with the Devil","False","False","True","0","0","0","none","","","","","","","False","","Barbora/kutnohorsko/utokNaMalesov/hibernovana_cast/krvava_noc_v_malesove/protiutok_a_prepad_ve_vesnici.xml"
"M44b","utokNaMalesov","kutnohorsko","utokNaMalesov.conquerVillage","conquerVillage","utok_na_malesov","Dancing with the Devil","False","True","True","0","1","1","none","","","","","","","False","","Barbora/kutnohorsko/utokNaMalesov/hibernovana_cast/krvava_noc_v_malesove/haste.xml"
"M44b","utokNaMalesov","kutnohorsko","utokNaMalesov.forceZizkaVillageConqueredDialog","forceZizkaVillageConqueredDialog","utok_na_malesov","Dancing with the Devil","False","False","True","0","0","0","none","","","","","","","False","","Barbora/kutnohorsko/utokNaMalesov/hibernovana_cast/krvava_noc_v_malesove/pred_prepadem/zizka_pred_prepadem.xml"
"M44b","utokNaMalesov","kutnohorsko","utokNaMalesov.killAllInnerCourtyardDefenders","killAllInnerCourtyardDefenders","utok_na_malesov","Dancing with the Devil","False","False","True","0","0","0","none","","","","","","","False","","Barbora/kutnohorsko/utokNaMalesov/hibernovana_cast/tvrz/finalni_boj_o_hrad/boj_na_vnitrnim_nadvori/haste.xml"
"M44b","utokNaMalesov","kutnohorsko","utokNaMalesov.teleportZizkabandToInnerCourtyard","teleportZizkabandToInnerCourtyard","utok_na_malesov","Dancing with the Devil","False","False","True","0","0","0","none","","","","","","","False","","Barbora/kutnohorsko/utokNaMalesov/hibernovana_cast/tvrz/finalni_boj_o_hrad/boj_na_vnitrnim_nadvori/haste.xml"
"M44b","utokNaMalesov","kutnohorsko","utokNaMalesov.shootCannon","shootCannon","utok_na_malesov","Dancing with the Devil","False","False","True","0","0","0","none","","","","","","","False","","Barbora/kutnohorsko/utokNaMalesov/hibernovana_cast/tvrz/vnejsek/intermezzo_na_predhradi/vystrel_z_dela.xml"
"M44b","utokNaMalesov","kutnohorsko","utokNaMalesov.killAllOuterCourtyardDefenders","killAllOuterCourtyardDefenders","utok_na_malesov","Dancing with the Devil","False","False","True","0","0","0","none","","","","","","","False","","Barbora/kutnohorsko/utokNaMalesov/hibernovana_cast/tvrz/vnejsek/bitva/haste.xml"
"M45","papezskyLegat","kutnohorsko","papezskyLegat.questDone","questDone","papezskylegat","Oratores","False","False","True","0","0","0","none","","","","","","","False","","Barbora/kutnohorsko/papezskyLegat.xml"
"M45","papezskyLegat","kutnohorsko","papezskyLegat.skipToRuthardkaWindow","skipToRuthardkaWindow","papezskylegat","Oratores","False","False","True","0","1","0","xyz","own","2978.56","672.12","48.52","","","False","","Barbora/kutnohorsko/papezskyLegat/dobyvani_ruthardky.xml"
"M45","papezskyLegat","kutnohorsko","papezskyLegat.skipToUndeground_startTour","skipToUndeground_startTour","papezskylegat","Oratores","False","False","True","0","0","0","none","","","","","","","False","","Barbora/kutnohorsko/papezskyLegat/pruzkum_sklepeni.xml"
"M45","papezskyLegat","kutnohorsko","papezskyLegat._initAndStart","_initAndStart","papezskylegat","Oratores","False","True","True","7","0","0","xyz","chain","800.31","3334.47","142.61","","","True","","Barbora/kutnohorsko/papezskyLegat/haste.xml"
"M45","papezskyLegat","kutnohorsko","papezskyLegat.endPreviousQuest","endPreviousQuest","papezskylegat","Oratores","False","True","False","1","0","0","none","","","","","","","False","","Barbora/kutnohorsko/papezskyLegat/haste.xml"
"M45","papezskyLegat","kutnohorsko","papezskyLegat.endQuest","endQuest","papezskylegat","Oratores","False","True","True","9","0","0","none","","","","","","","False","","Barbora/kutnohorsko/papezskyLegat/haste.xml"
"M45","papezskyLegat","kutnohorsko","papezskyLegat.ruthardkaReclaimed","ruthardkaReclaimed","papezskylegat","Oratores","False","True","True","1","0","0","none","","","","","","","False","","Barbora/kutnohorsko/papezskyLegat/haste.xml"
"M45","papezskyLegat","kutnohorsko","papezskyLegat.skipToChase","skipToChase","papezskylegat","Oratores","False","True","True","1","1","0","xyz","own","3439.31","992.24","51.44","","","True","","Barbora/kutnohorsko/papezskyLegat/haste.xml"
"M45","papezskyLegat","kutnohorsko","papezskyLegat.skipToEpilogDebug","skipToEpilogDebug","papezskylegat","Oratores","False","False","True","0","0","0","none","","","","","","","False","","Barbora/kutnohorsko/papezskyLegat/haste.xml"
"M45","papezskyLegat","kutnohorsko","papezskyLegat.skipToKey","skipToKey","papezskylegat","Oratores","False","False","True","0","1","0","xyz","own","2976.72","681.69","57.47","","","False","","Barbora/kutnohorsko/papezskyLegat/haste.xml"
"M45","papezskyLegat","kutnohorsko","papezskyLegat.skipToRuthardka","skipToRuthardka","papezskylegat","Oratores","False","False","True","0","1","0","xyz","own","2863.14","696.42","40.06","","","False","","Barbora/kutnohorsko/papezskyLegat/haste.xml"
"M45","papezskyLegat","kutnohorsko","papezskyLegat.skipToUndeground","skipToUndeground","papezskylegat","Oratores","False","False","True","0","1","0","xyz","own","2976.72","681.69","57.47","","","False","","Barbora/kutnohorsko/papezskyLegat/haste.xml"
"M45","papezskyLegat","kutnohorsko","papezskyLegat.teleportBeforeEndPreviousQuest","teleportBeforeEndPreviousQuest","papezskylegat","Oratores","False","False","False","0","1","0","xyz","own","800.31","3334.47","142.61","","","False","","Barbora/kutnohorsko/papezskyLegat/haste.xml"
"M45","papezskyLegat","kutnohorsko","papezskyLegat.teleportNPCtoRuthardka","teleportNPCtoRuthardka","papezskylegat","Oratores","False","False","True","0","0","0","none","","","","","","","False","","Barbora/kutnohorsko/papezskyLegat/haste.xml"
"M45","papezskyLegat","kutnohorsko","papezskyLegat.teleportToSuchdol","teleportToSuchdol","papezskylegat","Oratores","False","False","True","0","0","0","none","","","","","","","False","","Barbora/kutnohorsko/papezskyLegat/haste.xml"
"M45","papezskyLegat","kutnohorsko","papezskyLegat.prequest_buresKilledAndLied","prequest_buresKilledAndLied","papezskylegat","Oratores","False","False","True","0","0","0","none","","","","","","","False","","Barbora/kutnohorsko/papezskyLegat/haste_prequest_state.xml"
"M45","papezskyLegat","kutnohorsko","papezskyLegat.prequest_coopWithCorporal","prequest_coopWithCorporal","papezskylegat","Oratores","False","False","True","0","0","0","none","","","","","","","False","","Barbora/kutnohorsko/papezskyLegat/haste_prequest_state.xml"
"M45","papezskyLegat","kutnohorsko","papezskyLegat.prequest_duelWithCertLost","prequest_duelWithCertLost","papezskylegat","Oratores","False","False","True","0","0","0","none","","","","","","","False","","Barbora/kutnohorsko/papezskyLegat/haste_prequest_state.xml"
"M45","papezskyLegat","kutnohorsko","papezskyLegat.prequest_duelWithCertWon","prequest_duelWithCertWon","papezskylegat","Oratores","False","False","True","0","0","0","none","","","","","","","False","","Barbora/kutnohorsko/papezskyLegat/haste_prequest_state.xml"
"M45","papezskyLegat","kutnohorsko","papezskyLegat.prequest_mintBusted","prequest_mintBusted","papezskylegat","Oratores","False","False","True","0","0","0","none","","","","","","","False","","Barbora/kutnohorsko/papezskyLegat/haste_prequest_state.xml"
"M45","papezskyLegat","kutnohorsko","papezskyLegat.prequest_villageIsBurned","prequest_villageIsBurned","papezskylegat","Oratores","False","False","True","0","0","0","none","","","","","","","False","","Barbora/kutnohorsko/papezskyLegat/haste_prequest_state.xml"
"M45","papezskyLegat","kutnohorsko","papezskyLegat.prequest_wantedBurnDonjon","prequest_wantedBurnDonjon","papezskylegat","Oratores","False","False","True","0","0","0","none","","","","","","","False","","Barbora/kutnohorsko/papezskyLegat/haste_prequest_state.xml"
"M45","papezskyLegat","kutnohorsko","papezskyLegat.afterOctalog","afterOctalog","papezskylegat","Oratores","False","False","True","0","0","0","none","","","","","","","False","","Barbora/kutnohorsko/papezskyLegat/suchdol/rada_a_vyslech_bergova.xml"
"M45","papezskyLegat","kutnohorsko","papezskyLegat.startOctalog","startOctalog","papezskylegat","Oratores","False","False","True","0","0","0","none","","","","","","","False","","Barbora/kutnohorsko/papezskyLegat/suchdol/rada_a_vyslech_bergova.xml"
"M45","papezskyLegat","kutnohorsko","papezskyLegat.killAllVagabonds","killAllVagabonds","papezskylegat","Oratores","False","False","True","0","0","0","none","","","","","","","False","","Barbora/kutnohorsko/papezskyLegat/dobyvani_ruthardky/zbavovani_se_pobudu.xml"
"M45","papezskyLegat","kutnohorsko","papezskyLegat.skipToKey_spokeWithZizka","skipToKey_spokeWithZizka","papezskylegat","Oratores","False","False","True","0","0","0","none","","","","","","","False","","Barbora/kutnohorsko/papezskyLegat/vavakuv_klic/rano_na_ruthardce.xml"
"M45","papezskyLegat","kutnohorsko","papezskyLegat.skipToKey_unpauseTime","skipToKey_unpauseTime","papezskylegat","Oratores","False","False","True","0","0","0","none","","","","","","","False","","Barbora/kutnohorsko/papezskyLegat/vavakuv_klic/rano_na_ruthardce.xml"
"M46","prepadeniVlasskehoDvora","kutnohorsko","prepadeniVlasskehoDvora.stream_vstup","stream_vstup","prepadenivlasskehod","The Italian Job","False","False","True","0","0","0","none","","","","","","","False","","Barbora/kutnohorsko/prepadeniVlasskehoDvora.xml"
"M46","prepadeniVlasskehoDvora","kutnohorsko","prepadeniVlasskehoDvora.bitva_10_start","bitva_10_start","prepadenivlasskehod","The Italian Job","False","True","True","1","0","0","none","","","","","","","False","","Barbora/kutnohorsko/prepadeniVlasskehoDvora/h.xml"
"M46","prepadeniVlasskehoDvora","kutnohorsko","prepadeniVlasskehoDvora._init","_init","prepadenivlasskehod","The Italian Job","False","True","True","1","1","0","none","","","","","","","False","","Barbora/kutnohorsko/prepadeniVlasskehoDvora/hastes.xml"
"M46","prepadeniVlasskehoDvora","kutnohorsko","prepadeniVlasskehoDvora.endPreviousQuest","endPreviousQuest","prepadenivlasskehod","The Italian Job","False","True","False","1","0","0","none","","","","","","","False","","Barbora/kutnohorsko/prepadeniVlasskehoDvora/hastes.xml"
"M46","prepadeniVlasskehoDvora","kutnohorsko","prepadeniVlasskehoDvora.endQuest","endQuest","prepadenivlasskehod","The Italian Job","False","True","False","6","0","0","none","","","","","","","False","","Barbora/kutnohorsko/prepadeniVlasskehoDvora/hastes.xml"
"M46","prepadeniVlasskehoDvora","kutnohorsko","prepadeniVlasskehoDvora.killBohutaBrother","killBohutaBrother","prepadenivlasskehod","The Italian Job","False","True","True","1","0","0","none","","","","","","","False","","Barbora/kutnohorsko/prepadeniVlasskehoDvora/hastes.xml"
"M46","prepadeniVlasskehoDvora","kutnohorsko","prepadeniVlasskehoDvora.setQuestProgressActive","setQuestProgressActive","prepadenivlasskehod","The Italian Job","False","False","True","0","0","0","none","","","","","","","False","","Barbora/kutnohorsko/prepadeniVlasskehoDvora/hastes.xml"
"M46","prepadeniVlasskehoDvora","kutnohorsko","prepadeniVlasskehoDvora.zzz_henry_caught_CS","zzz_henry_caught_CS","prepadenivlasskehod","The Italian Job","False","True","True","6","0","0","none","","","","","","","False","","Barbora/kutnohorsko/prepadeniVlasskehoDvora/hastes.xml"
"M46","prepadeniVlasskehoDvora","kutnohorsko","prepadeniVlasskehoDvora.zzz_wagon_chase_CS","zzz_wagon_chase_CS","prepadenivlasskehod","The Italian Job","False","True","True","6","0","0","none","","","","","","","False","","Barbora/kutnohorsko/prepadeniVlasskehoDvora/hastes.xml"
"M46","prepadeniVlasskehoDvora","kutnohorsko","prepadeniVlasskehoDvora.courtyard","courtyard","prepadenivlasskehod","The Italian Job","False","True","True","0","3","3","none","","","","","","","False","","Barbora/kutnohorsko/prepadeniVlasskehoDvora/h/bohuta__cesta_do_vlasskeho_dvora.xml"
"M46","prepadeniVlasskehoDvora","kutnohorsko","prepadeniVlasskehoDvora.init_end2","init_end2","prepadenivlasskehod","The Italian Job","False","False","True","0","0","0","none","","","","","","","False","","Barbora/kutnohorsko/prepadeniVlasskehoDvora/h/bohuta__cesta_do_vlasskeho_dvora.xml"
"M46","prepadeniVlasskehoDvora","kutnohorsko","prepadeniVlasskehoDvora.courtHall_cutscene","courtHall_cutscene","prepadenivlasskehod","The Italian Job","False","False","True","0","0","0","none","","","","","","","False","","Barbora/kutnohorsko/prepadeniVlasskehoDvora/h/bohuta__cirkevni_rada.xml"
"M46","prepadeniVlasskehoDvora","kutnohorsko","prepadeniVlasskehoDvora.courtHall_finalVerdict","courtHall_finalVerdict","prepadenivlasskehod","The Italian Job","False","False","True","0","0","0","none","","","","","","","False","","Barbora/kutnohorsko/prepadeniVlasskehoDvora/h/bohuta__cirkevni_rada.xml"
"M46","prepadeniVlasskehoDvora","kutnohorsko","prepadeniVlasskehoDvora.turnOffBohutaSetting","turnOffBohutaSetting","prepadenivlasskehod","The Italian Job","False","False","True","0","0","0","none","","","","","","","False","","Barbora/kutnohorsko/prepadeniVlasskehoDvora/h/bohuta_nastaveni.xml"
"M46","prepadeniVlasskehoDvora","kutnohorsko","prepadeniVlasskehoDvora.stealth","stealth","prepadenivlasskehod","The Italian Job","False","True","True","0","2","2","none","","","","","","","False","","Barbora/kutnohorsko/prepadeniVlasskehoDvora/h/stealth.xml"
"M46","prepadeniVlasskehoDvora","kutnohorsko","prepadeniVlasskehoDvora.metro_init","metro_init","prepadenivlasskehod","The Italian Job","False","False","True","0","0","0","none","","","","","","","False","","Barbora/kutnohorsko/prepadeniVlasskehoDvora/h/jindra__kryptou_do_ruthardky.xml"
"M46","prepadeniVlasskehoDvora","kutnohorsko","prepadeniVlasskehoDvora.ruthardka_cutscene","ruthardka_cutscene","prepadenivlasskehod","The Italian Job","False","True","True","1","0","0","none","","","","","","","False","","Barbora/kutnohorsko/prepadeniVlasskehoDvora/h/jindra__skirmish_v_ruthardce.xml"
"M46","prepadeniVlasskehoDvora","kutnohorsko","prepadeniVlasskehoDvora.hastetrigger1","hastetrigger1","prepadenivlasskehod","The Italian Job","False","False","False","0","0","0","none","","","","","","","False","","Barbora/kutnohorsko/prepadeniVlasskehoDvora/h/streaming__npcs.xml"
"M46","prepadeniVlasskehoDvora","kutnohorsko","prepadeniVlasskehoDvora.unstreamCourtyardGuards","unstreamCourtyardGuards","prepadenivlasskehod","The Italian Job","False","False","True","0","0","0","none","","","","","","","False","","Barbora/kutnohorsko/prepadeniVlasskehoDvora/h/streaming__guards.xml"
"M46","prepadeniVlasskehoDvora","kutnohorsko","prepadeniVlasskehoDvora.switchPlayer_bohuta","switchPlayer_bohuta","prepadenivlasskehod","The Italian Job","False","False","True","0","0","0","none","","","","","","","False","","Barbora/kutnohorsko/prepadeniVlasskehoDvora/h/bohuta__cesta_do_vlasskeho_dvora/cutscena_a_prepnuti_hrace.xml"
"M46","prepadeniVlasskehoDvora","kutnohorsko","prepadeniVlasskehoDvora.courtyard_end","courtyard_end","prepadenivlasskehod","The Italian Job","False","False","True","0","0","0","none","","","","","","","False","","Barbora/kutnohorsko/prepadeniVlasskehoDvora/h/bohuta__vlassky_dvur/tour_a_chaty.xml"
"M46","prepadeniVlasskehoDvora","kutnohorsko","prepadeniVlasskehoDvora.useNighhawk","useNighhawk","prepadenivlasskehod","The Italian Job","False","False","True","0","0","0","none","","","","","","","False","","Barbora/kutnohorsko/prepadeniVlasskehoDvora/h/stealth/jindra__stealth_ve_vlasskem_dvore.xml"
"M46","prepadeniVlasskehoDvora","kutnohorsko","prepadeniVlasskehoDvora.kuchyne","kuchyne","prepadenivlasskehod","The Italian Job","False","False","True","0","0","0","none","","","","","","","False","","Barbora/kutnohorsko/prepadeniVlasskehoDvora/h/stealth/jindra__zachrana_komara.xml"
"M46","prepadeniVlasskehoDvora","kutnohorsko","prepadeniVlasskehoDvora._openWorld_init","_openWorld_init","prepadenivlasskehod","The Italian Job","False","True","True","3","0","0","none","","","","","","","False","","Barbora/kutnohorsko/prepadeniVlasskehoDvora/h/jindra__vlassky_dvur_ow/uvodni_polylog_a_priprava.xml"
"M46","prepadeniVlasskehoDvora","kutnohorsko","prepadeniVlasskehoDvora.ow_casPocasi","ow_casPocasi","prepadenivlasskehod","The Italian Job","False","False","True","0","0","0","none","","","","","","","False","","Barbora/kutnohorsko/prepadeniVlasskehoDvora/h/jindra__vlassky_dvur_ow/uvodni_polylog_a_priprava.xml"
"M46","prepadeniVlasskehoDvora","kutnohorsko","prepadeniVlasskehoDvora.bitva_11_predhradi","bitva_11_predhradi","prepadenivlasskehod","The Italian Job","False","False","True","0","0","0","none","","","","","","","False","","Barbora/kutnohorsko/prepadeniVlasskehoDvora/h/jindra__obrana_vlasskeho_dvora/boj_na_hradbach_vd.xml"
"M46","prepadeniVlasskehoDvora","kutnohorsko","prepadeniVlasskehoDvora.init_end","init_end","prepadenivlasskehod","The Italian Job","False","False","True","0","0","0","none","","","","","","","False","","Barbora/kutnohorsko/prepadeniVlasskehoDvora/h/bohuta__cesta_do_vlasskeho_dvora/cesta__hibernace/tour_a_dialog_s_jeronymem.xml"
"M46","prepadeniVlasskehoDvora","kutnohorsko","prepadeniVlasskehoDvora.courtHall_bohutaDrunk","courtHall_bohutaDrunk","prepadenivlasskehod","The Italian Job","False","False","True","0","0","0","none","","","","","","","False","","Barbora/kutnohorsko/prepadeniVlasskehoDvora/h/bohuta__cirkevni_rada/kuloary_cirkevni_rady/opilost_bohuty.xml"
"M46","prepadeniVlasskehoDvora","kutnohorsko","prepadeniVlasskehoDvora.courtHall_bohutaSerious","courtHall_bohutaSerious","prepadenivlasskehod","The Italian Job","False","False","True","0","0","0","none","","","","","","","False","","Barbora/kutnohorsko/prepadeniVlasskehoDvora/h/bohuta__cirkevni_rada/kuloary_cirkevni_rady/opilost_bohuty.xml"
"M46","prepadeniVlasskehoDvora","kutnohorsko","prepadeniVlasskehoDvora.courtHall_bohutaSober","courtHall_bohutaSober","prepadenivlasskehod","The Italian Job","False","False","True","0","0","0","none","","","","","","","False","","Barbora/kutnohorsko/prepadeniVlasskehoDvora/h/bohuta__cirkevni_rada/kuloary_cirkevni_rady/opilost_bohuty.xml"
"M46","prepadeniVlasskehoDvora","kutnohorsko","prepadeniVlasskehoDvora.courtHall_decreaseAlcohol","courtHall_decreaseAlcohol","prepadenivlasskehod","The Italian Job","False","False","True","0","0","0","none","","","","","","","False","","Barbora/kutnohorsko/prepadeniVlasskehoDvora/h/bohuta__cirkevni_rada/kuloary_cirkevni_rady/opilost_bohuty.xml"
"M46","prepadeniVlasskehoDvora","kutnohorsko","prepadeniVlasskehoDvora.courtHall_drinkWine","courtHall_drinkWine","prepadenivlasskehod","The Italian Job","False","False","True","0","0","0","none","","","","","","","False","","Barbora/kutnohorsko/prepadeniVlasskehoDvora/h/bohuta__cirkevni_rada/kuloary_cirkevni_rady/opilost_bohuty.xml"
"M46","prepadeniVlasskehoDvora","kutnohorsko","prepadeniVlasskehoDvora.courtHall_increaseSuspicion","courtHall_increaseSuspicion","prepadenivlasskehod","The Italian Job","False","False","True","0","0","0","none","","","","","","","False","","Barbora/kutnohorsko/prepadeniVlasskehoDvora/h/bohuta__cirkevni_rada/kuloary_cirkevni_rady/kontrola_podezreni.xml"
"M46","prepadeniVlasskehoDvora","kutnohorsko","prepadeniVlasskehoDvora.courtHall_addSpecialFood","courtHall_addSpecialFood","prepadenivlasskehod","The Italian Job","False","False","True","0","0","0","none","","","","","","","False","","Barbora/kutnohorsko/prepadeniVlasskehoDvora/h/bohuta__cirkevni_rada/kuloary_cirkevni_rady/specialni_jidlo.xml"
"M46","prepadeniVlasskehoDvora","kutnohorsko","prepadeniVlasskehoDvora.killAllGuards","killAllGuards","prepadenivlasskehod","The Italian Job","False","False","True","0","0","0","none","","","","","","","False","","Barbora/kutnohorsko/prepadeniVlasskehoDvora/h/stealth/jindra__stealth_ve_vlasskem_dvore/straze_na_hradbach.xml"
"M46","prepadeniVlasskehoDvora","kutnohorsko","prepadeniVlasskehoDvora.killWallGuards","killWallGuards","prepadenivlasskehod","The Italian Job","False","False","True","0","0","0","none","","","","","","","False","","Barbora/kutnohorsko/prepadeniVlasskehoDvora/h/stealth/jindra__stealth_ve_vlasskem_dvore/straze_na_hradbach.xml"
"M46","prepadeniVlasskehoDvora","kutnohorsko","prepadeniVlasskehoDvora.cutscene_rescueLords","cutscene_rescueLords","prepadenivlasskehod","The Italian Job","False","True","True","1","0","0","none","","","","","","","False","","Barbora/kutnohorsko/prepadeniVlasskehoDvora/h/jindra__vlassky_dvur_ow/osvobozeni_panu/cin_m4630k_prepadenidvora__rescue_lords.xml"
"M46","prepadeniVlasskehoDvora","kutnohorsko","prepadeniVlasskehoDvora.lessProtectionGuards","lessProtectionGuards","prepadenivlasskehod","The Italian Job","False","False","True","0","0","0","none","","","","","","","False","","Barbora/kutnohorsko/prepadeniVlasskehoDvora/h/stealth/jindra__stealth_ve_vlasskem_dvore/prepnuti_hrace_a_priprava_npc/vybriani_spravne_kombinace_straznych.xml"
"M46","prepadeniVlasskehoDvora","kutnohorsko","prepadeniVlasskehoDvora.moreProtectionGuards","moreProtectionGuards","prepadenivlasskehod","The Italian Job","False","False","True","0","0","0","none","","","","","","","False","","Barbora/kutnohorsko/prepadeniVlasskehoDvora/h/stealth/jindra__stealth_ve_vlasskem_dvore/prepnuti_hrace_a_priprava_npc/vybriani_spravne_kombinace_straznych.xml"
"M47","erik","kutnohorsko","erik.00_erik_init","00_erik_init","erik","Civitas Pragensis","False","True","True","4","0","0","ent","chain","","","","erik_nocNaHradbach_player","","True","Switch:switch3.Value1","Barbora/kutnohorsko/erik.xml"
"M47","erik","kutnohorsko","erik.01_erik_startAndInit","01_erik_startAndInit","erik","Civitas Pragensis","False","True","True","4","0","0","ent","chain","","","","erik_nocNaHradbach_player","","True","Switch:switch3.Value1","Barbora/kutnohorsko/erik.xml"
"M47","erik","kutnohorsko","erik.endPreviousQuest","endPreviousQuest","erik","Civitas Pragensis","False","True","False","1","0","0","none","","","","","","","False","","Barbora/kutnohorsko/erik.xml"
"M47","erik","kutnohorsko","erik.endQuest","endQuest","erik","Civitas Pragensis","False","True","True","13","0","0","none","","","","","","","False","","Barbora/kutnohorsko/erik.xml"
"M47","erik","kutnohorsko","erik.erik_hiddenTrigger","erik_hiddenTrigger","erik","Civitas Pragensis","False","False","False","0","1","0","ent","own","","","","erik_nocNaHradbach_player","","False","","Barbora/kutnohorsko/erik.xml"
"M47","erik","kutnohorsko","erik.50_record_cavalryGroup2","50_record_cavalryGroup2","erik","Civitas Pragensis","False","False","True","0","0","0","none","","","","","","","False","","Barbora/kutnohorsko/erik/divadlo_v_pozad.xml"
"M47","erik","kutnohorsko","erik.51_record_infantryGroup1","51_record_infantryGroup1","erik","Civitas Pragensis","False","False","True","0","0","0","none","","","","","","","False","","Barbora/kutnohorsko/erik/divadlo_v_pozad.xml"
"M47","erik","kutnohorsko","erik.52_record_cavalryGroup3","52_record_cavalryGroup3","erik","Civitas Pragensis","False","False","True","0","0","0","none","","","","","","","False","","Barbora/kutnohorsko/erik/divadlo_v_pozad.xml"
"M47","erik","kutnohorsko","erik.53_record_infantryGroup2","53_record_infantryGroup2","erik","Civitas Pragensis","False","False","True","0","0","0","none","","","","","","","False","","Barbora/kutnohorsko/erik/divadlo_v_pozad.xml"
"M47","erik","kutnohorsko","erik.02_nastavit_louceniSRozou","02_nastavit_louceniSRozou","erik","Civitas Pragensis","False","False","True","0","0","0","none","","","","","","","False","","Barbora/kutnohorsko/erik/haste.xml"
"M47","erik","kutnohorsko","erik.03_nastartovat_nahravani","03_nastartovat_nahravani","erik","Civitas Pragensis","False","False","True","0","0","0","none","","","","","","","False","","Barbora/kutnohorsko/erik/haste.xml"
"M47","erik","kutnohorsko","erik.10_nastartovat_quest","10_nastartovat_quest","erik","Civitas Pragensis","False","False","True","0","0","0","none","","","","","","","False","","Barbora/kutnohorsko/erik/haste.xml"
"M47","erik","kutnohorsko","erik.cutsceneProfiling_arrivalDuel","cutsceneProfiling_arrivalDuel","erik","Civitas Pragensis","False","False","True","0","0","0","none","","","","","","","False","","Barbora/kutnohorsko/erik/profilovani_cutscen.xml"
"M47","erik","kutnohorsko","erik.cutsceneProfiling_erikLoses","cutsceneProfiling_erikLoses","erik","Civitas Pragensis","False","False","True","0","0","0","none","","","","","","","False","","Barbora/kutnohorsko/erik/profilovani_cutscen.xml"
"M47","erik","kutnohorsko","erik.cutsceneProfiling_suchdolSiege","cutsceneProfiling_suchdolSiege","erik","Civitas Pragensis","False","False","True","0","0","0","none","","","","","","","False","","Barbora/kutnohorsko/erik/profilovani_cutscen.xml"
"M48a","oblehaniSuchdole","kutnohorsko","oblehaniSuchdole._streamSecondPhase","_streamSecondPhase","oblehanisuchdole","So it begins…","False","False","True","0","0","0","none","","","","","","","False","","Barbora/kutnohorsko/oblehaniSuchdole.xml"
"M48a","oblehaniSuchdole","kutnohorsko","oblehaniSuchdole.000_oblehaniStart","000_oblehaniStart","oblehanisuchdole","So it begins…","False","True","True","5","0","0","ent","chain","","","","oblehaniSuchdole_zizkaVezeZasobyAJeNapaden_player","","True","","Barbora/kutnohorsko/oblehaniSuchdole.xml"
"M48a","oblehaniSuchdole","kutnohorsko","oblehaniSuchdole.001_disableAdditionalSoldiers","001_disableAdditionalSoldiers","oblehanisuchdole","So it begins…","False","False","True","0","0","0","none","","","","","","","False","","Barbora/kutnohorsko/oblehaniSuchdole.xml"
"M48a","oblehaniSuchdole","kutnohorsko","oblehaniSuchdole.002_disableAlliedTrackview","002_disableAlliedTrackview","oblehanisuchdole","So it begins…","False","False","True","0","0","0","none","","","","","","","False","","Barbora/kutnohorsko/oblehaniSuchdole.xml"
"M48a","oblehaniSuchdole","kutnohorsko","oblehaniSuchdole.003_disableBackgroundTrackview","003_disableBackgroundTrackview","oblehanisuchdole","So it begins…","False","False","True","0","0","0","none","","","","","","","False","","Barbora/kutnohorsko/oblehaniSuchdole.xml"
"M48a","oblehaniSuchdole","kutnohorsko","oblehaniSuchdole.004_disableBackgroundTrackview_loop","004_disableBackgroundTrackview_loop","oblehanisuchdole","So it begins…","False","False","True","0","0","0","none","","","","","","","False","","Barbora/kutnohorsko/oblehaniSuchdole.xml"
"M48a","oblehaniSuchdole","kutnohorsko","oblehaniSuchdole.005_setBattleContextLow","005_setBattleContextLow","oblehanisuchdole","So it begins…","False","False","True","0","0","0","none","","","","","","","False","","Barbora/kutnohorsko/oblehaniSuchdole.xml"
"M48a","oblehaniSuchdole","kutnohorsko","oblehaniSuchdole.010_bitva","010_bitva","oblehanisuchdole","So it begins…","False","False","True","0","0","0","none","","","","","","","False","","Barbora/kutnohorsko/oblehaniSuchdole.xml"
"M48a","oblehaniSuchdole","kutnohorsko","oblehaniSuchdole.011_unstreamParticles","011_unstreamParticles","oblehanisuchdole","So it begins…","False","False","True","0","0","0","none","","","","","","","False","","Barbora/kutnohorsko/oblehaniSuchdole.xml"
"M48a","oblehaniSuchdole","kutnohorsko","oblehaniSuchdole.020_prohlidka","020_prohlidka","oblehanisuchdole","So it begins…","False","False","True","0","0","0","none","","","","","","","False","","Barbora/kutnohorsko/oblehaniSuchdole.xml"
"M48a","oblehaniSuchdole","kutnohorsko","oblehaniSuchdole.030_nocniHlidka","030_nocniHlidka","oblehanisuchdole","So it begins…","False","False","True","0","1","0","ent","own","","","","oblehaniSuchdole_talkSpotPavises3","","False","","Barbora/kutnohorsko/oblehaniSuchdole.xml"
"M48a","oblehaniSuchdole","kutnohorsko","oblehaniSuchdole.040_nahravani","040_nahravani","oblehanisuchdole","So it begins…","False","False","True","0","0","0","none","","","","","","","False","","Barbora/kutnohorsko/oblehaniSuchdole.xml"
"M48a","oblehaniSuchdole","kutnohorsko","oblehaniSuchdole.050_killMikesAndKozlikIfStreamed","050_killMikesAndKozlikIfStreamed","oblehanisuchdole","So it begins…","False","False","True","0","0","0","none","","","","","","","False","","Barbora/kutnohorsko/oblehaniSuchdole.xml"
"M48a","oblehaniSuchdole","kutnohorsko","oblehaniSuchdole.051_killMikesIfStreamed","051_killMikesIfStreamed","oblehanisuchdole","So it begins…","False","False","True","0","0","0","none","","","","","","","False","","Barbora/kutnohorsko/oblehaniSuchdole.xml"
"M48a","oblehaniSuchdole","kutnohorsko","oblehaniSuchdole.052_killKozlikIfStreamed","052_killKozlikIfStreamed","oblehanisuchdole","So it begins…","False","False","True","0","0","0","none","","","","","","","False","","Barbora/kutnohorsko/oblehaniSuchdole.xml"
"M48a","oblehaniSuchdole","kutnohorsko","oblehaniSuchdole.endPreviousQuest","endPreviousQuest","oblehanisuchdole","So it begins…","False","True","False","2","0","0","none","","","","","","","False","","Barbora/kutnohorsko/oblehaniSuchdole.xml"
"M48a","oblehaniSuchdole","kutnohorsko","oblehaniSuchdole.endQuest","endQuest","oblehanisuchdole","So it begins…","False","True","True","17","0","0","none","","","","","","","False","","Barbora/kutnohorsko/oblehaniSuchdole.xml"
"M48a","oblehaniSuchdole","kutnohorsko","oblehaniSuchdole.teleportStart","teleportStart","oblehanisuchdole","So it begins…","False","False","False","0","1","0","ent","own","","","","oblehaniSuchdole_zizkaVezeZasobyAJeNapaden_player","","False","","Barbora/kutnohorsko/oblehaniSuchdole.xml"
"M48a","oblehaniSuchdole","kutnohorsko","oblehaniSuchdole._timedGateGO_15","_timedGateGO_15","oblehanisuchdole","So it begins…","False","False","True","0","0","0","none","","","","","","","False","","Barbora/kutnohorsko/oblehaniSuchdole/prazane_utoci_z_pochodu_na_predhradi.xml"
"M48a","oblehaniSuchdole","kutnohorsko","oblehaniSuchdole.012_konecBitvy","012_konecBitvy","oblehanisuchdole","So it begins…","False","False","True","0","0","0","none","","","","","","","False","","Barbora/kutnohorsko/oblehaniSuchdole/prazane_utoci_z_pochodu_na_predhradi.xml"
"M48a","oblehaniSuchdole","kutnohorsko","oblehaniSuchdole.017_lowerNPCLimit15","017_lowerNPCLimit15","oblehanisuchdole","So it begins…","False","False","True","0","0","0","none","","","","","","","False","","Barbora/kutnohorsko/oblehaniSuchdole/prazane_utoci_z_pochodu_na_predhradi.xml"
"M48a","oblehaniSuchdole","kutnohorsko","oblehaniSuchdole.018_lowerNPCLimit20","018_lowerNPCLimit20","oblehanisuchdole","So it begins…","False","False","True","0","0","0","none","","","","","","","False","","Barbora/kutnohorsko/oblehaniSuchdole/prazane_utoci_z_pochodu_na_predhradi.xml"
"M48a","oblehaniSuchdole","kutnohorsko","oblehaniSuchdole.019_resetNPCLimit","019_resetNPCLimit","oblehanisuchdole","So it begins…","False","False","True","0","0","0","none","","","","","","","False","","Barbora/kutnohorsko/oblehaniSuchdole/prazane_utoci_z_pochodu_na_predhradi.xml"
"M48a","oblehaniSuchdole","kutnohorsko","oblehaniSuchdole.test_patchDisappearingNPCsSuchdolNightAttack","test_patchDisappearingNPCsSuchdolNightAttack","oblehanisuchdole","So it begins…","False","False","True","0","0","0","none","","","","","","","False","","Barbora/kutnohorsko/oblehaniSuchdole/hibernables.xml"
"M48a","oblehaniSuchdole","kutnohorsko","oblehaniSuchdole._record","_record","oblehanisuchdole","So it begins…","False","False","True","0","0","0","none","","","","","","","False","","Barbora/kutnohorsko/oblehaniSuchdole/nahravani_divadla.xml"
"M48a","oblehaniSuchdole","kutnohorsko","oblehaniSuchdole._record_start","_record_start","oblehanisuchdole","So it begins…","False","False","True","0","0","0","none","","","","","","","False","","Barbora/kutnohorsko/oblehaniSuchdole/nahravani_divadla.xml"
"M48a","oblehaniSuchdole","kutnohorsko","oblehaniSuchdole._record_stop","_record_stop","oblehanisuchdole","So it begins…","False","False","True","0","0","0","none","","","","","","","False","","Barbora/kutnohorsko/oblehaniSuchdole/nahravani_divadla.xml"
"M48a","oblehaniSuchdole","kutnohorsko","oblehaniSuchdole.60_nocniUtok_flee","60_nocniUtok_flee","oblehanisuchdole","So it begins…","False","False","True","0","0","0","none","","","","","","","False","","Barbora/kutnohorsko/oblehaniSuchdole/nahravani_nocniho_utoku.xml"
"M48a","oblehaniSuchdole","kutnohorsko","oblehaniSuchdole.0110_utokSeZebriky","0110_utokSeZebriky","oblehanisuchdole","So it begins…","False","False","True","0","0","0","none","","","","","","","False","","Barbora/kutnohorsko/oblehaniSuchdole/prazane_utoci_z_pochodu_na_predhradi/haste.xml"
"M48a","oblehaniSuchdole","kutnohorsko","oblehaniSuchdole.0131_pavezyC1_move","0131_pavezyC1_move","oblehanisuchdole","So it begins…","False","False","True","0","0","0","none","","","","","","","False","","Barbora/kutnohorsko/oblehaniSuchdole/prazane_utoci_z_pochodu_na_predhradi/haste.xml"
"M48a","oblehaniSuchdole","kutnohorsko","oblehaniSuchdole.0131_pavezyC2_move","0131_pavezyC2_move","oblehanisuchdole","So it begins…","False","False","True","0","0","0","none","","","","","","","False","","Barbora/kutnohorsko/oblehaniSuchdole/prazane_utoci_z_pochodu_na_predhradi/haste.xml"
"M48a","oblehaniSuchdole","kutnohorsko","oblehaniSuchdole.0132_pavezyC1_flee","0132_pavezyC1_flee","oblehanisuchdole","So it begins…","False","False","True","0","0","0","none","","","","","","","False","","Barbora/kutnohorsko/oblehaniSuchdole/prazane_utoci_z_pochodu_na_predhradi/haste.xml"
"M48a","oblehaniSuchdole","kutnohorsko","oblehaniSuchdole.0133_pavezyC2_flee","0133_pavezyC2_flee","oblehanisuchdole","So it begins…","False","False","True","0","0","0","none","","","","","","","False","","Barbora/kutnohorsko/oblehaniSuchdole/prazane_utoci_z_pochodu_na_predhradi/haste.xml"
"M48a","oblehaniSuchdole","kutnohorsko","oblehaniSuchdole.0134_pavezyCAll_move","0134_pavezyCAll_move","oblehanisuchdole","So it begins…","False","False","True","0","0","0","none","","","","","","","False","","Barbora/kutnohorsko/oblehaniSuchdole/prazane_utoci_z_pochodu_na_predhradi/haste.xml"
"M48a","oblehaniSuchdole","kutnohorsko","oblehaniSuchdole.0141_utocniciNaBranu_move1","0141_utocniciNaBranu_move1","oblehanisuchdole","So it begins…","False","False","True","0","0","0","none","","","","","","","False","","Barbora/kutnohorsko/oblehaniSuchdole/prazane_utoci_z_pochodu_na_predhradi/haste.xml"
"M48a","oblehaniSuchdole","kutnohorsko","oblehaniSuchdole.0141_utocniciNaBranu_move2","0141_utocniciNaBranu_move2","oblehanisuchdole","So it begins…","False","False","True","0","0","0","none","","","","","","","False","","Barbora/kutnohorsko/oblehaniSuchdole/prazane_utoci_z_pochodu_na_predhradi/haste.xml"
"M48a","oblehaniSuchdole","kutnohorsko","oblehaniSuchdole.0142_utocniciNaBranu_flee","0142_utocniciNaBranu_flee","oblehanisuchdole","So it begins…","False","False","True","0","0","0","none","","","","","","","False","","Barbora/kutnohorsko/oblehaniSuchdole/prazane_utoci_z_pochodu_na_predhradi/haste.xml"
"M48a","oblehaniSuchdole","kutnohorsko","oblehaniSuchdole.0142_utocniciNaBranu_flee_konecNahravani","0142_utocniciNaBranu_flee_konecNahravani","oblehanisuchdole","So it begins…","False","False","True","0","0","0","none","","","","","","","False","","Barbora/kutnohorsko/oblehaniSuchdole/prazane_utoci_z_pochodu_na_predhradi/haste.xml"
"M48a","oblehaniSuchdole","kutnohorsko","oblehaniSuchdole.0150_groupA_record_move","0150_groupA_record_move","oblehanisuchdole","So it begins…","False","False","True","0","0","0","none","","","","","","","False","","Barbora/kutnohorsko/oblehaniSuchdole/prazane_utoci_z_pochodu_na_predhradi/haste.xml"
"M48a","oblehaniSuchdole","kutnohorsko","oblehaniSuchdole.0151_groupA_record_move_1","0151_groupA_record_move_1","oblehanisuchdole","So it begins…","False","False","True","0","0","0","none","","","","","","","False","","Barbora/kutnohorsko/oblehaniSuchdole/prazane_utoci_z_pochodu_na_predhradi/haste.xml"
"M48a","oblehaniSuchdole","kutnohorsko","oblehaniSuchdole.0152_groupA_record_flee","0152_groupA_record_flee","oblehanisuchdole","So it begins…","False","False","True","0","0","0","none","","","","","","","False","","Barbora/kutnohorsko/oblehaniSuchdole/prazane_utoci_z_pochodu_na_predhradi/haste.xml"
"M48a","oblehaniSuchdole","kutnohorsko","oblehaniSuchdole.0160_groupB_record_move","0160_groupB_record_move","oblehanisuchdole","So it begins…","False","False","True","0","0","0","none","","","","","","","False","","Barbora/kutnohorsko/oblehaniSuchdole/prazane_utoci_z_pochodu_na_predhradi/haste.xml"
"M48a","oblehaniSuchdole","kutnohorsko","oblehaniSuchdole.0161_groupB_record_flee","0161_groupB_record_flee","oblehanisuchdole","So it begins…","False","False","True","0","0","0","none","","","","","","","False","","Barbora/kutnohorsko/oblehaniSuchdole/prazane_utoci_z_pochodu_na_predhradi/haste.xml"
"M48a","oblehaniSuchdole","kutnohorsko","oblehaniSuchdole.0170_ladders","0170_ladders","oblehanisuchdole","So it begins…","False","False","True","0","0","0","none","","","","","","","False","","Barbora/kutnohorsko/oblehaniSuchdole/prazane_utoci_z_pochodu_na_predhradi/haste.xml"
"M48a","oblehaniSuchdole","kutnohorsko","oblehaniSuchdole._hodor_1","_hodor_1","oblehanisuchdole","So it begins…","False","False","True","0","0","0","none","","","","","","","False","","Barbora/kutnohorsko/oblehaniSuchdole/prazane_utoci_z_pochodu_na_predhradi/divadlo_v_predhradi.xml"
"M48a","oblehaniSuchdole","kutnohorsko","oblehaniSuchdole._hodor_1_stop","_hodor_1_stop","oblehanisuchdole","So it begins…","False","False","True","0","0","0","none","","","","","","","False","","Barbora/kutnohorsko/oblehaniSuchdole/prazane_utoci_z_pochodu_na_predhradi/divadlo_v_predhradi.xml"
"M48a","oblehaniSuchdole","kutnohorsko","oblehaniSuchdole._hodor_2","_hodor_2","oblehanisuchdole","So it begins…","False","False","True","0","0","0","none","","","","","","","False","","Barbora/kutnohorsko/oblehaniSuchdole/prazane_utoci_z_pochodu_na_predhradi/divadlo_v_predhradi.xml"
"M48a","oblehaniSuchdole","kutnohorsko","oblehaniSuchdole._hodor_2_stop","_hodor_2_stop","oblehanisuchdole","So it begins…","False","False","True","0","0","0","none","","","","","","","False","","Barbora/kutnohorsko/oblehaniSuchdole/prazane_utoci_z_pochodu_na_predhradi/divadlo_v_predhradi.xml"
"M48a","oblehaniSuchdole","kutnohorsko","oblehaniSuchdole.startRecordingHalberdiers","startRecordingHalberdiers","oblehanisuchdole","So it begins…","False","False","True","0","0","0","none","","","","","","","False","","Barbora/kutnohorsko/oblehaniSuchdole/prazane_utoci_z_pochodu_na_predhradi/divadlo_v_predhradi.xml"
"M48a","oblehaniSuchdole","kutnohorsko","oblehaniSuchdole.021_startVerbovani","021_startVerbovani","oblehanisuchdole","So it begins…","False","False","True","0","0","0","none","","","","","","","False","","Barbora/kutnohorsko/oblehaniSuchdole/hibernables/prohlidka_hradu.xml"
"M48a","oblehaniSuchdole","kutnohorsko","oblehaniSuchdole.022_rozkazy_rozdany","022_rozkazy_rozdany","oblehanisuchdole","So it begins…","False","False","True","0","0","0","none","","","","","","","False","","Barbora/kutnohorsko/oblehaniSuchdole/hibernables/prohlidka_hradu.xml"
"M48a","oblehaniSuchdole","kutnohorsko","oblehaniSuchdole.031_konecTimeruAStartUtoku","031_konecTimeruAStartUtoku","oblehanisuchdole","So it begins…","False","False","True","0","0","0","none","","","","","","","False","","Barbora/kutnohorsko/oblehaniSuchdole/hibernables/nocni_hlidka.xml"
"M48a","oblehaniSuchdole","kutnohorsko","oblehaniSuchdole._999_nightAttack_ladderSetupFinished","_999_nightAttack_ladderSetupFinished","oblehanisuchdole","So it begins…","False","False","True","0","0","0","none","","","","","","","False","","Barbora/kutnohorsko/oblehaniSuchdole/hibernables/nocni_utok/animchari_a_zebriky.xml"
"M48a","oblehaniSuchdole","kutnohorsko","oblehaniSuchdole.032_konecNocnihoUtoku","032_konecNocnihoUtoku","oblehanisuchdole","So it begins…","False","False","True","0","0","0","none","","","","","","","False","","Barbora/kutnohorsko/oblehaniSuchdole/hibernables/nocni_utok/podminky_vitezstviprohry.xml"
"M48b","rutinaAVypad","kutnohorsko","rutinaAVypad.02_initWithoutCS_previousQuest","02_initWithoutCS_previousQuest","m48b__rutina_a_vypad","Besieged","False","True","True","3","0","0","none","","","","","","","False","","Barbora/kutnohorsko/rutinaAVypad.xml"
"M48b","rutinaAVypad","kutnohorsko","rutinaAVypad.03_initWithoutCS_trackview","03_initWithoutCS_trackview","m48b__rutina_a_vypad","Besieged","False","False","True","0","0","0","none","","","","","","","False","","Barbora/kutnohorsko/rutinaAVypad.xml"
"M48b","rutinaAVypad","kutnohorsko","rutinaAVypad.clen_jednotky_dobros","clen_jednotky_dobros","m48b__rutina_a_vypad","Besieged","False","False","True","0","0","0","none","","","","","","","False","","Barbora/kutnohorsko/rutinaAVypad/haste_verbovani_a_sklad.xml"
"M48b","rutinaAVypad","kutnohorsko","rutinaAVypad.clen_jednotky_kozlik","clen_jednotky_kozlik","m48b__rutina_a_vypad","Besieged","False","False","True","0","0","0","none","","","","","","","False","","Barbora/kutnohorsko/rutinaAVypad/haste_verbovani_a_sklad.xml"
"M48b","rutinaAVypad","kutnohorsko","rutinaAVypad.clen_jednotky_mikes","clen_jednotky_mikes","m48b__rutina_a_vypad","Besieged","False","False","True","0","0","0","none","","","","","","","False","","Barbora/kutnohorsko/rutinaAVypad/haste_verbovani_a_sklad.xml"
"M48b","rutinaAVypad","kutnohorsko","rutinaAVypad.clen_jednotky_wolfram","clen_jednotky_wolfram","m48b__rutina_a_vypad","Besieged","False","False","True","0","0","0","none","","","","","","","False","","Barbora/kutnohorsko/rutinaAVypad/haste_verbovani_a_sklad.xml"
"M48b","rutinaAVypad","kutnohorsko","rutinaAVypad.jindra_naprasil_certa","jindra_naprasil_certa","m48b__rutina_a_vypad","Besieged","False","False","True","0","0","0","none","","","","","","","False","","Barbora/kutnohorsko/rutinaAVypad/haste_verbovani_a_sklad.xml"
"M48b","rutinaAVypad","kutnohorsko","rutinaAVypad.sklad_zbrani_byl_znicen","sklad_zbrani_byl_znicen","m48b__rutina_a_vypad","Besieged","False","False","True","0","0","0","none","","","","","","","False","","Barbora/kutnohorsko/rutinaAVypad/haste_verbovani_a_sklad.xml"
"M48b","rutinaAVypad","kutnohorsko","rutinaAVypad.01_initAndStart","01_initAndStart","m48b__rutina_a_vypad","Besieged","False","True","True","2","0","0","none","","","","","","","False","","Barbora/kutnohorsko/rutinaAVypad/haste.xml"
"M48b","rutinaAVypad","kutnohorsko","rutinaAVypad.endPreviousQuest","endPreviousQuest","m48b__rutina_a_vypad","Besieged","False","True","False","1","0","0","none","","","","","","","False","","Barbora/kutnohorsko/rutinaAVypad/haste.xml"
"M48b","rutinaAVypad","kutnohorsko","rutinaAVypad.endQuest","endQuest","m48b__rutina_a_vypad","Besieged","False","True","False","5","0","0","none","","","","","","","False","","Barbora/kutnohorsko/rutinaAVypad/haste.xml"
"M48b","rutinaAVypad","kutnohorsko","rutinaAVypad.goto_bohuta","goto_bohuta","m48b__rutina_a_vypad","Besieged","False","False","False","0","1","0","ent","own","","","","tneb_bohuta","","False","","Barbora/kutnohorsko/rutinaAVypad/haste.xml"
"M48b","rutinaAVypad","kutnohorsko","rutinaAVypad.goto_cert","goto_cert","m48b__rutina_a_vypad","Besieged","False","False","False","0","1","0","ent","own","","","","kcer_suchyCert","","False","","Barbora/kutnohorsko/rutinaAVypad/haste.xml"
"M48b","rutinaAVypad","kutnohorsko","rutinaAVypad.goto_dobros","goto_dobros","m48b__rutina_a_vypad","Besieged","False","False","False","0","1","0","ent","own","","","","ksuc_dobros","","False","","Barbora/kutnohorsko/rutinaAVypad/haste.xml"
"M48b","rutinaAVypad","kutnohorsko","rutinaAVypad.goto_janek","goto_janek","m48b__rutina_a_vypad","Besieged","False","False","False","0","1","0","ent","own","","","","oblehaniSuchdole_janek","","False","","Barbora/kutnohorsko/rutinaAVypad/haste.xml"
"M48b","rutinaAVypad","kutnohorsko","rutinaAVypad.goto_jaroslav","goto_jaroslav","m48b__rutina_a_vypad","Besieged","False","False","False","0","1","0","ent","own","","","","oblehaniSuchdole_jaroslav","","False","","Barbora/kutnohorsko/rutinaAVypad/haste.xml"
"M48b","rutinaAVypad","kutnohorsko","rutinaAVypad.goto_kozlik","goto_kozlik","m48b__rutina_a_vypad","Besieged","False","False","False","0","1","0","ent","own","","","","tneb_kozlik","","False","","Barbora/kutnohorsko/rutinaAVypad/haste.xml"
"M48b","rutinaAVypad","kutnohorsko","rutinaAVypad.goto_kubenka","goto_kubenka","m48b__rutina_a_vypad","Besieged","False","False","False","0","1","0","ent","own","","","","kcer_kubenka","","False","","Barbora/kutnohorsko/rutinaAVypad/haste.xml"
"M48b","rutinaAVypad","kutnohorsko","rutinaAVypad.goto_mikes","goto_mikes","m48b__rutina_a_vypad","Besieged","False","False","False","0","1","0","ent","own","","","","tneb_mikes","","False","","Barbora/kutnohorsko/rutinaAVypad/haste.xml"
"M48b","rutinaAVypad","kutnohorsko","rutinaAVypad.goto_ptacek","goto_ptacek","m48b__rutina_a_vypad","Besieged","False","False","False","0","1","0","ent","own","","","","tkop_ptacek","","False","","Barbora/kutnohorsko/rutinaAVypad/haste.xml"
"M48b","rutinaAVypad","kutnohorsko","rutinaAVypad.goto_sam","goto_sam","m48b__rutina_a_vypad","Besieged","False","False","False","0","1","0","ent","own","","","","kkut_samuel","","False","","Barbora/kutnohorsko/rutinaAVypad/haste.xml"
"M48b","rutinaAVypad","kutnohorsko","rutinaAVypad.goto_wolfram","goto_wolfram","m48b__rutina_a_vypad","Besieged","False","False","False","0","1","0","ent","own","","","","ksuc_wolfram","","False","","Barbora/kutnohorsko/rutinaAVypad/haste.xml"
"M48b","rutinaAVypad","kutnohorsko","rutinaAVypad._vypadSkoncil","_vypadSkoncil","m48b__rutina_a_vypad","Besieged","False","False","True","0","0","0","none","","","","","","","False","","Barbora/kutnohorsko/rutinaAVypad/hibernace.xml"
"M48b","rutinaAVypad","kutnohorsko","rutinaAVypad.cutscene_assault_result_fail","cutscene_assault_result_fail","m48b__rutina_a_vypad","Besieged","False","True","True","1","0","0","none","","","","","","","False","","Barbora/kutnohorsko/rutinaAVypad/hibernace/rutina_oblehani__open_world_a_vypad.xml"
"M48b","rutinaAVypad","kutnohorsko","rutinaAVypad.cutscene_assault_result_success","cutscene_assault_result_success","m48b__rutina_a_vypad","Besieged","False","True","True","1","0","0","none","","","","","","","False","","Barbora/kutnohorsko/rutinaAVypad/hibernace/rutina_oblehani__open_world_a_vypad.xml"
"M48b","rutinaAVypad","kutnohorsko","rutinaAVypad.verbovani","verbovani","m48b__rutina_a_vypad","Besieged","False","False","True","0","0","0","none","","","","","","","False","","Barbora/kutnohorsko/rutinaAVypad/hibernace/rutina_oblehani__open_world_a_vypad/vyber_muzu_pro_vypad.xml"
"M48b","rutinaAVypad","kutnohorsko","rutinaAVypad.debug_start_vypad","debug_start_vypad","m48b__rutina_a_vypad","Besieged","False","True","True","1","0","0","none","","","","","","","False","","Barbora/kutnohorsko/rutinaAVypad/hibernace/rutina_oblehani__open_world_a_vypad/aktivace_vypadu.xml"
"M48b","rutinaAVypad","kutnohorsko","rutinaAVypad.fail","fail","m48b__rutina_a_vypad","Besieged","False","False","True","0","0","0","none","","","","","","","False","","Barbora/kutnohorsko/rutinaAVypad/hibernace/rutina_oblehani__open_world_a_vypad/vypad_z_hradu.xml"
"M48b","rutinaAVypad","kutnohorsko","rutinaAVypad.success","success","m48b__rutina_a_vypad","Besieged","False","False","True","0","0","0","none","","","","","","","False","","Barbora/kutnohorsko/rutinaAVypad/hibernace/rutina_oblehani__open_world_a_vypad/vypad_z_hradu.xml"
"M48b","rutinaAVypad","kutnohorsko","rutinaAVypad._rec_attackers","_rec_attackers","m48b__rutina_a_vypad","Besieged","False","False","True","0","0","0","none","","","","","","","False","","Barbora/kutnohorsko/rutinaAVypad/hibernace/nahravani/attackers.xml"
"M48b","rutinaAVypad","kutnohorsko","rutinaAVypad._patrolGroup_end","_patrolGroup_end","m48b__rutina_a_vypad","Besieged","False","False","True","0","0","0","none","","","","","","","False","","Barbora/kutnohorsko/rutinaAVypad/hibernace/nahravani/pesi_patrola.xml"
"M48b","rutinaAVypad","kutnohorsko","rutinaAVypad._patrolGroup_start","_patrolGroup_start","m48b__rutina_a_vypad","Besieged","False","False","True","0","0","0","none","","","","","","","False","","Barbora/kutnohorsko/rutinaAVypad/hibernace/nahravani/pesi_patrola.xml"
"M48b","rutinaAVypad","kutnohorsko","rutinaAVypad._mountedPatrol","_mountedPatrol","m48b__rutina_a_vypad","Besieged","False","False","True","0","0","0","none","","","","","","","False","","Barbora/kutnohorsko/rutinaAVypad/hibernace/nahravani/jizdni_patrola.xml"
"M48b","rutinaAVypad","kutnohorsko","rutinaAVypad._start","_start","m48b__rutina_a_vypad","Besieged","False","False","True","0","0","0","none","","","","","","","False","","Barbora/kutnohorsko/rutinaAVypad/hibernace/nahravani/jizdni_patrola.xml"
"M48b","rutinaAVypad","kutnohorsko","rutinaAVypad._stop","_stop","m48b__rutina_a_vypad","Besieged","False","False","True","0","0","0","none","","","","","","","False","","Barbora/kutnohorsko/rutinaAVypad/hibernace/nahravani/jizdni_patrola.xml"
"M48b","rutinaAVypad","kutnohorsko","rutinaAVypad._halberdPatrol_move","_halberdPatrol_move","m48b__rutina_a_vypad","Besieged","False","False","True","0","0","0","none","","","","","","","False","","Barbora/kutnohorsko/rutinaAVypad/hibernace/nahravani/pesi_patrola_halapartniku.xml"
"M48b","rutinaAVypad","kutnohorsko","rutinaAVypad._halberdPatrol_move_done","_halberdPatrol_move_done","m48b__rutina_a_vypad","Besieged","False","False","True","0","0","0","none","","","","","","","False","","Barbora/kutnohorsko/rutinaAVypad/hibernace/nahravani/pesi_patrola_halapartniku.xml"
"M48b","rutinaAVypad","kutnohorsko","rutinaAVypad._assaultGroup","_assaultGroup","m48b__rutina_a_vypad","Besieged","False","False","True","0","0","0","none","","","","","","","False","","Barbora/kutnohorsko/rutinaAVypad/hibernace/nahravani/assault_group.xml"
"M48b","rutinaAVypad","kutnohorsko","rutinaAVypad._start_AssaultGroup","_start_AssaultGroup","m48b__rutina_a_vypad","Besieged","False","False","True","0","0","0","none","","","","","","","False","","Barbora/kutnohorsko/rutinaAVypad/hibernace/nahravani/assault_group.xml"
"M48b","rutinaAVypad","kutnohorsko","rutinaAVypad._stop_AssaultGroup","_stop_AssaultGroup","m48b__rutina_a_vypad","Besieged","False","False","True","0","0","0","none","","","","","","","False","","Barbora/kutnohorsko/rutinaAVypad/hibernace/nahravani/assault_group.xml"
"M48b","rutinaAVypad","kutnohorsko","rutinaAVypad.__01_gatheringEnemies_stream","__01_gatheringEnemies_stream","m48b__rutina_a_vypad","Besieged","False","False","True","0","0","0","none","","","","","","","False","","Barbora/kutnohorsko/rutinaAVypad/hibernace/nahravani/gatheringenemies.xml"
"M48b","rutinaAVypad","kutnohorsko","rutinaAVypad.__02_gatheringEnemies_wait","__02_gatheringEnemies_wait","m48b__rutina_a_vypad","Besieged","False","False","True","0","0","0","none","","","","","","","False","","Barbora/kutnohorsko/rutinaAVypad/hibernace/nahravani/gatheringenemies.xml"
"M48b","rutinaAVypad","kutnohorsko","rutinaAVypad.__03_gatheringEnemies_move_2_group","__03_gatheringEnemies_move_2_group","m48b__rutina_a_vypad","Besieged","False","False","True","0","0","0","none","","","","","","","False","","Barbora/kutnohorsko/rutinaAVypad/hibernace/nahravani/gatheringenemies.xml"
"M48b","rutinaAVypad","kutnohorsko","rutinaAVypad.__04_gatheringEnemies_move_all","__04_gatheringEnemies_move_all","m48b__rutina_a_vypad","Besieged","False","False","True","0","0","0","none","","","","","","","False","","Barbora/kutnohorsko/rutinaAVypad/hibernace/nahravani/gatheringenemies.xml"
"M48b","rutinaAVypad","kutnohorsko","rutinaAVypad.__05_gatheringEnemies_move_all_2","__05_gatheringEnemies_move_all_2","m48b__rutina_a_vypad","Besieged","False","False","True","0","0","0","none","","","","","","","False","","Barbora/kutnohorsko/rutinaAVypad/hibernace/nahravani/gatheringenemies.xml"
"M48b","rutinaAVypad","kutnohorsko","rutinaAVypad.__06_gatheringEnemies_done","__06_gatheringEnemies_done","m48b__rutina_a_vypad","Besieged","False","False","True","0","0","0","none","","","","","","","False","","Barbora/kutnohorsko/rutinaAVypad/hibernace/nahravani/gatheringenemies.xml"
"M48b","rutinaAVypad","kutnohorsko","rutinaAVypad._record_healPoint","_record_healPoint","m48b__rutina_a_vypad","Besieged","False","False","True","0","0","0","none","","","","","","","False","","Barbora/kutnohorsko/rutinaAVypad/hibernace/nahravani/heal_point.xml"
"M48b","rutinaAVypad","kutnohorsko","rutinaAVypad._stream_healPoint","_stream_healPoint","m48b__rutina_a_vypad","Besieged","False","False","True","0","0","0","none","","","","","","","False","","Barbora/kutnohorsko/rutinaAVypad/hibernace/nahravani/heal_point.xml"
"M48b","rutinaAVypad","kutnohorsko","rutinaAVypad._recordEnd_confusedSoldiers","_recordEnd_confusedSoldiers","m48b__rutina_a_vypad","Besieged","False","False","True","0","0","0","none","","","","","","","False","","Barbora/kutnohorsko/rutinaAVypad/hibernace/nahravani/confused_soldiers.xml"
"M48b","rutinaAVypad","kutnohorsko","rutinaAVypad._stream_confusedSoldiers","_stream_confusedSoldiers","m48b__rutina_a_vypad","Besieged","False","False","True","0","0","0","none","","","","","","","False","","Barbora/kutnohorsko/rutinaAVypad/hibernace/nahravani/confused_soldiers.xml"
"M48b","rutinaAVypad","kutnohorsko","rutinaAVypad._rec_enemy_pavise","_rec_enemy_pavise","m48b__rutina_a_vypad","Besieged","False","False","True","0","0","0","none","","","","","","","False","","Barbora/kutnohorsko/rutinaAVypad/hibernace/nahravani/pavise.xml"
"M48b","rutinaAVypad","kutnohorsko","rutinaAVypad._rec_stop_pavise","_rec_stop_pavise","m48b__rutina_a_vypad","Besieged","False","False","True","0","0","0","none","","","","","","","False","","Barbora/kutnohorsko/rutinaAVypad/hibernace/nahravani/pavise.xml"
"M48b","rutinaAVypad","kutnohorsko","rutinaAVypad.rec_move_enemy_archers","rec_move_enemy_archers","m48b__rutina_a_vypad","Besieged","False","False","True","0","0","0","none","","","","","","","False","","Barbora/kutnohorsko/rutinaAVypad/hibernace/nahravani/archersgunners.xml"
"M48b","rutinaAVypad","kutnohorsko","rutinaAVypad.rec_move_enemy_archers_done","rec_move_enemy_archers_done","m48b__rutina_a_vypad","Besieged","False","False","True","0","0","0","none","","","","","","","False","","Barbora/kutnohorsko/rutinaAVypad/hibernace/nahravani/archersgunners.xml"
"M48b","rutinaAVypad","kutnohorsko","rutinaAVypad._extras_guards","_extras_guards","m48b__rutina_a_vypad","Besieged","False","False","True","0","0","0","none","","","","","","","False","","Barbora/kutnohorsko/rutinaAVypad/hibernace/nahravani/idle_extras.xml"
"M48b","rutinaAVypad","kutnohorsko","rutinaAVypad._extras_guards_done","_extras_guards_done","m48b__rutina_a_vypad","Besieged","False","False","True","0","0","0","none","","","","","","","False","","Barbora/kutnohorsko/rutinaAVypad/hibernace/nahravani/idle_extras.xml"
"M48b","rutinaAVypad","kutnohorsko","rutinaAVypad.start_archery","start_archery","m48b__rutina_a_vypad","Besieged","False","False","True","0","0","0","none","","","","","","","False","","Barbora/kutnohorsko/rutinaAVypad/hibernace/rutina_oblehani__open_world_a_vypad/vypad_z_hradu/teleport_npc_a_unstream.xml"
"M48b","rutinaAVypad","kutnohorsko","rutinaAVypad.start_gunners","start_gunners","m48b__rutina_a_vypad","Besieged","False","False","True","0","0","0","none","","","","","","","False","","Barbora/kutnohorsko/rutinaAVypad/hibernace/rutina_oblehani__open_world_a_vypad/vypad_z_hradu/teleport_npc_a_unstream.xml"
"M48b","rutinaAVypad","kutnohorsko","rutinaAVypad._fail","_fail","m48b__rutina_a_vypad","Besieged","False","False","True","0","0","0","none","","","","","","","False","","Barbora/kutnohorsko/rutinaAVypad/hibernace/rutina_oblehani__open_world_a_vypad/vypad_z_hradu/vypad.xml"
"M48b","rutinaAVypad","kutnohorsko","rutinaAVypad._success","_success","m48b__rutina_a_vypad","Besieged","False","False","True","0","0","0","none","","","","","","","False","","Barbora/kutnohorsko/rutinaAVypad/hibernace/rutina_oblehani__open_world_a_vypad/vypad_z_hradu/vypad.xml"
"M48b","rutinaAVypad","kutnohorsko","rutinaAVypad.kill_enemy_paviseArchers","kill_enemy_paviseArchers","m48b__rutina_a_vypad","Besieged","False","False","True","0","0","0","none","","","","","","","False","","Barbora/kutnohorsko/rutinaAVypad/hibernace/rutina_oblehani__open_world_a_vypad/vypad_z_hradu/vypad/n4_faze_vypadu.xml"
"M48b","rutinaAVypad","kutnohorsko","rutinaAVypad.start_pavise","start_pavise","m48b__rutina_a_vypad","Besieged","False","False","True","0","0","0","none","","","","","","","False","","Barbora/kutnohorsko/rutinaAVypad/hibernace/rutina_oblehani__open_world_a_vypad/vypad_z_hradu/vypad/n4_faze_vypadu.xml"
"M48b","rutinaAVypad","kutnohorsko","rutinaAVypad.kill_enemy_archers","kill_enemy_archers","m48b__rutina_a_vypad","Besieged","False","False","True","0","0","0","none","","","","","","","False","","Barbora/kutnohorsko/rutinaAVypad/hibernace/rutina_oblehani__open_world_a_vypad/vypad_z_hradu/vypad/n2_faze_vypadu/strelci.xml"
"M48b","rutinaAVypad","kutnohorsko","rutinaAVypad.kill_enemy_gunners","kill_enemy_gunners","m48b__rutina_a_vypad","Besieged","False","False","True","0","0","0","none","","","","","","","False","","Barbora/kutnohorsko/rutinaAVypad/hibernace/rutina_oblehani__open_world_a_vypad/vypad_z_hradu/vypad/n2_faze_vypadu/strelci.xml"
"M48b","rutinaAVypad","kutnohorsko","rutinaAVypad.kill_enemy_attackers","kill_enemy_attackers","m48b__rutina_a_vypad","Besieged","False","False","True","0","0","0","none","","","","","","","False","","Barbora/kutnohorsko/rutinaAVypad/hibernace/rutina_oblehani__open_world_a_vypad/vypad_z_hradu/vypad/n2_faze_vypadu/fight_mezi_vypadniky.xml"
"M48b","rutinaAVypad","kutnohorsko","rutinaAVypad.__gatheringEnemies","__gatheringEnemies","m48b__rutina_a_vypad","Besieged","False","False","True","0","0","0","none","","","","","","","False","","Barbora/kutnohorsko/rutinaAVypad/hibernace/rutina_oblehani__open_world_a_vypad/vypad_z_hradu/vypad/n4_faze_vypadu/divadlo_na_pozadi.xml"
"M48c","hladAZmar","kutnohorsko","hladAZmar.01_initAndStart","01_initAndStart","m48c__hlad_a_zmar","Hunger and Despair","False","True","True","11","0","0","none","","","","","","","False","","Barbora/kutnohorsko/hladAZmar.xml"
"M48c","hladAZmar","kutnohorsko","hladAZmar.endPreviousQuest","endPreviousQuest","m48c__hlad_a_zmar","Hunger and Despair","False","True","False","1","0","0","none","","","","","","","False","","Barbora/kutnohorsko/hladAZmar.xml"
"M48c","hladAZmar","kutnohorsko","hladAZmar.endQuest","endQuest","m48c__hlad_a_zmar","Hunger and Despair","False","True","True","17","0","0","none","","","","","","","False","","Barbora/kutnohorsko/hladAZmar.xml"
"M48c","hladAZmar","kutnohorsko","hladAZmar.dobros_in_team","dobros_in_team","m48c__hlad_a_zmar","Hunger and Despair","False","False","True","0","0","0","none","","","","","","","False","","Barbora/kutnohorsko/hladAZmar/haste__cleny_jednotky.xml"
"M48c","hladAZmar","kutnohorsko","hladAZmar.kozlik_in_team","kozlik_in_team","m48c__hlad_a_zmar","Hunger and Despair","False","False","True","0","0","0","none","","","","","","","False","","Barbora/kutnohorsko/hladAZmar/haste__cleny_jednotky.xml"
"M48c","hladAZmar","kutnohorsko","hladAZmar.mikes_in_team","mikes_in_team","m48c__hlad_a_zmar","Hunger and Despair","False","False","True","0","0","0","none","","","","","","","False","","Barbora/kutnohorsko/hladAZmar/haste__cleny_jednotky.xml"
"M48c","hladAZmar","kutnohorsko","hladAZmar.wolfram_in_team","wolfram_in_team","m48c__hlad_a_zmar","Hunger and Despair","False","False","True","0","0","0","none","","","","","","","False","","Barbora/kutnohorsko/hladAZmar/haste__cleny_jednotky.xml"
"M48c","hladAZmar","kutnohorsko","hladAZmar.beforeSermon_playerHasDog","beforeSermon_playerHasDog","m48c__hlad_a_zmar","Hunger and Despair","False","False","True","0","0","0","none","","","","","","","False","","Barbora/kutnohorsko/hladAZmar/h/open_world__hlad_shaneni_jidla_pohreb.xml"
"M48c","hladAZmar","kutnohorsko","hladAZmar.hideBeforeBattleMainObjective","hideBeforeBattleMainObjective","m48c__hlad_a_zmar","Hunger and Despair","False","False","True","0","0","0","none","","","","","","","False","","Barbora/kutnohorsko/hladAZmar/h/open_world__hlad_shaneni_jidla_pohreb.xml"
"M48c","hladAZmar","kutnohorsko","hladAZmar.bohutaPreaching_cutscene","bohutaPreaching_cutscene","m48c__hlad_a_zmar","Hunger and Despair","False","True","True","1","0","0","none","","","","","","","False","","Barbora/kutnohorsko/hladAZmar/h/bohuta_kaze.xml"
"M48c","hladAZmar","kutnohorsko","hladAZmar.romanceKaterina_japaneseVersion","romanceKaterina_japaneseVersion","m48c__hlad_a_zmar","Hunger and Despair","False","False","True","0","0","0","none","","","","","","","False","","Barbora/kutnohorsko/hladAZmar/h/cin_m4890k_oblehanisuchdol__katerina_romance.xml"
"M48c","hladAZmar","kutnohorsko","hladAZmar.romancePtacek_japaneseVersion","romancePtacek_japaneseVersion","m48c__hlad_a_zmar","Hunger and Despair","False","False","True","0","0","0","none","","","","","","","False","","Barbora/kutnohorsko/hladAZmar/h/cin_m4895k_oblehanisuchdol__ptacek_romance.xml"
"M48c","hladAZmar","kutnohorsko","hladAZmar.beforeSermon_end","beforeSermon_end","m48c__hlad_a_zmar","Hunger and Despair","False","False","True","0","0","0","none","","","","","","","False","","Barbora/kutnohorsko/hladAZmar/h/open_world__hlad_shaneni_jidla_pohreb/odevzdani_jidla_ptackovi.xml"
"M48c","hladAZmar","kutnohorsko","hladAZmar.disableLadders","disableLadders","m48c__hlad_a_zmar","Hunger and Despair","False","False","True","0","0","0","none","","","","","","","False","","Barbora/kutnohorsko/hladAZmar/h/celni_utok_prazskeho_vojska/boj_na_hradbach.xml"
"M48c","hladAZmar","kutnohorsko","hladAZmar.streamSouthPalisadeForRecord","streamSouthPalisadeForRecord","m48c__hlad_a_zmar","Hunger and Despair","False","False","True","0","0","0","none","","","","","","","False","","Barbora/kutnohorsko/hladAZmar/h/celni_utok_prazskeho_vojska/streamovani__vez_a_jizni_strana.xml"
"M48c","hladAZmar","kutnohorsko","hladAZmar.killWholePlayersTeam","killWholePlayersTeam","m48c__hlad_a_zmar","Hunger and Despair","False","False","True","0","0","0","none","","","","","","","False","","Barbora/kutnohorsko/hladAZmar/h/celni_utok_prazskeho_vojska/haste__zabit_celou_hracovu_jednotku.xml"
"M48c","hladAZmar","kutnohorsko","hladAZmar.rutinaStatus_success","rutinaStatus_success","m48c__hlad_a_zmar","Hunger and Despair","False","False","True","0","0","0","none","","","","","","","False","","Barbora/kutnohorsko/hladAZmar/h/celni_utok_prazskeho_vojska/haste__stav_rutina.xml"
"M48c","hladAZmar","kutnohorsko","hladAZmar.battle_disableORCA","battle_disableORCA","m48c__hlad_a_zmar","Hunger and Despair","False","False","True","0","0","0","none","","","","","","","False","","Barbora/kutnohorsko/hladAZmar/h/celni_utok_prazskeho_vojska/haste__vypnuti_orca_pro_profiling.xml"
"M48c","hladAZmar","kutnohorsko","hladAZmar.init_battle","init_battle","m48c__hlad_a_zmar","Hunger and Despair","False","True","True","2","0","0","none","","","","","","","False","","Barbora/kutnohorsko/hladAZmar/h/bohuta_kaze/cin_m4860k_oblehanisuchdol__bohuta_preaching/haste__spusteni_bitvy.xml"
"M48c","hladAZmar","kutnohorsko","hladAZmar.battle_skipFirstSection","battle_skipFirstSection","m48c__hlad_a_zmar","Hunger and Despair","False","False","True","0","0","0","none","","","","","","","False","","Barbora/kutnohorsko/hladAZmar/h/celni_utok_prazskeho_vojska/boj_na_hradbach/kontrola_splneni_podminek.xml"
"M48c","hladAZmar","kutnohorsko","hladAZmar.record_horsePatrol_1","record_horsePatrol_1","m48c__hlad_a_zmar","Hunger and Despair","False","False","True","0","0","0","none","","","","","","","False","","Barbora/kutnohorsko/hladAZmar/h/celni_utok_prazskeho_vojska/divadlo_v_pozadi_a_bitva_predhradi/nahravani_trackview__jizdni_spojka_1.xml"
"M48c","hladAZmar","kutnohorsko","hladAZmar.record_horsePatrol_2","record_horsePatrol_2","m48c__hlad_a_zmar","Hunger and Despair","False","False","True","0","0","0","none","","","","","","","False","","Barbora/kutnohorsko/hladAZmar/h/celni_utok_prazskeho_vojska/divadlo_v_pozadi_a_bitva_predhradi/nahravani_trackview__jizdni_spojka_2.xml"
"M48c","hladAZmar","kutnohorsko","hladAZmar.record_archersForecourt","record_archersForecourt","m48c__hlad_a_zmar","Hunger and Despair","False","False","True","0","0","0","none","","","","","","","False","","Barbora/kutnohorsko/hladAZmar/h/celni_utok_prazskeho_vojska/divadlo_v_pozadi_a_bitva_predhradi/nahravani_trackview__strelci_v_predhradi.xml"
"M48c","hladAZmar","kutnohorsko","hladAZmar.record_westPalisade_flee","record_westPalisade_flee","m48c__hlad_a_zmar","Hunger and Despair","False","False","True","0","0","0","none","","","","","","","False","","Barbora/kutnohorsko/hladAZmar/h/celni_utok_prazskeho_vojska/divadlo_v_pozadi_a_bitva_predhradi/nahravani_trackview__nepratele_na_zapadni_strane_utikaji.xml"
"M48c","hladAZmar","kutnohorsko","hladAZmar.record_stationSouth","record_stationSouth","m48c__hlad_a_zmar","Hunger and Despair","False","False","True","0","0","0","none","","","","","","","False","","Barbora/kutnohorsko/hladAZmar/h/celni_utok_prazskeho_vojska/divadlo_v_pozadi_a_bitva_predhradi/nahravani_trackview__stanoviste_jih.xml"
"M48c","hladAZmar","kutnohorsko","hladAZmar.record_southPalisade_flee","record_southPalisade_flee","m48c__hlad_a_zmar","Hunger and Despair","False","True","True","1","0","0","none","","","","","","","False","","Barbora/kutnohorsko/hladAZmar/h/celni_utok_prazskeho_vojska/divadlo_v_pozadi_a_bitva_predhradi/nahravani_trackview__nepratele_na_jizni_strane_utikaji.xml"
"M48c","hladAZmar","kutnohorsko","hladAZmar.record_stationWest","record_stationWest","m48c__hlad_a_zmar","Hunger and Despair","False","False","True","0","0","0","none","","","","","","","False","","Barbora/kutnohorsko/hladAZmar/h/celni_utok_prazskeho_vojska/divadlo_v_pozadi_a_bitva_predhradi/nahravani_trackview__stanoviste_zapad.xml"
"M48c","hladAZmar","kutnohorsko","hladAZmar.winBattle","winBattle","m48c__hlad_a_zmar","Hunger and Despair","False","True","True","1","0","0","none","","","","","","","False","","Barbora/kutnohorsko/hladAZmar/h/celni_utok_prazskeho_vojska/zebriky_na_zadni_hradbe/shozene_vsechny_zebriky.xml"
"M48c","hladAZmar","kutnohorsko","hladAZmar.beforeSermon_getMeetDog","beforeSermon_getMeetDog","m48c__hlad_a_zmar","Hunger and Despair","False","False","True","0","0","0","none","","","","","","","False","","Barbora/kutnohorsko/hladAZmar/h/open_world__hlad_shaneni_jidla_pohreb/shaneni_jidla_a_sezrani_psa/cert_konfrontuje_hrace/zabiti_psa.xml"
"M49","stealthMiseZaJindru","kutnohorsko","stealthMiseZaJindru.endPreviousQuest","endPreviousQuest","stealthmisezajindru","Reckoning","False","True","False","1","0","0","none","","","","","","","False","","Barbora/kutnohorsko/stealthMiseZaJindru.xml"
"M49","stealthMiseZaJindru","kutnohorsko","stealthMiseZaJindru.endQuest","endQuest","stealthmisezajindru","Reckoning","False","False","False","0","0","0","none","","","","","","","False","Function:joinarrays14.Array","Barbora/kutnohorsko/stealthMiseZaJindru.xml"
"M49","stealthMiseZaJindru","kutnohorsko","stealthMiseZaJindru.finishQuest","finishQuest","stealthmisezajindru","Reckoning","False","False","True","0","0","0","none","","","","","","","False","","Barbora/kutnohorsko/stealthMiseZaJindru/hibernable.xml"
"M49","stealthMiseZaJindru","kutnohorsko","stealthMiseZaJindru.01_initAndStart","01_initAndStart","stealthmisezajindru","Reckoning","False","True","True","3","0","0","none","","","","","","","False","","Barbora/kutnohorsko/stealthMiseZaJindru/haste.xml"
"M49","stealthMiseZaJindru","kutnohorsko","stealthMiseZaJindru.02_addWaffenrock","02_addWaffenrock","stealthmisezajindru","Reckoning","False","False","True","0","0","0","none","","","","","","","False","","Barbora/kutnohorsko/stealthMiseZaJindru/haste.xml"
"M49","stealthMiseZaJindru","kutnohorsko","stealthMiseZaJindru.unstreamCustomsOfficer","unstreamCustomsOfficer","stealthmisezajindru","Reckoning","False","False","True","0","0","0","none","","","","","","","False","","Barbora/kutnohorsko/stealthMiseZaJindru/leavelevel.xml"
"M49","stealthMiseZaJindru","kutnohorsko","stealthMiseZaJindru.03_regeneratePassword_Cabraka","03_regeneratePassword_Cabraka","stealthmisezajindru","Reckoning","False","False","True","0","0","0","none","","","","","","","False","","Barbora/kutnohorsko/stealthMiseZaJindru/hibernable/generovani_hesla.xml"
"M49","stealthMiseZaJindru","kutnohorsko","stealthMiseZaJindru.damageToBarabant","damageToBarabant","stealthmisezajindru","Reckoning","False","False","True","0","0","0","none","","","","","","","False","","Barbora/kutnohorsko/stealthMiseZaJindru/hibernable/sam_a_brabant/brabant.xml"
"M50","zoufalaObranaZaBohutu","kutnohorsko","zoufalaObranaZaBohutu.01_initAndStart","01_initAndStart","bitvazabohutu","Last Rites","False","True","True","2","0","0","none","","","","","","","False","","Barbora/kutnohorsko/zoufalaObranaZaBohutu.xml"
"M50","zoufalaObranaZaBohutu","kutnohorsko","zoufalaObranaZaBohutu.startBattle","startBattle","bitvazabohutu","Last Rites","False","False","True","0","0","0","none","","","","","","","False","Function:joinarrays26.Array","Barbora/kutnohorsko/zoufalaObranaZaBohutu.xml"
"M50","zoufalaObranaZaBohutu","kutnohorsko","zoufalaObranaZaBohutu.besiegeSuchdolFortress","besiegeSuchdolFortress","bitvazabohutu","Last Rites","False","True","False","1","0","0","none","","","","","","","False","","Barbora/kutnohorsko/zoufalaObranaZaBohutu/rekonstrukce.xml"
"M50","zoufalaObranaZaBohutu","kutnohorsko","zoufalaObranaZaBohutu.endPreviousQuest","endPreviousQuest","bitvazabohutu","Last Rites","False","True","False","1","0","0","none","","","","","","","False","","Barbora/kutnohorsko/zoufalaObranaZaBohutu/rekonstrukce.xml"
"M50","zoufalaObranaZaBohutu","kutnohorsko","zoufalaObranaZaBohutu.endQuest","endQuest","bitvazabohutu","Last Rites","False","True","False","4","0","0","none","","","","","","","False","","Barbora/kutnohorsko/zoufalaObranaZaBohutu/rekonstrukce.xml"
"M50","zoufalaObranaZaBohutu","kutnohorsko","zoufalaObranaZaBohutu.goToPreviousQuestEndPosition","goToPreviousQuestEndPosition","bitvazabohutu","Last Rites","False","False","False","0","1","0","none","","","","","","","False","","Barbora/kutnohorsko/zoufalaObranaZaBohutu/rekonstrukce.xml"
"M50","zoufalaObranaZaBohutu","kutnohorsko","zoufalaObranaZaBohutu.restoreSuchdolFortress","restoreSuchdolFortress","bitvazabohutu","Last Rites","False","True","False","1","0","0","none","","","","","","","False","","Barbora/kutnohorsko/zoufalaObranaZaBohutu/rekonstrukce.xml"
"M50","zoufalaObranaZaBohutu","kutnohorsko","zoufalaObranaZaBohutu.completeDefendGate","completeDefendGate","bitvazabohutu","Last Rites","False","False","True","0","0","0","none","","","","","","","False","","Barbora/kutnohorsko/zoufalaObranaZaBohutu/zoufala_obrana_za_bohutu/bitevniCast.xml"
"M50","zoufalaObranaZaBohutu","kutnohorsko","zoufalaObranaZaBohutu.completeDefendWall","completeDefendWall","bitvazabohutu","Last Rites","False","False","True","0","0","0","none","","","","","","","False","","Barbora/kutnohorsko/zoufalaObranaZaBohutu/zoufala_obrana_za_bohutu/bitevniCast.xml"
"M50","zoufalaObranaZaBohutu","kutnohorsko","zoufalaObranaZaBohutu.completeFollowCert","completeFollowCert","bitvazabohutu","Last Rites","False","False","True","0","0","0","none","","","","","","","False","","Barbora/kutnohorsko/zoufalaObranaZaBohutu/zoufala_obrana_za_bohutu/bitevniCast.xml"
"M50","zoufalaObranaZaBohutu","kutnohorsko","zoufalaObranaZaBohutu.completeGoToWall","completeGoToWall","bitvazabohutu","Last Rites","False","False","True","0","0","0","none","","","","","","","False","","Barbora/kutnohorsko/zoufalaObranaZaBohutu/zoufala_obrana_za_bohutu/bitevniCast.xml"
"M50","zoufalaObranaZaBohutu","kutnohorsko","zoufalaObranaZaBohutu.completePushDownLadders","completePushDownLadders","bitvazabohutu","Last Rites","False","False","True","0","0","0","none","","","","","","","False","","Barbora/kutnohorsko/zoufalaObranaZaBohutu/zoufala_obrana_za_bohutu/bitevniCast.xml"
"M50","zoufalaObranaZaBohutu","kutnohorsko","zoufalaObranaZaBohutu.axeAttackersToGate","axeAttackersToGate","bitvazabohutu","Last Rites","False","False","True","0","0","0","none","","","","","","","False","","Barbora/kutnohorsko/zoufalaObranaZaBohutu/zoufala_obrana_za_bohutu/bitevniCast/tezkoodenci_se_sikuji_v_predhradi.xml"
"M50","zoufalaObranaZaBohutu","kutnohorsko","zoufalaObranaZaBohutu.finishFirstLimit","finishFirstLimit","bitvazabohutu","Last Rites","False","False","True","0","0","0","none","","","","","","","False","","Barbora/kutnohorsko/zoufalaObranaZaBohutu/zoufala_obrana_za_bohutu/bitevniCast/bitevni_hodiny.xml"
"M50","zoufalaObranaZaBohutu","kutnohorsko","zoufalaObranaZaBohutu.finishSecondLimit","finishSecondLimit","bitvazabohutu","Last Rites","False","False","True","0","0","0","none","","","","","","","False","","Barbora/kutnohorsko/zoufalaObranaZaBohutu/zoufala_obrana_za_bohutu/bitevniCast/bitevni_hodiny.xml"
"M50","zoufalaObranaZaBohutu","kutnohorsko","zoufalaObranaZaBohutu.recordSoldiersMovingAcrossCourtyard","recordSoldiersMovingAcrossCourtyard","bitvazabohutu","Last Rites","False","False","True","0","0","0","none","","","","","","","False","","Barbora/kutnohorsko/zoufalaObranaZaBohutu/hibernable/q/bitva_behem_quest_casti/nahravani.xml"
"M50","zoufalaObranaZaBohutu","kutnohorsko","zoufalaObranaZaBohutu.recordSoldierToOilRoom","recordSoldierToOilRoom","bitvazabohutu","Last Rites","False","False","True","0","0","0","none","","","","","","","False","","Barbora/kutnohorsko/zoufalaObranaZaBohutu/hibernable/q/bitva_behem_quest_casti/nahravani.xml"
"M50","zoufalaObranaZaBohutu","kutnohorsko","zoufalaObranaZaBohutu.recordSoldierToSideWall","recordSoldierToSideWall","bitvazabohutu","Last Rites","False","False","True","0","0","0","none","","","","","","","False","","Barbora/kutnohorsko/zoufalaObranaZaBohutu/hibernable/q/bitva_behem_quest_casti/nahravani.xml"
"M50","zoufalaObranaZaBohutu","kutnohorsko","zoufalaObranaZaBohutu.startAssaultShootersBehavior","startAssaultShootersBehavior","bitvazabohutu","Last Rites","False","False","True","0","0","0","none","","","","","","","False","","Barbora/kutnohorsko/zoufalaObranaZaBohutu/zoufala_obrana_za_bohutu/bitevniCast/nahravani/tezkoodenci.xml"
"M50","zoufalaObranaZaBohutu","kutnohorsko","zoufalaObranaZaBohutu.startAssaultShootersRecordingSession","startAssaultShootersRecordingSession","bitvazabohutu","Last Rites","False","False","True","0","0","0","none","","","","","","","False","","Barbora/kutnohorsko/zoufalaObranaZaBohutu/zoufala_obrana_za_bohutu/bitevniCast/nahravani/tezkoodenci.xml"
"M50","zoufalaObranaZaBohutu","kutnohorsko","zoufalaObranaZaBohutu.startAxeAttackersBehavior","startAxeAttackersBehavior","bitvazabohutu","Last Rites","False","False","True","0","0","0","none","","","","","","","False","","Barbora/kutnohorsko/zoufalaObranaZaBohutu/zoufala_obrana_za_bohutu/bitevniCast/nahravani/tezkoodenci.xml"
"M50","zoufalaObranaZaBohutu","kutnohorsko","zoufalaObranaZaBohutu.startAxeAttackersRecordingSession","startAxeAttackersRecordingSession","bitvazabohutu","Last Rites","False","False","True","0","0","0","none","","","","","","","False","","Barbora/kutnohorsko/zoufalaObranaZaBohutu/zoufala_obrana_za_bohutu/bitevniCast/nahravani/tezkoodenci.xml"
"M50","zoufalaObranaZaBohutu","kutnohorsko","zoufalaObranaZaBohutu.startCommanderBehavior","startCommanderBehavior","bitvazabohutu","Last Rites","False","False","True","0","0","0","none","","","","","","","False","","Barbora/kutnohorsko/zoufalaObranaZaBohutu/zoufala_obrana_za_bohutu/bitevniCast/nahravani/tezkoodenci.xml"
"M50","zoufalaObranaZaBohutu","kutnohorsko","zoufalaObranaZaBohutu.startCommanderRecordingSession","startCommanderRecordingSession","bitvazabohutu","Last Rites","False","False","True","0","0","0","none","","","","","","","False","","Barbora/kutnohorsko/zoufalaObranaZaBohutu/zoufala_obrana_za_bohutu/bitevniCast/nahravani/tezkoodenci.xml"
"M50","zoufalaObranaZaBohutu","kutnohorsko","zoufalaObranaZaBohutu.startMovingSoldiersRecordingSession","startMovingSoldiersRecordingSession","bitvazabohutu","Last Rites","False","False","True","0","0","0","none","","","","","","","False","","Barbora/kutnohorsko/zoufalaObranaZaBohutu/zoufala_obrana_za_bohutu/bitevniCast/nahravani/vojaci_prebihajici_v_predhradi.xml"
"M50","zoufalaObranaZaBohutu","kutnohorsko","zoufalaObranaZaBohutu.startHorseRidersRecordingSession","startHorseRidersRecordingSession","bitvazabohutu","Last Rites","False","False","True","0","0","0","none","","","","","","","False","","Barbora/kutnohorsko/zoufalaObranaZaBohutu/zoufala_obrana_za_bohutu/bitevniCast/nahravani/jezdci_na_konich.xml"
"M50","zoufalaObranaZaBohutu","kutnohorsko","zoufalaObranaZaBohutu.recordSideWallLadderAttackersGroupAFlee","recordSideWallLadderAttackersGroupAFlee","bitvazabohutu","Last Rites","False","False","True","0","0","0","none","","","","","","","False","","Barbora/kutnohorsko/zoufalaObranaZaBohutu/zoufala_obrana_za_bohutu/bitevniCast/nahravani/utocnici_u_bocni_hradby.xml"
"M50","zoufalaObranaZaBohutu","kutnohorsko","zoufalaObranaZaBohutu.recordSideWallLadderAttackersGroupBFlee","recordSideWallLadderAttackersGroupBFlee","bitvazabohutu","Last Rites","False","False","True","0","0","0","none","","","","","","","False","","Barbora/kutnohorsko/zoufalaObranaZaBohutu/zoufala_obrana_za_bohutu/bitevniCast/nahravani/utocnici_u_bocni_hradby.xml"
"M50","zoufalaObranaZaBohutu","kutnohorsko","zoufalaObranaZaBohutu.startSideWallLadderAttackersGroupAFleeBehavior","startSideWallLadderAttackersGroupAFleeBehavior","bitvazabohutu","Last Rites","False","False","True","0","0","0","none","","","","","","","False","","Barbora/kutnohorsko/zoufalaObranaZaBohutu/zoufala_obrana_za_bohutu/bitevniCast/nahravani/utocnici_u_bocni_hradby.xml"
"M50","zoufalaObranaZaBohutu","kutnohorsko","zoufalaObranaZaBohutu.startSideWallLadderAttackersGroupBFleeBehavior","startSideWallLadderAttackersGroupBFleeBehavior","bitvazabohutu","Last Rites","False","False","True","0","0","0","none","","","","","","","False","","Barbora/kutnohorsko/zoufalaObranaZaBohutu/zoufala_obrana_za_bohutu/bitevniCast/nahravani/utocnici_u_bocni_hradby.xml"
"M50","zoufalaObranaZaBohutu","kutnohorsko","zoufalaObranaZaBohutu.recordFrontWallSoldiersInCoverFlee","recordFrontWallSoldiersInCoverFlee","bitvazabohutu","Last Rites","False","False","True","0","0","0","none","","","","","","","False","","Barbora/kutnohorsko/zoufalaObranaZaBohutu/zoufala_obrana_za_bohutu/bitevniCast/nahravani/utocnici_u_predni_hradby.xml"
"M50","zoufalaObranaZaBohutu","kutnohorsko","zoufalaObranaZaBohutu.startFrontWallShootersRecordingSession_1","startFrontWallShootersRecordingSession_1","bitvazabohutu","Last Rites","False","False","True","0","0","0","none","","","","","","","False","","Barbora/kutnohorsko/zoufalaObranaZaBohutu/zoufala_obrana_za_bohutu/bitevniCast/nahravani/strelci_v_predhradi.xml"
"M50","zoufalaObranaZaBohutu","kutnohorsko","zoufalaObranaZaBohutu.startFrontWallShootersRecordingSession_2","startFrontWallShootersRecordingSession_2","bitvazabohutu","Last Rites","False","False","True","0","0","0","none","","","","","","","False","","Barbora/kutnohorsko/zoufalaObranaZaBohutu/zoufala_obrana_za_bohutu/bitevniCast/nahravani/strelci_v_predhradi.xml"
"M50","zoufalaObranaZaBohutu","kutnohorsko","zoufalaObranaZaBohutu.startFrontWallShootersRecordingSession_3","startFrontWallShootersRecordingSession_3","bitvazabohutu","Last Rites","False","False","True","0","0","0","none","","","","","","","False","","Barbora/kutnohorsko/zoufalaObranaZaBohutu/zoufala_obrana_za_bohutu/bitevniCast/nahravani/strelci_v_predhradi.xml"
"M50","zoufalaObranaZaBohutu","kutnohorsko","zoufalaObranaZaBohutu.startFrontWallShootersRecordingSession_4","startFrontWallShootersRecordingSession_4","bitvazabohutu","Last Rites","False","False","True","0","0","0","none","","","","","","","False","","Barbora/kutnohorsko/zoufalaObranaZaBohutu/zoufala_obrana_za_bohutu/bitevniCast/nahravani/strelci_v_predhradi.xml"
"M50","zoufalaObranaZaBohutu","kutnohorsko","zoufalaObranaZaBohutu.startFrontWallShootersRecordingSession_5","startFrontWallShootersRecordingSession_5","bitvazabohutu","Last Rites","False","False","True","0","0","0","none","","","","","","","False","","Barbora/kutnohorsko/zoufalaObranaZaBohutu/zoufala_obrana_za_bohutu/bitevniCast/nahravani/strelci_v_predhradi.xml"
"M50","zoufalaObranaZaBohutu","kutnohorsko","zoufalaObranaZaBohutu.startFrontWallShootersToSideWall_1","startFrontWallShootersToSideWall_1","bitvazabohutu","Last Rites","False","False","True","0","0","0","none","","","","","","","False","","Barbora/kutnohorsko/zoufalaObranaZaBohutu/zoufala_obrana_za_bohutu/bitevniCast/nahravani/strelci_v_predhradi.xml"
"M50","zoufalaObranaZaBohutu","kutnohorsko","zoufalaObranaZaBohutu.startFrontWallShootersToSideWall_2","startFrontWallShootersToSideWall_2","bitvazabohutu","Last Rites","False","False","True","0","0","0","none","","","","","","","False","","Barbora/kutnohorsko/zoufalaObranaZaBohutu/zoufala_obrana_za_bohutu/bitevniCast/nahravani/strelci_v_predhradi.xml"
"M50","zoufalaObranaZaBohutu","kutnohorsko","zoufalaObranaZaBohutu.startFrontWallShootersToSideWall_3","startFrontWallShootersToSideWall_3","bitvazabohutu","Last Rites","False","False","True","0","0","0","none","","","","","","","False","","Barbora/kutnohorsko/zoufalaObranaZaBohutu/zoufala_obrana_za_bohutu/bitevniCast/nahravani/strelci_v_predhradi.xml"
"M50","zoufalaObranaZaBohutu","kutnohorsko","zoufalaObranaZaBohutu.startFrontWallShootersToSideWall_4","startFrontWallShootersToSideWall_4","bitvazabohutu","Last Rites","False","False","True","0","0","0","none","","","","","","","False","","Barbora/kutnohorsko/zoufalaObranaZaBohutu/zoufala_obrana_za_bohutu/bitevniCast/nahravani/strelci_v_predhradi.xml"
"M50","zoufalaObranaZaBohutu","kutnohorsko","zoufalaObranaZaBohutu.startFrontWallShootersToSideWall_5","startFrontWallShootersToSideWall_5","bitvazabohutu","Last Rites","False","False","True","0","0","0","none","","","","","","","False","","Barbora/kutnohorsko/zoufalaObranaZaBohutu/zoufala_obrana_za_bohutu/bitevniCast/nahravani/strelci_v_predhradi.xml"
"M51","finale","kutnohorsko","finale.overrideSamSaved","overrideSamSaved","finale","Judgement Day","False","False","True","0","0","0","none","","","","","","","False","","Barbora/kutnohorsko/finale.xml"
"M51","finale","kutnohorsko","finale.riders_1_Stream","riders_1_Stream","finale","Judgement Day","False","False","True","0","0","0","none","","","","","","","False","","Barbora/kutnohorsko/finale.xml"
"M51","finale","kutnohorsko","finale.riders_2_Start","riders_2_Start","finale","Judgement Day","False","False","True","0","0","0","none","","","","","","","False","","Barbora/kutnohorsko/finale.xml"
"M51","finale","kutnohorsko","finale.riders_3_End","riders_3_End","finale","Judgement Day","False","False","True","0","0","0","none","","","","","","","False","","Barbora/kutnohorsko/finale.xml"
"M51","finale","kutnohorsko","finale._noMarkvart","_noMarkvart","finale","Judgement Day","False","False","True","0","0","0","none","","","","","","","False","","Barbora/kutnohorsko/finale/haste_init_and_start.xml"
"M51","finale","kutnohorsko","finale._skipBattle","_skipBattle","finale","Judgement Day","False","False","True","0","0","0","none","","","","","","","False","","Barbora/kutnohorsko/finale/haste_init_and_start.xml"
"M51","finale","kutnohorsko","finale._skipDialog","_skipDialog","finale","Judgement Day","False","False","True","0","0","0","none","","","","","","","False","","Barbora/kutnohorsko/finale/haste_init_and_start.xml"
"M51","finale","kutnohorsko","finale.01_initAndStart_Mikes_Kozlik_Sam_Dog","01_initAndStart_Mikes_Kozlik_Sam_Dog","finale","Judgement Day","False","True","True","6","0","0","ent","chain","","","","finale_previousQuestEnd","","True","","Barbora/kutnohorsko/finale/haste_init_and_start.xml"
"M51","finale","kutnohorsko","finale.02_initAndStart_Wolfram_Kozlik_Sam_Dog","02_initAndStart_Wolfram_Kozlik_Sam_Dog","finale","Judgement Day","False","True","True","6","0","0","ent","chain","","","","finale_previousQuestEnd","","True","","Barbora/kutnohorsko/finale/haste_init_and_start.xml"
"M51","finale","kutnohorsko","finale.03_initAndStart_Mikes_Dobros_Sam_Dog","03_initAndStart_Mikes_Dobros_Sam_Dog","finale","Judgement Day","False","True","True","6","0","0","ent","chain","","","","finale_previousQuestEnd","","True","","Barbora/kutnohorsko/finale/haste_init_and_start.xml"
"M51","finale","kutnohorsko","finale.04_initAndStart_Wolfram_Dobros_Sam_Dog","04_initAndStart_Wolfram_Dobros_Sam_Dog","finale","Judgement Day","False","True","True","6","0","0","ent","chain","","","","finale_previousQuestEnd","","True","","Barbora/kutnohorsko/finale/haste_init_and_start.xml"
"M51","finale","kutnohorsko","finale.05_initAndStart_Mikes_Kozlik_NoSam_Dog","05_initAndStart_Mikes_Kozlik_NoSam_Dog","finale","Judgement Day","False","True","True","6","0","0","ent","chain","","","","finale_previousQuestEnd","","True","","Barbora/kutnohorsko/finale/haste_init_and_start.xml"
"M51","finale","kutnohorsko","finale.06_initAndStart_Mikes_Kozlik_Sam_NoDog","06_initAndStart_Mikes_Kozlik_Sam_NoDog","finale","Judgement Day","False","True","True","4","0","0","ent","chain","","","","finale_previousQuestEnd","","True","","Barbora/kutnohorsko/finale/haste_init_and_start.xml"
"M51","finale","kutnohorsko","finale.07_initAndStart_Mikes_Kozlik_NoSam_NoDog","07_initAndStart_Mikes_Kozlik_NoSam_NoDog","finale","Judgement Day","False","True","True","4","0","0","ent","chain","","","","finale_previousQuestEnd","","True","","Barbora/kutnohorsko/finale/haste_init_and_start.xml"
"M51","finale","kutnohorsko","finale.08_initAndStart_Wolfram_Kozlik_NoSam_Dog","08_initAndStart_Wolfram_Kozlik_NoSam_Dog","finale","Judgement Day","False","True","True","6","0","0","ent","chain","","","","finale_previousQuestEnd","","True","","Barbora/kutnohorsko/finale/haste_init_and_start.xml"
"M51","finale","kutnohorsko","finale.09_initAndStart_Wolfram_Kozlik_Sam_NoDog","09_initAndStart_Wolfram_Kozlik_Sam_NoDog","finale","Judgement Day","False","True","True","4","0","0","ent","chain","","","","finale_previousQuestEnd","","True","","Barbora/kutnohorsko/finale/haste_init_and_start.xml"
"M51","finale","kutnohorsko","finale.10_initAndStart_Wolfram_Kozlik_NoSam_NoDog","10_initAndStart_Wolfram_Kozlik_NoSam_NoDog","finale","Judgement Day","False","True","True","4","0","0","ent","chain","","","","finale_previousQuestEnd","","True","","Barbora/kutnohorsko/finale/haste_init_and_start.xml"
"M51","finale","kutnohorsko","finale.11_initAndStart_Mikes_Dobros_NoSam_Dog","11_initAndStart_Mikes_Dobros_NoSam_Dog","finale","Judgement Day","False","True","True","6","0","0","ent","chain","","","","finale_previousQuestEnd","","True","","Barbora/kutnohorsko/finale/haste_init_and_start.xml"
"M51","finale","kutnohorsko","finale.12_initAndStart_Mikes_Dobros_Sam_NoDog","12_initAndStart_Mikes_Dobros_Sam_NoDog","finale","Judgement Day","False","True","True","4","0","0","ent","chain","","","","finale_previousQuestEnd","","True","","Barbora/kutnohorsko/finale/haste_init_and_start.xml"
"M51","finale","kutnohorsko","finale.13_initAndStart_Mikes_Dobros_NoSam_NoDog","13_initAndStart_Mikes_Dobros_NoSam_NoDog","finale","Judgement Day","False","True","True","4","0","0","ent","chain","","","","finale_previousQuestEnd","","True","","Barbora/kutnohorsko/finale/haste_init_and_start.xml"
"M51","finale","kutnohorsko","finale.14_initAndStart_Wolfram_Dobros_NoSam_Dog","14_initAndStart_Wolfram_Dobros_NoSam_Dog","finale","Judgement Day","False","True","True","6","0","0","ent","chain","","","","finale_previousQuestEnd","","True","","Barbora/kutnohorsko/finale/haste_init_and_start.xml"
"M51","finale","kutnohorsko","finale.15_initAndStart_Wolfram_Dobros_Sam_NoDog","15_initAndStart_Wolfram_Dobros_Sam_NoDog","finale","Judgement Day","False","True","True","4","0","0","ent","chain","","","","finale_previousQuestEnd","","True","","Barbora/kutnohorsko/finale/haste_init_and_start.xml"
"M51","finale","kutnohorsko","finale.16_initAndStart_Wolfram_Dobros_NoSam_NoDog","16_initAndStart_Wolfram_Dobros_NoSam_NoDog","finale","Judgement Day","False","True","True","4","0","0","ent","chain","","","","finale_previousQuestEnd","","True","","Barbora/kutnohorsko/finale/haste_init_and_start.xml"
"M51","finale","kutnohorsko","finale.commonDebugReconstruction","commonDebugReconstruction","finale","Judgement Day","False","True","False","9","0","0","ent","chain","","","","finale_previousQuestEnd","","False","","Barbora/kutnohorsko/finale/haste_init_and_start.xml"
"M51","finale","kutnohorsko","finale.setSamAlive","setSamAlive","finale","Judgement Day","False","True","False","3","0","0","none","","","","","","","False","","Barbora/kutnohorsko/finale/haste_init_and_start.xml"
"M51","finale","kutnohorsko","finale.teleportBeforeEndPreviousQuest","teleportBeforeEndPreviousQuest","finale","Judgement Day","False","False","False","0","1","0","ent","own","","","","finale_previousQuestEnd","","False","","Barbora/kutnohorsko/finale/haste_init_and_start.xml"
"M51","finale","kutnohorsko","finale.59_alternativeMotherFatherDialogue","59_alternativeMotherFatherDialogue","finale","Judgement Day","False","False","True","0","0","0","none","","","","","","","False","","Barbora/kutnohorsko/finale/hibernation.xml"
"M51","finale","kutnohorsko","finale.endPreviousQuest","endPreviousQuest","finale","Judgement Day","False","True","False","2","0","0","none","","","","","","","False","","Barbora/kutnohorsko/finale/haste_world_reconstruction.xml"
"M51","finale","kutnohorsko","finale.endQuest","endQuest","finale","Judgement Day","False","True","True","2","0","0","none","","","","","","","False","","Barbora/kutnohorsko/finale/haste_world_reconstruction.xml"
"M51","finale","kutnohorsko","finale._skipActiveBattle","_skipActiveBattle","finale","Judgement Day","False","False","True","0","0","0","none","","","","","","","False","","Barbora/kutnohorsko/finale/hibernation/finale_bitva_na_nadvori.xml"
"M51","finale","kutnohorsko","finale._returnSwordToHanus","_returnSwordToHanus","finale","Judgement Day","False","False","True","0","0","0","none","","","","","","","False","","Barbora/kutnohorsko/finale/hibernation/brouseni_mece.xml"
"M51","finale","kutnohorsko","finale._sharpenSwordObjectiveActive","_sharpenSwordObjectiveActive","finale","Judgement Day","False","False","True","0","0","0","none","","","","","","","False","","Barbora/kutnohorsko/finale/hibernation/brouseni_mece.xml"
"M51","finale","kutnohorsko","finale.hangedSamuel","hangedSamuel","finale","Judgement Day","False","False","True","0","0","0","none","","","","","","","False","","Barbora/kutnohorsko/finale/hibernation/obeseny_sam.xml"
"M51","finale","kutnohorsko","finale.talkToRacekObjective","talkToRacekObjective","finale","Judgement Day","False","False","True","0","0","0","none","","","","","","","False","","Barbora/kutnohorsko/finale/hibernation/hrac_jde_za_rackem.xml"
"M51","finale","kutnohorsko","finale.20_skipToCutscenesAndDialogs","20_skipToCutscenesAndDialogs","finale","Judgement Day","False","False","True","0","0","0","none","","","","","","","False","","Barbora/kutnohorsko/finale/hibernation/cin_m5130k_finale__tree_dream.xml"
"M51","finale","kutnohorsko","finale.motherFatherDialogue_forceBadReputation","motherFatherDialogue_forceBadReputation","finale","Judgement Day","False","False","True","0","0","0","none","","","","","","","False","","Barbora/kutnohorsko/finale/hibernation/finalni_polylog_s_rodici.xml"
"M51","finale","kutnohorsko","finale.motherFatherDialogue_forceGoodReputation","motherFatherDialogue_forceGoodReputation","finale","Judgement Day","False","False","True","0","0","0","none","","","","","","","False","","Barbora/kutnohorsko/finale/hibernation/finalni_polylog_s_rodici.xml"
"M51","finale","kutnohorsko","finale.motherFatherDialogue_overrideBrabantKill","motherFatherDialogue_overrideBrabantKill","finale","Judgement Day","False","False","True","0","0","0","none","","","","","","","False","","Barbora/kutnohorsko/finale/hibernation/finalni_polylog_s_rodici.xml"
"M51","finale","kutnohorsko","finale.motherFatherDialogue_overrideDatingTereza","motherFatherDialogue_overrideDatingTereza","finale","Judgement Day","False","False","True","0","0","0","none","","","","","","","False","","Barbora/kutnohorsko/finale/hibernation/finalni_polylog_s_rodici.xml"
"M51","finale","kutnohorsko","finale.motherFatherDialogue_overrideKillingMarkvart","motherFatherDialogue_overrideKillingMarkvart","finale","Judgement Day","False","False","True","0","0","0","none","","","","","","","False","","Barbora/kutnohorsko/finale/hibernation/finalni_polylog_s_rodici.xml"
"M51","finale","kutnohorsko","finale.motherFatherDialogue_overrideMalesovKillings","motherFatherDialogue_overrideMalesovKillings","finale","Judgement Day","False","False","True","0","0","0","none","","","","","","","False","","Barbora/kutnohorsko/finale/hibernation/finalni_polylog_s_rodici.xml"
"M51","finale","kutnohorsko","finale.motherFatherDialogue_overrideManyKillings","motherFatherDialogue_overrideManyKillings","finale","Judgement Day","False","False","True","0","0","0","none","","","","","","","False","","Barbora/kutnohorsko/finale/hibernation/finalni_polylog_s_rodici.xml"
"M51","finale","kutnohorsko","finale.motherFatherDialogue_overrideManyStolenThings","motherFatherDialogue_overrideManyStolenThings","finale","Judgement Day","False","False","True","0","0","0","none","","","","","","","False","","Barbora/kutnohorsko/finale/hibernation/finalni_polylog_s_rodici.xml"
"M51","finale","kutnohorsko","finale.motherFatherDialogue_overridePistaHonorKill","motherFatherDialogue_overridePistaHonorKill","finale","Judgement Day","False","False","True","0","0","0","none","","","","","","","False","","Barbora/kutnohorsko/finale/hibernation/finalni_polylog_s_rodici.xml"
"M51","finale","kutnohorsko","finale.motherFatherDialogue_overrideSeminBurning","motherFatherDialogue_overrideSeminBurning","finale","Judgement Day","False","False","True","0","0","0","none","","","","","","","False","","Barbora/kutnohorsko/finale/hibernation/finalni_polylog_s_rodici.xml"
"M51","finale","kutnohorsko","finale.30_skipToFinalCutscenesAfterDialog","30_skipToFinalCutscenesAfterDialog","finale","Judgement Day","False","False","True","0","0","0","none","","","","","","","False","","Barbora/kutnohorsko/finale/hibernation/cin_m5140k_finale__radzig_sword.xml"
"M51","finale","kutnohorsko","finale._instantCredits","_instantCredits","finale","Judgement Day","False","False","True","0","0","0","none","","","","","","","False","","Barbora/kutnohorsko/finale/hibernation/titulky.xml"
"M51","finale","kutnohorsko","finale.finalni_polylog_merged.motherFatherDialogue_forceBadReputation","motherFatherDialogue_forceBadReputation","finale","Judgement Day","True","False","True","0","0","0","none","","","","","","","False","","Barbora/kutnohorsko/finale/hibernation/finalni_polylog_merged.xml"
"M51","finale","kutnohorsko","finale.finalni_polylog_merged.motherFatherDialogue_forceGoodReputation","motherFatherDialogue_forceGoodReputation","finale","Judgement Day","True","False","True","0","0","0","none","","","","","","","False","","Barbora/kutnohorsko/finale/hibernation/finalni_polylog_merged.xml"
"M51","finale","kutnohorsko","finale.finalni_polylog_merged.motherFatherDialogue_overrideBrabantKill","motherFatherDialogue_overrideBrabantKill","finale","Judgement Day","True","False","True","0","0","0","none","","","","","","","False","","Barbora/kutnohorsko/finale/hibernation/finalni_polylog_merged.xml"
"M51","finale","kutnohorsko","finale.finalni_polylog_merged.motherFatherDialogue_overrideDatingTereza","motherFatherDialogue_overrideDatingTereza","finale","Judgement Day","True","False","True","0","0","0","none","","","","","","","False","","Barbora/kutnohorsko/finale/hibernation/finalni_polylog_merged.xml"
"M51","finale","kutnohorsko","finale.finalni_polylog_merged.motherFatherDialogue_overrideKillingMarkvart","motherFatherDialogue_overrideKillingMarkvart","finale","Judgement Day","True","False","True","0","0","0","none","","","","","","","False","","Barbora/kutnohorsko/finale/hibernation/finalni_polylog_merged.xml"
"M51","finale","kutnohorsko","finale.finalni_polylog_merged.motherFatherDialogue_overrideMalesovKillings","motherFatherDialogue_overrideMalesovKillings","finale","Judgement Day","True","False","True","0","0","0","none","","","","","","","False","","Barbora/kutnohorsko/finale/hibernation/finalni_polylog_merged.xml"
"M51","finale","kutnohorsko","finale.finalni_polylog_merged.motherFatherDialogue_overrideManyKillings","motherFatherDialogue_overrideManyKillings","finale","Judgement Day","True","False","True","0","0","0","none","","","","","","","False","","Barbora/kutnohorsko/finale/hibernation/finalni_polylog_merged.xml"
"M51","finale","kutnohorsko","finale.finalni_polylog_merged.motherFatherDialogue_overrideManyStolenThings","motherFatherDialogue_overrideManyStolenThings","finale","Judgement Day","True","False","True","0","0","0","none","","","","","","","False","","Barbora/kutnohorsko/finale/hibernation/finalni_polylog_merged.xml"
"M51","finale","kutnohorsko","finale.finalni_polylog_merged.motherFatherDialogue_overridePistaHonorKill","motherFatherDialogue_overridePistaHonorKill","finale","Judgement Day","True","False","True","0","0","0","none","","","","","","","False","","Barbora/kutnohorsko/finale/hibernation/finalni_polylog_merged.xml"
"M51","finale","kutnohorsko","finale.finalni_polylog_merged.motherFatherDialogue_overrideSeminBurning","motherFatherDialogue_overrideSeminBurning","finale","Judgement Day","True","False","True","0","0","0","none","","","","","","","False","","Barbora/kutnohorsko/finale/hibernation/finalni_polylog_merged.xml"
"M51","finale","kutnohorsko","finale.dogRevelationActive","dogRevelationActive","finale","Judgement Day","False","False","True","0","0","0","none","","","","","","","False","","Barbora/kutnohorsko/finale/hibernation/hrac_jde_za_rackem/navrat_psa.xml"
"M51","finale","kutnohorsko","finale._lockMarkvartDoors","_lockMarkvartDoors","finale","Judgement Day","False","False","True","0","0","0","none","","","","","","","False","","Barbora/kutnohorsko/finale/hibernation/hrac_jde_za_rackem/mrtvy_markvart.xml"
"M51","finale","kutnohorsko","finale.findMarkvart","findMarkvart","finale","Judgement Day","False","False","True","0","0","0","none","","","","","","","False","","Barbora/kutnohorsko/finale/hibernation/hrac_jde_za_rackem/mrtvy_markvart.xml"
"M51","finale","kutnohorsko","finale.motherFatherDialogue_overrideKaterinaRomance","motherFatherDialogue_overrideKaterinaRomance","finale","Judgement Day","False","False","True","0","0","0","none","","","","","","","False","","Barbora/kutnohorsko/finale/hibernation/finalni_polylog_s_rodici/romance_override.xml"
"M51","finale","kutnohorsko","finale.motherFatherDialogue_overridePtacekRomance","motherFatherDialogue_overridePtacekRomance","finale","Judgement Day","False","False","True","0","0","0","none","","","","","","","False","","Barbora/kutnohorsko/finale/hibernation/finalni_polylog_s_rodici/romance_override.xml"
"M51","finale","kutnohorsko","finale.motherFatherDialogue_overrideRozaRomance","motherFatherDialogue_overrideRozaRomance","finale","Judgement Day","False","False","True","0","0","0","none","","","","","","","False","","Barbora/kutnohorsko/finale/hibernation/finalni_polylog_s_rodici/romance_override.xml"
"M51","finale","kutnohorsko","finale.finalni_polylog_merged.motherFatherDialogue_overrideKaterinaRomance","motherFatherDialogue_overrideKaterinaRomance","finale","Judgement Day","True","False","True","0","0","0","none","","","","","","","False","","Barbora/kutnohorsko/finale/hibernation/finalni_polylog_merged/romance_override.xml"
"M51","finale","kutnohorsko","finale.finalni_polylog_merged.motherFatherDialogue_overridePtacekRomance","motherFatherDialogue_overridePtacekRomance","finale","Judgement Day","True","False","True","0","0","0","none","","","","","","","False","","Barbora/kutnohorsko/finale/hibernation/finalni_polylog_merged/romance_override.xml"
"M51","finale","kutnohorsko","finale.finalni_polylog_merged.motherFatherDialogue_overrideRozaRomance","motherFatherDialogue_overrideRozaRomance","finale","Judgement Day","True","False","True","0","0","0","none","","","","","","","False","","Barbora/kutnohorsko/finale/hibernation/finalni_polylog_merged/romance_override.xml"
